quantile,npv_eur
0.0,-202863.0
0.0001,-202652.012
0.0002,-202441.024
0.00030000000000000003,-202230.036
0.0004,-202019.048
0.0005,-201808.06
0.0006000000000000001,-201597.072
0.0007,-201386.084
0.0008,-201175.096
0.0009000000000000001,-200964.108
0.001,-200753.12
0.0011,-200542.132
0.0012000000000000001,-200331.144
0.0013000000000000002,-200120.156
0.0014,-199909.168
0.0015,-199698.18
0.0016,-199487.192
0.0017000000000000001,-199276.204
0.0018000000000000002,-199065.216
0.0019,-198854.228
0.002,-198643.24
0.0021000000000000003,-198432.252
0.0022,-198221.264
0.0023,-198010.276
0.0024000000000000002,-197799.288
0.0025,-197588.3
0.0026000000000000003,-197377.312
0.0027,-197166.324
0.0028,-196955.336
0.0029000000000000002,-196744.348
0.003,-196533.36
0.0031000000000000003,-196322.372
0.0032,-196111.384
0.0033,-195900.396
0.0034000000000000002,-195689.408
0.0035,-195478.42
0.0036000000000000003,-195267.432
0.0037,-195056.444
0.0038,-194845.456
0.0039000000000000003,-194634.468
0.004,-194423.48
0.0041,-194212.492
0.004200000000000001,-194001.504
0.0043,-193790.516
0.0044,-193579.528
0.0045000000000000005,-193368.54
0.0046,-193157.552
0.0047,-192946.564
0.0048000000000000004,-192735.576
0.0049,-192524.588
0.005,-192313.6
0.0051,-192102.612
0.005200000000000001,-191891.624
0.0053,-191680.636
0.0054,-191469.648
0.0055000000000000005,-191258.66
0.0056,-191047.672
0.0057,-190836.684
0.0058000000000000005,-190625.696
0.0059,-190414.708
0.006,-190203.72
0.0061,-189992.732
0.006200000000000001,-189781.744
0.0063,-189570.756
0.0064,-189359.768
0.006500000000000001,-189148.78
0.0066,-188937.792
0.0067,-188726.804
0.0068000000000000005,-188515.816
0.006900000000000001,-188304.828
0.007,-188093.84
0.0071,-187882.852
0.007200000000000001,-187671.864
0.0073,-187460.876
0.0074,-187249.888
0.007500000000000001,-187038.9
0.0076,-186827.912
0.0077,-186616.924
0.0078000000000000005,-186405.936
0.0079,-186194.948
0.008,-185983.96
0.0081,-185772.972
0.0082,-185561.984
0.0083,-185350.99599999998
0.008400000000000001,-185140.008
0.0085,-184929.02
0.0086,-184718.032
0.008700000000000001,-184507.044
0.0088,-184296.056
0.0089,-184085.068
0.009000000000000001,-183874.08
0.0091,-183663.092
0.0092,-183452.104
0.009300000000000001,-183241.116
0.0094,-183030.128
0.0095,-182819.14
0.009600000000000001,-182608.152
0.0097,-182397.164
0.0098,-182186.176
0.0099,-181975.188
0.01,-181764.2
0.010100000000000001,-181553.212
0.0102,-181342.224
0.0103,-181131.236
0.010400000000000001,-180920.248
0.0105,-180709.26
0.0106,-180498.272
0.010700000000000001,-180287.28399999999
0.0108,-180076.296
0.0109,-179865.308
0.011000000000000001,-179654.32
0.0111,-179443.332
0.0112,-179232.344
0.011300000000000001,-179021.356
0.0114,-178810.368
0.0115,-178599.38
0.011600000000000001,-178388.392
0.0117,-178177.404
0.0118,-177966.416
0.0119,-177755.428
0.012,-177544.44
0.012100000000000001,-177333.452
0.0122,-177122.464
0.0123,-176911.476
0.012400000000000001,-176700.488
0.0125,-176489.5
0.0126,-176278.512
0.012700000000000001,-176067.524
0.0128,-175856.536
0.0129,-175645.548
0.013000000000000001,-175434.56
0.0131,-175223.572
0.0132,-175012.584
0.013300000000000001,-174801.596
0.0134,-174590.608
0.0135,-174379.62
0.013600000000000001,-174168.63199999998
0.0137,-173957.644
0.013800000000000002,-173746.656
0.013900000000000001,-173535.668
0.014,-173324.68
0.014100000000000001,-173113.69199999998
0.0142,-172902.704
0.0143,-172691.71600000001
0.014400000000000001,-172480.728
0.0145,-172269.74
0.0146,-172058.752
0.014700000000000001,-171847.764
0.0148,-171636.776
0.0149,-171425.788
0.015000000000000001,-171214.8
0.0151,-171003.812
0.0152,-170792.824
0.015300000000000001,-170581.836
0.0154,-170370.848
0.0155,-170159.86
0.015600000000000001,-169948.872
0.015700000000000002,-169737.884
0.0158,-169526.896
0.0159,-169315.908
0.016,-169104.91999999998
0.0161,-168893.932
0.0162,-168682.94400000002
0.016300000000000002,-168471.956
0.0164,-168260.968
0.0165,-168049.97999999998
0.0166,-167838.992
0.0167,-167628.00400000002
0.016800000000000002,-167417.016
0.016900000000000002,-167206.028
0.017,-166995.04
0.0171,-166784.052
0.0172,-166573.064
0.0173,-166362.076
0.017400000000000002,-166151.088
0.0175,-165940.1
0.0176,-165729.112
0.0177,-165518.124
0.0178,-165307.136
0.0179,-165096.148
0.018000000000000002,-164885.16
0.0181,-164674.172
0.0182,-164463.184
0.0183,-164252.196
0.0184,-164041.20799999998
0.018500000000000003,-163830.22
0.018600000000000002,-163619.232
0.0187,-163408.244
0.0188,-163197.256
0.0189,-162986.26799999998
0.019,-162775.28
0.019100000000000002,-162564.292
0.019200000000000002,-162353.304
0.0193,-162142.316
0.0194,-161931.328
0.0195,-161720.34
0.0196,-161509.352
0.019700000000000002,-161298.364
0.0198,-161087.376
0.0199,-160876.388
0.02,-160665.4
0.0201,-160454.412
0.020200000000000003,-160243.424
0.020300000000000002,-160032.436
0.0204,-159821.448
0.0205,-159610.46
0.0206,-159399.472
0.0207,-159188.484
0.020800000000000003,-158977.49599999998
0.020900000000000002,-158766.508
0.021,-158555.52
0.0211,-158344.532
0.0212,-158133.544
0.0213,-157922.556
0.021400000000000002,-157711.568
0.021500000000000002,-157500.58
0.0216,-157289.592
0.0217,-157078.604
0.0218,-156867.616
0.0219,-156656.628
0.022000000000000002,-156445.63999999998
0.0221,-156234.652
0.0222,-156023.664
0.0223,-155812.676
0.0224,-155601.688
0.022500000000000003,-155390.7
0.022600000000000002,-155179.712
0.0227,-154968.724
0.0228,-154757.736
0.0229,-154546.748
0.023,-154335.76
0.023100000000000002,-154124.772
0.023200000000000002,-153913.78399999999
0.0233,-153702.796
0.0234,-153491.808
0.0235,-153280.82
0.0236,-153069.832
0.023700000000000002,-152858.84399999998
0.0238,-152647.856
0.0239,-152436.868
0.024,-152225.88
0.0241,-152014.892
0.024200000000000003,-151803.90399999998
0.024300000000000002,-151592.916
0.0244,-151381.928
0.0245,-151170.94
0.0246,-150959.952
0.0247,-150748.964
0.024800000000000003,-150537.976
0.024900000000000002,-150326.988
0.025,-150116.0
0.0251,-149905.012
0.0252,-149694.024
0.0253,-149483.036
0.025400000000000002,-149272.048
0.025500000000000002,-149061.06
0.0256,-148850.072
0.0257,-148639.084
0.0258,-148428.096
0.025900000000000003,-148217.108
0.026000000000000002,-148006.12
0.0261,-147795.13199999998
0.0262,-147584.144
0.0263,-147373.156
0.0264,-147162.168
0.026500000000000003,-146951.18
0.026600000000000002,-146740.19199999998
0.0267,-146529.204
0.0268,-146318.21600000001
0.0269,-146107.228
0.027,-145896.24
0.027100000000000003,-145685.25199999998
0.027200000000000002,-145474.264
0.0273,-145263.276
0.0274,-145052.288
0.0275,-144841.3
0.027600000000000003,-144630.31199999998
0.027700000000000002,-144419.324
0.027800000000000002,-144208.336
0.0279,-143997.348
0.028,-143786.36
0.0281,-143575.372
0.028200000000000003,-143364.384
0.028300000000000002,-143153.396
0.0284,-142942.408
0.0285,-142731.41999999998
0.0286,-142520.432
0.0287,-142309.44400000002
0.028800000000000003,-142098.456
0.028900000000000002,-141887.468
0.029,-141676.47999999998
0.0291,-141465.492
0.0292,-141254.50400000002
0.029300000000000003,-141043.516
0.029400000000000003,-140832.528
0.029500000000000002,-140621.53999999998
0.0296,-140410.552
0.0297,-140199.564
0.0298,-139988.576
0.029900000000000003,-139777.588
0.030000000000000002,-139566.6
0.030100000000000002,-139355.612
0.0302,-139144.624
0.0303,-138933.636
0.0304,-138722.648
0.030500000000000003,-138511.66
0.030600000000000002,-138300.672
0.0307,-138089.684
0.0308,-137878.696
0.0309,-137667.70799999998
0.031,-137456.72
0.031100000000000003,-137245.732
0.031200000000000002,-137034.744
0.0313,-136823.756
0.031400000000000004,-136612.76799999998
0.0315,-136401.78
0.0316,-136190.792
0.0317,-135979.804
0.0318,-135768.816
0.031900000000000005,-135557.82799999998
0.032,-135346.84
0.032100000000000004,-135135.852
0.0322,-134924.864
0.0323,-134713.876
0.0324,-134502.888
0.0325,-134291.9
0.032600000000000004,-134080.912
0.0327,-133869.924
0.0328,-133658.936
0.0329,-133447.948
0.033,-133236.96
0.033100000000000004,-133025.972
0.0332,-132814.984
0.0333,-132603.99599999998
0.0334,-132393.008
0.0335,-132182.02
0.033600000000000005,-131971.032
0.0337,-131760.044
0.033800000000000004,-131549.05599999998
0.0339,-131338.068
0.034,-131127.08000000002
0.0341,-130916.092
0.0342,-130705.10399999999
0.034300000000000004,-130494.116
0.0344,-130283.128
0.0345,-130072.14
0.0346,-129861.152
0.0347,-129650.16399999999
0.034800000000000005,-129439.17599999999
0.0349,-129228.188
0.035,-129017.2
0.0351,-128806.212
0.0352,-128595.224
0.035300000000000005,-128384.23599999999
0.0354,-128173.24799999999
0.035500000000000004,-127962.26
0.0356,-127751.272
0.0357,-127540.284
0.0358,-127329.296
0.0359,-127118.30799999999
0.036000000000000004,-126907.31999999999
0.0361,-126696.332
0.0362,-126485.344
0.0363,-126274.356
0.0364,-126063.368
0.036500000000000005,-125852.37999999999
0.0366,-125641.39199999999
0.0367,-125430.404
0.0368,-125219.416
0.0369,-125008.428
0.037000000000000005,-124797.43999999999
0.0371,-124586.452
0.037200000000000004,-124375.46399999999
0.0373,-124164.476
0.0374,-123953.488
0.0375,-123742.5
0.0376,-123531.512
0.037700000000000004,-123320.52399999999
0.0378,-123109.536
0.0379,-122898.548
0.038,-122687.56
0.0381,-122476.572
0.038200000000000005,-122265.58399999999
0.0383,-122054.596
0.038400000000000004,-121843.608
0.0385,-121632.62
0.0386,-121421.632
0.038700000000000005,-121210.64399999999
0.0388,-120999.656
0.038900000000000004,-120788.66799999999
0.039,-120577.68
0.0391,-120366.692
0.0392,-120155.704
0.0393,-119944.716
0.039400000000000004,-119733.72799999999
0.0395,-119522.74
0.0396,-119311.752
0.0397,-119100.764
0.0398,-118889.776
0.039900000000000005,-118678.78799999999
0.04,-118467.8
0.040100000000000004,-118256.81199999999
0.0402,-118045.82400000001
0.0403,-117834.836
0.040400000000000005,-117623.84799999998
0.0405,-117412.86
0.040600000000000004,-117201.87199999999
0.0407,-116990.884
0.0408,-116779.896
0.0409,-116568.908
0.041,-116357.92
0.041100000000000005,-116146.93199999999
0.0412,-115935.944
0.0413,-115724.95599999999
0.0414,-115513.96800000001
0.0415,-115302.98
0.041600000000000005,-115091.99199999998
0.0417,-114881.004
0.041800000000000004,-114670.01599999999
0.0419,-114459.028
0.042,-114248.04
0.042100000000000005,-114037.05199999998
0.0422,-113826.064
0.042300000000000004,-113615.07599999999
0.0424,-113404.088
0.0425,-113193.09999999999
0.0426,-112982.11200000001
0.0427,-112771.124
0.042800000000000005,-112560.13599999998
0.0429,-112349.148
0.043000000000000003,-112138.15999999999
0.0431,-111927.172
0.0432,-111716.184
0.043300000000000005,-111505.196
0.0434,-111294.208
0.043500000000000004,-111083.21999999999
0.0436,-110872.232
0.0437,-110661.24399999999
0.0438,-110450.25600000001
0.0439,-110239.268
0.044000000000000004,-110028.27999999998
0.0441,-109817.292
0.0442,-109606.30399999999
0.0443,-109395.316
0.0444,-109184.328
0.044500000000000005,-108973.34
0.0446,-108762.352
0.044700000000000004,-108551.36399999999
0.0448,-108340.376
0.0449,-108129.38799999999
0.045000000000000005,-107918.4
0.0451,-107707.412
0.045200000000000004,-107496.42399999998
0.0453,-107285.436
0.0454,-107074.44799999999
0.0455,-106863.46
0.0456,-106652.472
0.045700000000000005,-106441.484
0.0458,-106230.496
0.0459,-106019.50799999999
0.046,-105808.52
0.0461,-105597.53199999999
0.046200000000000005,-105386.544
0.0463,-105175.556
0.046400000000000004,-104964.568
0.0465,-104753.58
0.0466,-104542.59199999999
0.046700000000000005,-104331.60399999999
0.0468,-104120.616
0.046900000000000004,-103909.628
0.047,-103698.64
0.0471,-103487.65199999999
0.0472,-103276.664
0.0473,-103065.67599999999
0.047400000000000005,-102854.688
0.0475,-102643.7
0.0476,-102432.712
0.0477,-102221.724
0.0478,-102010.73599999999
0.047900000000000005,-101799.74799999999
0.048,-101588.76
0.048100000000000004,-101377.772
0.0482,-101166.784
0.0483,-100955.79599999999
0.048400000000000006,-100744.80799999999
0.0485,-100533.81999999999
0.048600000000000004,-100322.832
0.0487,-100111.844
0.0488,-99900.856
0.0489,-99689.868
0.049,-99478.87999999999
0.049100000000000005,-99267.89199999999
0.0492,-99056.904
0.049300000000000004,-98845.916
0.0494,-98634.928
0.0495,-98423.94
0.049600000000000005,-98212.95199999999
0.0497,-98001.96399999999
0.049800000000000004,-97790.976
0.0499,-97579.988
0.05,-97369.0
0.050100000000000006,-97333.51244444444
0.0502,-97298.02488888889
0.050300000000000004,-97262.53733333333
0.0504,-97227.04977777778
0.0505,-97191.56222222222
0.0506,-97156.07466666667
0.0507,-97120.5871111111
0.050800000000000005,-97085.09955555556
0.0509,-97049.612
0.051000000000000004,-97014.12444444445
0.0511,-96978.63688888888
0.0512,-96943.14933333333
0.051300000000000005,-96907.66177777777
0.0514,-96872.17422222222
0.051500000000000004,-96836.68666666666
0.0516,-96801.19911111111
0.0517,-96765.71155555555
0.051800000000000006,-96730.224
0.0519,-96694.73644444444
0.052000000000000005,-96659.24888888889
0.0521,-96623.76133333333
0.0522,-96588.27377777778
0.0523,-96552.78622222222
0.0524,-96517.29866666667
0.052500000000000005,-96481.8111111111
0.0526,-96446.32355555556
0.052700000000000004,-96410.836
0.0528,-96375.34844444445
0.0529,-96339.86088888888
0.053000000000000005,-96304.37333333334
0.0531,-96268.88577777777
0.053200000000000004,-96233.39822222223
0.0533,-96197.91066666666
0.0534,-96162.42311111111
0.053500000000000006,-96126.93555555555
0.0536,-96091.448
0.053700000000000005,-96055.96044444444
0.0538,-96020.4728888889
0.0539,-95984.98533333333
0.054,-95949.49777777778
0.0541,-95914.01022222222
0.054200000000000005,-95878.52266666667
0.0543,-95843.03511111111
0.054400000000000004,-95807.54755555556
0.0545,-95772.06
0.0546,-95736.57244444445
0.054700000000000006,-95701.08488888889
0.0548,-95665.59733333334
0.054900000000000004,-95630.10977777778
0.055,-95594.62222222223
0.0551,-95559.13466666666
0.055200000000000006,-95523.64711111112
0.0553,-95488.15955555555
0.055400000000000005,-95452.672
0.0555,-95417.18444444444
0.055600000000000004,-95381.6968888889
0.0557,-95346.20933333333
0.0558,-95310.72177777778
0.055900000000000005,-95275.23422222222
0.056,-95239.74666666667
0.056100000000000004,-95204.25911111111
0.0562,-95168.77155555556
0.0563,-95133.284
0.056400000000000006,-95097.79644444444
0.0565,-95062.30888888889
0.056600000000000004,-95026.82133333333
0.0567,-94991.33377777778
0.0568,-94955.84622222222
0.056900000000000006,-94920.35866666667
0.057,-94884.8711111111
0.057100000000000005,-94849.38355555556
0.0572,-94813.89600000001
0.057300000000000004,-94778.40844444445
0.0574,-94742.92088888888
0.0575,-94707.43333333333
0.057600000000000005,-94671.94577777777
0.0577,-94636.45822222222
0.057800000000000004,-94600.97066666666
0.0579,-94565.48311111111
0.058,-94529.99555555555
0.058100000000000006,-94494.508
0.0582,-94459.02044444444
0.058300000000000005,-94423.53288888889
0.0584,-94388.04533333333
0.0585,-94352.55777777778
0.058600000000000006,-94317.07022222222
0.0587,-94281.58266666667
0.058800000000000005,-94246.0951111111
0.0589,-94210.60755555556
0.059000000000000004,-94175.12
0.0591,-94139.63244444445
0.0592,-94104.14488888888
0.059300000000000005,-94068.65733333334
0.0594,-94033.16977777777
0.059500000000000004,-93997.68222222223
0.0596,-93962.19466666666
0.0597,-93926.70711111111
0.059800000000000006,-93891.21955555555
0.0599,-93855.732
0.060000000000000005,-93820.24444444444
0.0601,-93784.75688888889
0.060200000000000004,-93749.26933333333
0.0603,-93713.78177777778
0.0604,-93678.29422222222
0.060500000000000005,-93642.80666666667
0.0606,-93607.31911111111
0.060700000000000004,-93571.83155555556
0.0608,-93536.344
0.0609,-93500.85644444445
0.061000000000000006,-93465.36888888889
0.0611,-93429.88133333334
0.061200000000000004,-93394.39377777778
0.0613,-93358.90622222223
0.0614,-93323.41866666666
0.061500000000000006,-93287.93111111112
0.0616,-93252.44355555555
0.061700000000000005,-93216.956
0.0618,-93181.46844444444
0.061900000000000004,-93145.9808888889
0.062,-93110.49333333333
0.0621,-93075.00577777778
0.062200000000000005,-93039.51822222222
0.0623,-93004.03066666667
0.062400000000000004,-92968.54311111111
0.0625,-92933.05555555556
0.0626,-92897.568
0.0627,-92862.08044444444
0.06280000000000001,-92826.59288888889
0.0629,-92791.10533333334
0.063,-92755.61777777778
0.0631,-92720.13022222221
0.0632,-92684.64266666667
0.06330000000000001,-92649.1551111111
0.0634,-92613.66755555556
0.0635,-92578.18
0.0636,-92542.69244444444
0.0637,-92507.20488888888
0.06380000000000001,-92471.71733333333
0.0639,-92436.22977777779
0.064,-92400.74222222222
0.0641,-92365.25466666666
0.06420000000000001,-92329.76711111111
0.06430000000000001,-92294.27955555555
0.0644,-92258.792
0.0645,-92223.30444444444
0.0646,-92187.81688888889
0.06470000000000001,-92152.32933333333
0.0648,-92116.84177777778
0.0649,-92081.35422222222
0.065,-92045.86666666667
0.0651,-92010.3791111111
0.06520000000000001,-91974.89155555556
0.0653,-91939.40400000001
0.0654,-91903.91644444445
0.0655,-91868.42888888888
0.0656,-91832.94133333334
0.06570000000000001,-91797.45377777777
0.0658,-91761.96622222223
0.0659,-91726.47866666666
0.066,-91690.99111111111
0.0661,-91655.50355555555
0.06620000000000001,-91620.016
0.0663,-91584.52844444444
0.0664,-91549.04088888889
0.0665,-91513.55333333333
0.0666,-91478.06577777778
0.06670000000000001,-91442.57822222222
0.0668,-91407.09066666667
0.0669,-91371.60311111111
0.067,-91336.11555555556
0.0671,-91300.628
0.06720000000000001,-91265.14044444443
0.0673,-91229.65288888889
0.0674,-91194.16533333334
0.0675,-91158.67777777778
0.06760000000000001,-91123.19022222223
0.06770000000000001,-91087.70266666666
0.0678,-91052.21511111112
0.0679,-91016.72755555555
0.068,-90981.24
0.06810000000000001,-90945.75244444444
0.0682,-90910.2648888889
0.0683,-90874.77733333333
0.0684,-90839.28977777778
0.0685,-90803.80222222222
0.06860000000000001,-90768.31466666666
0.0687,-90732.82711111111
0.0688,-90697.33955555556
0.0689,-90661.852
0.069,-90626.36444444445
0.06910000000000001,-90590.87688888889
0.0692,-90555.38933333334
0.0693,-90519.90177777778
0.0694,-90484.41422222223
0.0695,-90448.92666666667
0.06960000000000001,-90413.4391111111
0.0697,-90377.95155555556
0.0698,-90342.464
0.0699,-90306.97644444444
0.07,-90271.48888888888
0.07010000000000001,-90236.00133333333
0.0702,-90200.51377777779
0.0703,-90165.02622222222
0.0704,-90129.53866666666
0.07050000000000001,-90094.05111111111
0.07060000000000001,-90058.56355555555
0.0707,-90023.076
0.0708,-89987.58844444444
0.0709,-89952.10088888889
0.07100000000000001,-89916.61333333333
0.0711,-89881.12577777778
0.0712,-89845.63822222222
0.0713,-89810.15066666667
0.0714,-89774.6631111111
0.07150000000000001,-89739.17555555556
0.0716,-89703.688
0.0717,-89668.20044444445
0.0718,-89632.71288888888
0.0719,-89597.22533333334
0.07200000000000001,-89561.73777777777
0.0721,-89526.25022222222
0.0722,-89490.76266666666
0.0723,-89455.27511111111
0.0724,-89419.78755555555
0.07250000000000001,-89384.3
0.0726,-89348.81244444444
0.0727,-89313.32488888889
0.0728,-89277.83733333333
0.0729,-89242.34977777778
0.07300000000000001,-89206.86222222222
0.0731,-89171.37466666667
0.0732,-89135.88711111111
0.0733,-89100.39955555556
0.0734,-89064.912
0.07350000000000001,-89029.42444444445
0.0736,-88993.93688888889
0.0737,-88958.44933333334
0.0738,-88922.96177777777
0.07390000000000001,-88887.47422222223
0.07400000000000001,-88851.98666666666
0.0741,-88816.49911111112
0.0742,-88781.01155555555
0.0743,-88745.524
0.07440000000000001,-88710.03644444444
0.0745,-88674.5488888889
0.0746,-88639.06133333333
0.0747,-88603.57377777778
0.0748,-88568.08622222222
0.07490000000000001,-88532.59866666666
0.075,-88497.11111111111
0.0751,-88461.62355555556
0.0752,-88426.136
0.0753,-88390.64844444444
0.07540000000000001,-88355.16088888889
0.0755,-88319.67333333334
0.0756,-88284.18577777778
0.0757,-88248.69822222221
0.0758,-88213.21066666667
0.07590000000000001,-88177.7231111111
0.076,-88142.23555555556
0.0761,-88106.74799999999
0.0762,-88071.26044444444
0.0763,-88035.77288888888
0.07640000000000001,-88000.28533333333
0.0765,-87964.79777777779
0.0766,-87929.31022222222
0.0767,-87893.82266666666
0.07680000000000001,-87858.33511111111
0.07690000000000001,-87822.84755555555
0.077,-87787.36
0.0771,-87751.87244444445
0.0772,-87716.38488888889
0.07730000000000001,-87680.89733333333
0.07740000000000001,-87645.40977777778
0.0775,-87609.92222222223
0.0776,-87574.43466666667
0.0777,-87538.9471111111
0.07780000000000001,-87503.45955555556
0.0779,-87467.97200000001
0.078,-87432.48444444445
0.0781,-87396.99688888888
0.0782,-87361.50933333334
0.07830000000000001,-87326.02177777777
0.0784,-87290.53422222222
0.0785,-87255.04666666666
0.0786,-87219.55911111111
0.0787,-87184.07155555555
0.07880000000000001,-87148.584
0.0789,-87113.09644444444
0.079,-87077.60888888889
0.0791,-87042.12133333333
0.0792,-87006.63377777778
0.07930000000000001,-86971.14622222222
0.0794,-86935.65866666667
0.0795,-86900.1711111111
0.0796,-86864.68355555556
0.07970000000000001,-86829.196
0.07980000000000001,-86793.70844444445
0.0799,-86758.22088888889
0.08,-86722.73333333334
0.0801,-86687.24577777777
0.08020000000000001,-86651.75822222223
0.08030000000000001,-86616.27066666666
0.0804,-86580.78311111112
0.0805,-86545.29555555555
0.0806,-86509.808
0.08070000000000001,-86474.32044444444
0.08080000000000001,-86438.8328888889
0.0809,-86403.34533333333
0.081,-86367.85777777778
0.0811,-86332.37022222222
0.08120000000000001,-86296.88266666667
0.0813,-86261.39511111111
0.0814,-86225.90755555556
0.0815,-86190.42
0.0816,-86154.93244444445
0.08170000000000001,-86119.44488888889
0.0818,-86083.95733333334
0.0819,-86048.46977777778
0.082,-86012.98222222223
0.0821,-85977.49466666667
0.08220000000000001,-85942.0071111111
0.0823,-85906.51955555555
0.0824,-85871.032
0.0825,-85835.54444444444
0.0826,-85800.05688888888
0.08270000000000001,-85764.56933333333
0.0828,-85729.08177777778
0.0829,-85693.59422222222
0.083,-85658.10666666666
0.08310000000000001,-85622.61911111111
0.08320000000000001,-85587.13155555555
0.0833,-85551.644
0.0834,-85516.15644444444
0.0835,-85480.66888888889
0.08360000000000001,-85445.18133333333
0.08370000000000001,-85409.69377777778
0.0838,-85374.20622222222
0.0839,-85338.71866666667
0.084,-85303.2311111111
0.08410000000000001,-85267.74355555556
0.08420000000000001,-85232.256
0.0843,-85196.76844444445
0.0844,-85161.28088888888
0.0845,-85125.79333333333
0.08460000000000001,-85090.30577777777
0.0847,-85054.81822222222
0.0848,-85019.33066666666
0.0849,-84983.84311111111
0.085,-84948.35555555555
0.08510000000000001,-84912.868
0.0852,-84877.38044444445
0.0853,-84841.89288888889
0.0854,-84806.40533333333
0.0855,-84770.91777777778
0.08560000000000001,-84735.43022222222
0.0857,-84699.94266666667
0.0858,-84664.4551111111
0.0859,-84628.96755555556
0.08600000000000001,-84593.48
0.08610000000000001,-84557.99244444445
0.0862,-84522.50488888889
0.0863,-84487.01733333334
0.0864,-84451.52977777777
0.08650000000000001,-84416.04222222223
0.08660000000000001,-84380.55466666666
0.0867,-84345.06711111112
0.0868,-84309.57955555555
0.0869,-84274.092
0.08700000000000001,-84238.60444444444
0.08710000000000001,-84203.11688888888
0.0872,-84167.62933333333
0.0873,-84132.14177777778
0.0874,-84096.65422222222
0.08750000000000001,-84061.16666666666
0.0876,-84025.67911111111
0.0877,-83990.19155555556
0.0878,-83954.704
0.0879,-83919.21644444444
0.08800000000000001,-83883.72888888889
0.0881,-83848.24133333334
0.0882,-83812.75377777778
0.0883,-83777.26622222223
0.0884,-83741.77866666667
0.08850000000000001,-83706.2911111111
0.0886,-83670.80355555555
0.0887,-83635.316
0.0888,-83599.82844444444
0.0889,-83564.3408888889
0.08900000000000001,-83528.85333333333
0.0891,-83493.36577777778
0.0892,-83457.87822222222
0.0893,-83422.39066666667
0.08940000000000001,-83386.90311111111
0.08950000000000001,-83351.41555555555
0.0896,-83315.928
0.0897,-83280.44044444445
0.0898,-83244.95288888889
0.08990000000000001,-83209.46533333333
0.09000000000000001,-83173.97777777778
0.0901,-83138.49022222223
0.0902,-83103.00266666667
0.0903,-83067.5151111111
0.09040000000000001,-83032.02755555556
0.09050000000000001,-82996.54
0.0906,-82961.05244444445
0.0907,-82925.56488888888
0.0908,-82890.07733333333
0.09090000000000001,-82854.58977777777
0.091,-82819.10222222222
0.0911,-82783.61466666666
0.0912,-82748.12711111111
0.0913,-82712.63955555555
0.09140000000000001,-82677.152
0.0915,-82641.66444444444
0.0916,-82606.17688888889
0.0917,-82570.68933333333
0.0918,-82535.20177777778
0.09190000000000001,-82499.71422222222
0.092,-82464.22666666667
0.0921,-82428.7391111111
0.0922,-82393.25155555556
0.09230000000000001,-82357.764
0.09240000000000001,-82322.27644444445
0.0925,-82286.78888888888
0.0926,-82251.30133333334
0.0927,-82215.81377777777
0.09280000000000001,-82180.32622222223
0.09290000000000001,-82144.83866666666
0.093,-82109.35111111111
0.0931,-82073.86355555555
0.0932,-82038.376
0.09330000000000001,-82002.88844444444
0.09340000000000001,-81967.4008888889
0.0935,-81931.91333333333
0.0936,-81896.42577777778
0.0937,-81860.93822222222
0.09380000000000001,-81825.45066666667
0.09390000000000001,-81789.96311111111
0.094,-81754.47555555556
0.0941,-81718.988
0.0942,-81683.50044444445
0.09430000000000001,-81648.01288888889
0.0944,-81612.52533333334
0.0945,-81577.03777777778
0.0946,-81541.55022222223
0.0947,-81506.06266666666
0.09480000000000001,-81470.5751111111
0.0949,-81435.08755555555
0.095,-81399.6
0.0951,-81364.11244444444
0.0952,-81328.62488888888
0.09530000000000001,-81293.13733333333
0.0954,-81257.64977777778
0.0955,-81222.16222222222
0.0956,-81186.67466666666
0.09570000000000001,-81151.18711111111
0.09580000000000001,-81115.69955555555
0.0959,-81080.212
0.096,-81044.72444444444
0.0961,-81009.23688888889
0.09620000000000001,-80973.74933333333
0.09630000000000001,-80938.26177777778
0.0964,-80902.77422222222
0.0965,-80867.28666666667
0.0966,-80831.79911111112
0.09670000000000001,-80796.31155555556
0.09680000000000001,-80760.824
0.0969,-80725.33644444445
0.097,-80689.8488888889
0.0971,-80654.36133333333
0.09720000000000001,-80618.87377777777
0.09730000000000001,-80583.38622222222
0.0974,-80547.89866666668
0.0975,-80512.41111111111
0.0976,-80476.92355555555
0.09770000000000001,-80441.436
0.0978,-80405.94844444445
0.0979,-80370.46088888889
0.098,-80334.97333333333
0.0981,-80299.48577777778
0.09820000000000001,-80263.99822222222
0.0983,-80228.51066666667
0.0984,-80193.0231111111
0.0985,-80157.53555555556
0.09860000000000001,-80122.048
0.09870000000000001,-80086.56044444445
0.0988,-80051.07288888888
0.0989,-80015.58533333334
0.099,-79980.09777777777
0.09910000000000001,-79944.61022222223
0.09920000000000001,-79909.12266666666
0.0993,-79873.63511111111
0.0994,-79838.14755555555
0.0995,-79802.66
0.09960000000000001,-79767.17244444444
0.09970000000000001,-79731.68488888888
0.0998,-79696.19733333333
0.0999,-79660.70977777778
0.1,-79625.22222222222
0.10010000000000001,-79589.73466666666
0.10020000000000001,-79554.24711111111
0.1003,-79518.75955555556
0.1004,-79483.272
0.1005,-79447.78444444443
0.10060000000000001,-79412.29688888889
0.10070000000000001,-79376.80933333334
0.1008,-79341.32177777778
0.1009,-79305.83422222221
0.101,-79270.34666666666
0.10110000000000001,-79234.85911111112
0.1012,-79199.37155555555
0.1013,-79163.884
0.1014,-79128.39644444444
0.1015,-79092.9088888889
0.10160000000000001,-79057.42133333333
0.1017,-79021.93377777778
0.1018,-78986.44622222222
0.1019,-78950.95866666667
0.10200000000000001,-78915.47111111111
0.10210000000000001,-78879.98355555555
0.1022,-78844.496
0.1023,-78809.00844444445
0.1024,-78773.52088888889
0.10250000000000001,-78738.03333333333
0.10260000000000001,-78702.54577777778
0.1027,-78667.05822222223
0.1028,-78631.57066666667
0.1029,-78596.0831111111
0.10300000000000001,-78560.59555555556
0.10310000000000001,-78525.108
0.1032,-78489.62044444444
0.1033,-78454.13288888888
0.1034,-78418.64533333333
0.10350000000000001,-78383.15777777777
0.10360000000000001,-78347.67022222222
0.1037,-78312.18266666666
0.1038,-78276.69511111111
0.1039,-78241.20755555555
0.10400000000000001,-78205.72
0.1041,-78170.23244444444
0.1042,-78134.74488888889
0.1043,-78099.25733333333
0.1044,-78063.76977777778
0.10450000000000001,-78028.28222222222
0.1046,-77992.79466666667
0.1047,-77957.30711111112
0.1048,-77921.81955555556
0.10490000000000001,-77886.332
0.10500000000000001,-77850.84444444445
0.1051,-77815.3568888889
0.1052,-77779.86933333334
0.1053,-77744.38177777777
0.10540000000000001,-77708.89422222222
0.10550000000000001,-77673.40666666666
0.1056,-77637.91911111111
0.1057,-77602.43155555555
0.1058,-77566.944
0.10590000000000001,-77531.45644444444
0.10600000000000001,-77495.96888888889
0.1061,-77460.48133333333
0.1062,-77424.99377777778
0.1063,-77389.50622222222
0.10640000000000001,-77354.01866666667
0.10650000000000001,-77318.53111111111
0.1066,-77283.04355555556
0.1067,-77247.556
0.1068,-77212.06844444445
0.10690000000000001,-77176.58088888889
0.10700000000000001,-77141.09333333332
0.1071,-77105.60577777778
0.1072,-77070.11822222223
0.1073,-77034.63066666666
0.10740000000000001,-76999.1431111111
0.1075,-76963.65555555555
0.1076,-76928.168
0.1077,-76892.68044444444
0.1078,-76857.19288888888
0.10790000000000001,-76821.70533333333
0.108,-76786.21777777778
0.1081,-76750.73022222222
0.1082,-76715.24266666666
0.10830000000000001,-76679.75511111111
0.10840000000000001,-76644.26755555556
0.1085,-76608.78
0.1086,-76573.29244444444
0.1087,-76537.80488888889
0.10880000000000001,-76502.31733333334
0.10890000000000001,-76466.82977777778
0.109,-76431.34222222221
0.1091,-76395.85466666667
0.1092,-76360.36711111112
0.10930000000000001,-76324.87955555556
0.10940000000000001,-76289.39199999999
0.1095,-76253.90444444444
0.1096,-76218.4168888889
0.1097,-76182.92933333333
0.10980000000000001,-76147.44177777777
0.10990000000000001,-76111.95422222222
0.11,-76076.46666666667
0.1101,-76040.97911111111
0.1102,-76005.49155555555
0.11030000000000001,-75970.004
0.11040000000000001,-75934.51644444444
0.1105,-75899.02888888889
0.1106,-75863.54133333333
0.1107,-75828.05377777778
0.11080000000000001,-75792.56622222222
0.1109,-75757.07866666667
0.111,-75721.5911111111
0.1111,-75686.10355555556
0.11120000000000001,-75650.616
0.11130000000000001,-75615.12844444445
0.1114,-75579.64088888888
0.1115,-75544.15333333334
0.1116,-75508.66577777777
0.11170000000000001,-75473.17822222222
0.11180000000000001,-75437.69066666666
0.1119,-75402.20311111111
0.112,-75366.71555555555
0.1121,-75331.228
0.11220000000000001,-75295.74044444444
0.11230000000000001,-75260.25288888888
0.1124,-75224.76533333333
0.1125,-75189.27777777778
0.1126,-75153.79022222222
0.11270000000000001,-75118.30266666666
0.11280000000000001,-75082.81511111111
0.1129,-75047.32755555556
0.113,-75011.84
0.1131,-74976.35244444443
0.11320000000000001,-74940.86488888889
0.11330000000000001,-74905.37733333334
0.1134,-74869.88977777777
0.1135,-74834.40222222223
0.1136,-74798.91466666666
0.11370000000000001,-74763.42711111112
0.11380000000000001,-74727.93955555555
0.1139,-74692.452
0.114,-74656.96444444444
0.11410000000000001,-74621.4768888889
0.11420000000000001,-74585.98933333333
0.1143,-74550.50177777778
0.1144,-74515.01422222222
0.1145,-74479.52666666667
0.11460000000000001,-74444.03911111111
0.11470000000000001,-74408.55155555555
0.1148,-74373.064
0.1149,-74337.57644444445
0.115,-74302.08888888889
0.11510000000000001,-74266.60133333332
0.11520000000000001,-74231.11377777778
0.1153,-74195.62622222223
0.1154,-74160.13866666667
0.1155,-74124.6511111111
0.11560000000000001,-74089.16355555555
0.11570000000000001,-74053.67599999999
0.1158,-74018.18844444444
0.1159,-73982.70088888888
0.116,-73947.21333333333
0.11610000000000001,-73911.72577777777
0.11620000000000001,-73876.23822222222
0.1163,-73840.75066666666
0.1164,-73805.26311111111
0.1165,-73769.77555555555
0.11660000000000001,-73734.288
0.11670000000000001,-73698.80044444444
0.1168,-73663.31288888889
0.1169,-73627.82533333334
0.117,-73592.33777777778
0.11710000000000001,-73556.85022222222
0.11720000000000001,-73521.36266666667
0.1173,-73485.87511111112
0.1174,-73450.38755555556
0.11750000000000001,-73414.9
0.11760000000000001,-73379.41244444445
0.1177,-73343.9248888889
0.1178,-73308.43733333334
0.1179,-73272.94977777777
0.11800000000000001,-73237.46222222222
0.11810000000000001,-73201.97466666666
0.1182,-73166.48711111111
0.1183,-73130.99955555555
0.1184,-73095.512
0.11850000000000001,-73060.02444444444
0.11860000000000001,-73024.53688888889
0.1187,-72989.04933333333
0.1188,-72953.56177777778
0.1189,-72918.07422222222
0.11900000000000001,-72882.58666666667
0.11910000000000001,-72847.0991111111
0.1192,-72811.61155555556
0.1193,-72776.124
0.1194,-72740.63644444445
0.11950000000000001,-72705.14888888889
0.11960000000000001,-72669.66133333332
0.1197,-72634.17377777777
0.1198,-72598.68622222223
0.1199,-72563.19866666666
0.12000000000000001,-72527.7111111111
0.12010000000000001,-72492.22355555555
0.1202,-72456.736
0.1203,-72421.24844444444
0.12040000000000001,-72385.76088888888
0.12050000000000001,-72350.27333333333
0.1206,-72314.78577777778
0.1207,-72279.29822222222
0.1208,-72243.81066666666
0.12090000000000001,-72208.32311111111
0.12100000000000001,-72172.83555555556
0.1211,-72137.348
0.1212,-72101.86044444444
0.1213,-72066.37288888889
0.12140000000000001,-72030.88533333334
0.12150000000000001,-71995.39777777778
0.1216,-71959.91022222223
0.1217,-71924.42266666667
0.1218,-71888.93511111112
0.12190000000000001,-71853.44755555555
0.12200000000000001,-71817.95999999999
0.1221,-71782.47244444444
0.1222,-71746.9848888889
0.1223,-71711.49733333333
0.12240000000000001,-71676.00977777777
0.12250000000000001,-71640.52222222222
0.1226,-71605.03466666667
0.1227,-71569.54711111111
0.1228,-71534.05955555555
0.12290000000000001,-71498.572
0.12300000000000001,-71463.08444444444
0.1231,-71427.59688888889
0.1232,-71392.10933333333
0.1233,-71356.62177777778
0.12340000000000001,-71321.13422222222
0.12350000000000001,-71285.64666666667
0.1236,-71250.1591111111
0.1237,-71214.67155555556
0.12380000000000001,-71179.184
0.12390000000000001,-71143.69644444445
0.124,-71108.20888888888
0.1241,-71072.72133333333
0.1242,-71037.23377777777
0.12430000000000001,-71001.74622222222
0.12440000000000001,-70966.25866666666
0.1245,-70930.77111111111
0.1246,-70895.28355555555
0.1247,-70859.796
0.12480000000000001,-70824.30844444444
0.12490000000000001,-70788.82088888888
0.125,-70753.33333333333
0.12510000000000002,-70717.84577777778
0.1252,-70682.35822222222
0.1253,-70646.87066666667
0.1254,-70611.3831111111
0.1255,-70575.89555555556
0.12560000000000002,-70540.408
0.1257,-70504.92044444445
0.1258,-70469.4328888889
0.1259,-70433.94533333334
0.126,-70398.45777777777
0.12610000000000002,-70362.97022222221
0.1262,-70327.48266666666
0.1263,-70291.99511111111
0.1264,-70256.50755555555
0.1265,-70221.02
0.12660000000000002,-70185.53244444444
0.1267,-70150.0448888889
0.1268,-70114.55733333333
0.1269,-70079.06977777777
0.127,-70043.58222222222
0.12710000000000002,-70008.09466666666
0.1272,-69972.60711111111
0.1273,-69937.11955555556
0.1274,-69901.632
0.1275,-69866.14444444445
0.12760000000000002,-69830.65688888889
0.1277,-69795.16933333332
0.1278,-69759.68177777778
0.1279,-69724.19422222221
0.128,-69688.70666666667
0.12810000000000002,-69653.2191111111
0.1282,-69617.73155555555
0.1283,-69582.244
0.12840000000000001,-69546.75644444444
0.1285,-69511.26888888888
0.12860000000000002,-69475.78133333332
0.1287,-69440.29377777777
0.1288,-69404.80622222222
0.12890000000000001,-69369.31866666666
0.129,-69333.83111111111
0.1291,-69298.34355555556
0.1292,-69262.856
0.1293,-69227.36844444444
0.12940000000000002,-69191.88088888889
0.1295,-69156.39333333334
0.1296,-69120.90577777778
0.1297,-69085.41822222222
0.1298,-69049.93066666667
0.12990000000000002,-69014.4431111111
0.13,-68978.95555555556
0.1301,-68943.46800000001
0.1302,-68907.98044444445
0.1303,-68872.4928888889
0.13040000000000002,-68837.00533333333
0.1305,-68801.51777777777
0.1306,-68766.03022222222
0.1307,-68730.54266666666
0.1308,-68695.05511111111
0.13090000000000002,-68659.56755555555
0.131,-68624.08
0.1311,-68588.59244444445
0.1312,-68553.10488888889
0.1313,-68517.61733333333
0.13140000000000002,-68482.12977777777
0.1315,-68446.64222222222
0.1316,-68411.15466666667
0.1317,-68375.6671111111
0.1318,-68340.17955555556
0.13190000000000002,-68304.692
0.132,-68269.20444444445
0.1321,-68233.71688888888
0.1322,-68198.22933333332
0.1323,-68162.74177777777
0.13240000000000002,-68127.25422222221
0.1325,-68091.76666666666
0.1326,-68056.27911111111
0.1327,-68020.79155555555
0.1328,-67985.304
0.13290000000000002,-67949.81644444444
0.133,-67914.32888888888
0.1331,-67878.84133333333
0.1332,-67843.35377777778
0.1333,-67807.86622222222
0.13340000000000002,-67772.37866666666
0.1335,-67736.89111111111
0.1336,-67701.40355555556
0.1337,-67665.916
0.1338,-67630.42844444445
0.13390000000000002,-67594.94088888889
0.134,-67559.45333333334
0.1341,-67523.96577777778
0.1342,-67488.47822222221
0.1343,-67452.99066666666
0.13440000000000002,-67417.5031111111
0.1345,-67382.01555555555
0.1346,-67346.528
0.13470000000000001,-67311.04044444444
0.1348,-67275.5528888889
0.13490000000000002,-67240.06533333333
0.135,-67204.57777777777
0.1351,-67169.09022222222
0.13520000000000001,-67133.60266666666
0.1353,-67098.11511111111
0.13540000000000002,-67062.62755555555
0.1355,-67027.14
0.1356,-66991.65244444445
0.13570000000000002,-66956.16488888889
0.1358,-66920.67733333333
0.1359,-66885.18977777778
0.136,-66849.70222222221
0.1361,-66814.21466666667
0.13620000000000002,-66778.7271111111
0.1363,-66743.23955555556
0.1364,-66707.75200000001
0.1365,-66672.26444444444
0.1366,-66636.77688888888
0.13670000000000002,-66601.28933333332
0.1368,-66565.80177777777
0.1369,-66530.31422222222
0.137,-66494.82666666666
0.1371,-66459.33911111111
0.13720000000000002,-66423.85155555555
0.1373,-66388.364
0.1374,-66352.87644444444
0.1375,-66317.38888888889
0.1376,-66281.90133333334
0.13770000000000002,-66246.41377777778
0.1378,-66210.92622222222
0.1379,-66175.43866666667
0.138,-66139.9511111111
0.1381,-66104.46355555556
0.13820000000000002,-66068.976
0.1383,-66033.48844444445
0.1384,-65998.0008888889
0.1385,-65962.51333333334
0.1386,-65927.02577777777
0.13870000000000002,-65891.53822222221
0.1388,-65856.05066666666
0.1389,-65820.56311111111
0.139,-65785.07555555555
0.1391,-65749.588
0.13920000000000002,-65714.10044444444
0.1393,-65678.61288888889
0.1394,-65643.12533333333
0.1395,-65607.63777777777
0.1396,-65572.15022222222
0.13970000000000002,-65536.66266666666
0.1398,-65501.17511111111
0.1399,-65465.68755555556
0.14,-65430.2
0.1401,-65394.71244444445
0.14020000000000002,-65359.224888888886
0.1403,-65323.73733333333
0.1404,-65288.249777777775
0.1405,-65252.76222222221
0.1406,-65217.274666666664
0.14070000000000002,-65181.7871111111
0.1408,-65146.29955555555
0.1409,-65110.812000000005
0.14100000000000001,-65075.32444444444
0.1411,-65039.83688888889
0.14120000000000002,-65004.34933333333
0.1413,-64968.861777777776
0.1414,-64933.37422222222
0.14150000000000001,-64897.88666666666
0.1416,-64862.39911111111
0.14170000000000002,-64826.91155555555
0.1418,-64791.424
0.1419,-64755.93644444444
0.14200000000000002,-64720.44888888889
0.1421,-64684.96133333333
0.1422,-64649.47377777778
0.1423,-64613.986222222215
0.1424,-64578.49866666667
0.14250000000000002,-64543.011111111104
0.1426,-64507.523555555556
0.1427,-64472.036
0.1428,-64436.548444444445
0.1429,-64401.06088888889
0.14300000000000002,-64365.57333333333
0.1431,-64330.08577777778
0.1432,-64294.59822222222
0.1433,-64259.11066666666
0.1434,-64223.62311111111
0.14350000000000002,-64188.13555555555
0.1436,-64152.648
0.1437,-64117.160444444446
0.1438,-64081.67288888888
0.1439,-64046.185333333335
0.14400000000000002,-64010.69777777777
0.1441,-63975.210222222224
0.1442,-63939.72266666667
0.1443,-63904.235111111106
0.1444,-63868.74755555556
0.14450000000000002,-63833.259999999995
0.1446,-63797.77244444444
0.1447,-63762.28488888889
0.1448,-63726.79733333333
0.1449,-63691.30977777778
0.14500000000000002,-63655.82222222222
0.1451,-63620.33466666666
0.1452,-63584.847111111114
0.1453,-63549.35955555555
0.1454,-63513.872
0.14550000000000002,-63478.38444444444
0.1456,-63442.896888888885
0.1457,-63407.40933333334
0.1458,-63371.921777777774
0.1459,-63336.43422222222
0.14600000000000002,-63300.94666666666
0.1461,-63265.45911111111
0.1462,-63229.97155555556
0.1463,-63194.484
0.1464,-63158.99644444444
0.14650000000000002,-63123.508888888886
0.1466,-63088.02133333333
0.1467,-63052.53377777778
0.1468,-63017.04622222222
0.1469,-62981.558666666664
0.14700000000000002,-62946.0711111111
0.1471,-62910.58355555555
0.1472,-62875.096
0.14730000000000001,-62839.60844444444
0.1474,-62804.12088888889
0.14750000000000002,-62768.633333333324
0.1476,-62733.145777777776
0.1477,-62697.65822222222
0.14780000000000001,-62662.170666666665
0.1479,-62626.68311111111
0.14800000000000002,-62591.19555555555
0.1481,-62555.708
0.1482,-62520.22044444444
0.14830000000000002,-62484.73288888888
0.1484,-62449.24533333333
0.14850000000000002,-62413.75777777777
0.1486,-62378.27022222222
0.1487,-62342.782666666666
0.14880000000000002,-62307.2951111111
0.1489,-62271.807555555555
0.149,-62236.32
0.1491,-62200.832444444444
0.1492,-62165.34488888889
0.14930000000000002,-62129.857333333326
0.1494,-62094.36977777778
0.1495,-62058.88222222222
0.1496,-62023.39466666666
0.1497,-61987.90711111111
0.14980000000000002,-61952.41955555555
0.1499,-61916.932
0.15,-61881.444444444445
0.1501,-61845.95688888888
0.1502,-61810.469333333334
0.15030000000000002,-61774.98177777777
0.1504,-61739.49422222222
0.1505,-61704.00666666667
0.1506,-61668.519111111105
0.1507,-61633.03155555556
0.15080000000000002,-61597.543999999994
0.1509,-61562.05644444444
0.151,-61526.56888888889
0.1511,-61491.08133333333
0.1512,-61455.59377777778
0.15130000000000002,-61420.10622222222
0.1514,-61384.61866666666
0.1515,-61349.13111111111
0.1516,-61313.64355555555
0.1517,-61278.156
0.15180000000000002,-61242.66844444444
0.1519,-61207.180888888885
0.152,-61171.693333333336
0.1521,-61136.20577777777
0.1522,-61100.718222222225
0.15230000000000002,-61065.23066666666
0.1524,-61029.74311111111
0.1525,-60994.25555555556
0.1526,-60958.768
0.1527,-60923.28044444444
0.15280000000000002,-60887.792888888885
0.1529,-60852.30533333333
0.153,-60816.81777777778
0.1531,-60781.33022222222
0.1532,-60745.842666666664
0.15330000000000002,-60710.3551111111
0.1534,-60674.86755555555
0.1535,-60639.380000000005
0.15360000000000001,-60603.89244444444
0.1537,-60568.40488888889
0.15380000000000002,-60532.917333333324
0.1539,-60497.429777777776
0.154,-60461.94222222222
0.15410000000000001,-60426.454666666665
0.1542,-60390.96711111111
0.15430000000000002,-60355.47955555555
0.1544,-60319.992
0.1545,-60284.50444444444
0.15460000000000002,-60249.01688888888
0.1547,-60213.52933333333
0.15480000000000002,-60178.04177777777
0.1549,-60142.55422222222
0.155,-60107.066666666666
0.15510000000000002,-60071.5791111111
0.1552,-60036.091555555555
0.1553,-60000.604
0.1554,-59965.116444444444
0.1555,-59929.62888888889
0.15560000000000002,-59894.141333333326
0.1557,-59858.65377777778
0.1558,-59823.16622222222
0.1559,-59787.67866666667
0.156,-59752.19111111111
0.15610000000000002,-59716.70355555555
0.1562,-59681.216
0.1563,-59645.728444444445
0.1564,-59610.24088888888
0.1565,-59574.753333333334
0.15660000000000002,-59539.26577777777
0.1567,-59503.77822222222
0.1568,-59468.29066666667
0.1569,-59432.803111111105
0.157,-59397.31555555556
0.15710000000000002,-59361.827999999994
0.1572,-59326.340444444446
0.1573,-59290.85288888889
0.1574,-59255.36533333333
0.1575,-59219.87777777778
0.15760000000000002,-59184.39022222222
0.1577,-59148.90266666666
0.1578,-59113.41511111111
0.1579,-59077.92755555555
0.158,-59042.44
0.15810000000000002,-59006.95244444444
0.1582,-58971.464888888884
0.1583,-58935.977333333336
0.1584,-58900.48977777777
0.1585,-58865.002222222225
0.15860000000000002,-58829.51466666666
0.1587,-58794.02711111111
0.1588,-58758.53955555556
0.1589,-58723.051999999996
0.159,-58687.56444444444
0.15910000000000002,-58652.076888888885
0.1592,-58616.58933333333
0.1593,-58581.10177777778
0.15940000000000001,-58545.61422222222
0.1595,-58510.12666666666
0.15960000000000002,-58474.63911111111
0.1597,-58439.15155555555
0.1598,-58403.664000000004
0.15990000000000001,-58368.17644444444
0.16,-58332.688888888886
0.16010000000000002,-58297.20133333332
0.1602,-58261.713777777775
0.1603,-58226.22622222222
0.16040000000000001,-58190.738666666664
0.1605,-58155.25111111111
0.16060000000000002,-58119.763555555546
0.1607,-58084.276
0.1608,-58048.78844444444
0.16090000000000002,-58013.30088888889
0.161,-57977.81333333333
0.16110000000000002,-57942.32577777777
0.1612,-57906.83822222222
0.1613,-57871.350666666665
0.16140000000000002,-57835.8631111111
0.1615,-57800.375555555554
0.16160000000000002,-57764.88799999999
0.1617,-57729.40044444444
0.1618,-57693.91288888889
0.16190000000000002,-57658.425333333325
0.162,-57622.93777777778
0.1621,-57587.45022222222
0.1622,-57551.962666666666
0.1623,-57516.47511111111
0.16240000000000002,-57480.98755555555
0.1625,-57445.5
0.1626,-57410.012444444445
0.1627,-57374.52488888888
0.1628,-57339.037333333334
0.16290000000000002,-57303.54977777777
0.163,-57268.06222222222
0.1631,-57232.57466666667
0.1632,-57197.087111111105
0.1633,-57161.59955555556
0.16340000000000002,-57126.111999999994
0.1635,-57090.624444444446
0.1636,-57055.13688888889
0.1637,-57019.64933333333
0.1638,-56984.16177777778
0.16390000000000002,-56948.67422222222
0.164,-56913.18666666666
0.1641,-56877.69911111111
0.1642,-56842.21155555555
0.1643,-56806.724
0.16440000000000002,-56771.23644444444
0.1645,-56735.748888888884
0.1646,-56700.261333333336
0.1647,-56664.77377777777
0.1648,-56629.286222222225
0.16490000000000002,-56593.79866666666
0.165,-56558.31111111111
0.1651,-56522.82355555556
0.1652,-56487.335999999996
0.1653,-56451.84844444444
0.16540000000000002,-56416.360888888885
0.1655,-56380.87333333333
0.1656,-56345.38577777778
0.16570000000000001,-56309.89822222222
0.1658,-56274.41066666666
0.16590000000000002,-56238.92311111111
0.166,-56203.43555555555
0.1661,-56167.948000000004
0.16620000000000001,-56132.46044444444
0.1663,-56096.972888888886
0.16640000000000002,-56061.48533333332
0.1665,-56025.997777777775
0.1666,-55990.51022222223
0.16670000000000001,-55955.022666666664
0.1668,-55919.53511111111
0.16690000000000002,-55884.047555555546
0.167,-55848.56
0.1671,-55813.07244444444
0.16720000000000002,-55777.58488888889
0.1673,-55742.09733333333
0.16740000000000002,-55706.60977777777
0.1675,-55671.12222222222
0.1676,-55635.634666666665
0.16770000000000002,-55600.1471111111
0.1678,-55564.659555555554
0.16790000000000002,-55529.17199999999
0.168,-55493.68444444444
0.1681,-55458.19688888889
0.16820000000000002,-55422.709333333325
0.1683,-55387.22177777778
0.16840000000000002,-55351.734222222214
0.1685,-55316.246666666666
0.1686,-55280.75911111111
0.16870000000000002,-55245.27155555555
0.1688,-55209.784
0.1689,-55174.296444444444
0.169,-55138.80888888888
0.1691,-55103.32133333333
0.16920000000000002,-55067.83377777777
0.1693,-55032.34622222222
0.1694,-54996.85866666667
0.1695,-54961.371111111104
0.1696,-54925.883555555556
0.16970000000000002,-54890.39599999999
0.1698,-54854.908444444445
0.1699,-54819.42088888889
0.17,-54783.93333333333
0.1701,-54748.44577777778
0.17020000000000002,-54712.958222222216
0.1703,-54677.47066666667
0.1704,-54641.98311111111
0.1705,-54606.49555555555
0.1706,-54571.008
0.17070000000000002,-54535.52044444444
0.1708,-54500.03288888888
0.1709,-54464.545333333335
0.171,-54429.05777777777
0.1711,-54393.570222222224
0.17120000000000002,-54358.08266666666
0.1713,-54322.595111111106
0.1714,-54287.10755555556
0.1715,-54251.619999999995
0.1716,-54216.13244444445
0.17170000000000002,-54180.644888888884
0.1718,-54145.15733333333
0.1719,-54109.66977777778
0.17200000000000001,-54074.18222222222
0.1721,-54038.69466666666
0.17220000000000002,-54003.20711111111
0.1723,-53967.71955555555
0.1724,-53932.232
0.17250000000000001,-53896.74444444444
0.1726,-53861.256888888885
0.17270000000000002,-53825.76933333333
0.1728,-53790.281777777775
0.1729,-53754.79422222223
0.17300000000000001,-53719.306666666664
0.1731,-53683.81911111111
0.17320000000000002,-53648.331555555545
0.1733,-53612.844
0.1734,-53577.35644444444
0.17350000000000002,-53541.86888888889
0.1736,-53506.38133333333
0.17370000000000002,-53470.89377777777
0.1738,-53435.40622222222
0.1739,-53399.918666666665
0.17400000000000002,-53364.43111111111
0.1741,-53328.943555555554
0.17420000000000002,-53293.45599999999
0.1743,-53257.96844444444
0.1744,-53222.48088888889
0.17450000000000002,-53186.993333333325
0.1746,-53151.50577777778
0.17470000000000002,-53116.018222222214
0.1748,-53080.530666666666
0.1749,-53045.04311111111
0.17500000000000002,-53009.555555555555
0.1751,-52974.06800000001
0.1752,-52938.58044444445
0.1753,-52903.09288888888
0.1754,-52867.605333333326
0.17550000000000002,-52832.11777777778
0.1756,-52796.63022222222
0.1757,-52761.142666666674
0.1758,-52725.655111111104
0.1759,-52690.16755555555
0.17600000000000002,-52654.68
0.1761,-52619.192444444445
0.1762,-52583.7048888889
0.1763,-52548.21733333333
0.1764,-52512.72977777777
0.17650000000000002,-52477.24222222222
0.1766,-52441.75466666667
0.1767,-52406.26711111112
0.1768,-52370.77955555555
0.1769,-52335.291999999994
0.17700000000000002,-52299.804444444446
0.1771,-52264.31688888889
0.1772,-52228.82933333334
0.1773,-52193.341777777765
0.1774,-52157.85422222222
0.17750000000000002,-52122.36666666667
0.1776,-52086.87911111111
0.1777,-52051.391555555565
0.1778,-52015.90399999999
0.1779,-51980.41644444444
0.17800000000000002,-51944.928888888884
0.1781,-51909.441333333336
0.1782,-51873.95377777778
0.17830000000000001,-51838.46622222221
0.1784,-51802.97866666666
0.17850000000000002,-51767.49111111111
0.1786,-51732.00355555556
0.1787,-51696.516
0.17880000000000001,-51661.02844444443
0.1789,-51625.540888888885
0.17900000000000002,-51590.05333333333
0.1791,-51554.56577777778
0.1792,-51519.078222222226
0.17930000000000001,-51483.590666666656
0.1794,-51448.10311111111
0.17950000000000002,-51412.61555555555
0.1796,-51377.128000000004
0.1797,-51341.64044444445
0.17980000000000002,-51306.15288888888
0.1799,-51270.66533333333
0.18000000000000002,-51235.177777777775
0.1801,-51199.69022222223
0.1802,-51164.20266666667
0.18030000000000002,-51128.7151111111
0.1804,-51093.227555555546
0.18050000000000002,-51057.74
0.1806,-51022.25244444444
0.1807,-50986.764888888894
0.18080000000000002,-50951.277333333324
0.1809,-50915.78977777777
0.18100000000000002,-50880.30222222222
0.1811,-50844.814666666665
0.1812,-50809.32711111112
0.18130000000000002,-50773.83955555555
0.1814,-50738.35199999999
0.18150000000000002,-50702.86444444444
0.1816,-50667.37688888889
0.1817,-50631.88933333334
0.18180000000000002,-50596.40177777777
0.1819,-50560.914222222214
0.182,-50525.426666666666
0.1821,-50489.93911111111
0.1822,-50454.45155555556
0.18230000000000002,-50418.963999999985
0.1824,-50383.47644444444
0.1825,-50347.98888888889
0.1826,-50312.50133333333
0.1827,-50277.013777777785
0.18280000000000002,-50241.52622222221
0.1829,-50206.03866666666
0.183,-50170.551111111105
0.1831,-50135.06355555556
0.1832,-50099.576
0.18330000000000002,-50064.08844444443
0.1834,-50028.60088888888
0.1835,-49993.11333333333
0.1836,-49957.62577777778
0.1837,-49922.138222222224
0.18380000000000002,-49886.650666666654
0.1839,-49851.163111111106
0.184,-49815.67555555555
0.1841,-49780.188
0.1842,-49744.70044444445
0.18430000000000002,-49709.21288888888
0.1844,-49673.72533333333
0.1845,-49638.23777777777
0.18460000000000001,-49602.750222222225
0.1847,-49567.26266666667
0.18480000000000002,-49531.7751111111
0.1849,-49496.28755555555
0.185,-49460.799999999996
0.18510000000000001,-49425.31244444445
0.1852,-49389.82488888889
0.18530000000000002,-49354.33733333332
0.1854,-49318.84977777777
0.1855,-49283.36222222222
0.18560000000000001,-49247.87466666666
0.1857,-49212.387111111115
0.18580000000000002,-49176.899555555545
0.1859,-49141.41199999999
0.186,-49105.92444444444
0.18610000000000002,-49070.436888888886
0.1862,-49034.94933333334
0.18630000000000002,-48999.46177777777
0.1864,-48963.97422222221
0.1865,-48928.486666666664
0.18660000000000002,-48892.99911111111
0.1867,-48857.51155555556
0.18680000000000002,-48822.02399999999
0.1869,-48786.536444444435
0.187,-48751.04888888889
0.18710000000000002,-48715.56133333333
0.1872,-48680.07377777778
0.18730000000000002,-48644.58622222221
0.1874,-48609.09866666666
0.1875,-48573.61111111111
0.18760000000000002,-48538.123555555554
0.1877,-48502.636000000006
0.18780000000000002,-48467.14844444443
0.1879,-48431.66088888888
0.188,-48396.173333333325
0.18810000000000002,-48360.68577777778
0.1882,-48325.19822222223
0.1883,-48289.71066666667
0.1884,-48254.2231111111
0.1885,-48218.73555555555
0.18860000000000002,-48183.248
0.1887,-48147.760444444444
0.1888,-48112.272888888896
0.1889,-48076.785333333326
0.189,-48041.29777777777
0.18910000000000002,-48005.81022222222
0.1892,-47970.32266666667
0.1893,-47934.83511111112
0.1894,-47899.34755555555
0.1895,-47863.85999999999
0.18960000000000002,-47828.372444444445
0.1897,-47792.88488888889
0.1898,-47757.39733333334
0.1899,-47721.90977777777
0.19,-47686.422222222216
0.19010000000000002,-47650.93466666667
0.1902,-47615.44711111111
0.1903,-47579.959555555564
0.1904,-47544.47199999999
0.1905,-47508.98444444444
0.19060000000000002,-47473.49688888888
0.1907,-47438.009333333335
0.1908,-47402.52177777779
0.19090000000000001,-47367.03422222221
0.191,-47331.54666666666
0.19110000000000002,-47296.059111111106
0.1912,-47260.57155555556
0.1913,-47225.084
0.19140000000000001,-47189.59644444443
0.1915,-47154.108888888884
0.19160000000000002,-47118.62133333333
0.1917,-47083.13377777778
0.1918,-47047.646222222225
0.19190000000000002,-47012.158666666655
0.192,-46976.67111111111
0.19210000000000002,-46941.18355555555
0.1922,-46905.696
0.1923,-46870.20844444445
0.19240000000000002,-46834.72088888888
0.1925,-46799.23333333333
0.19260000000000002,-46763.745777777774
0.1927,-46728.258222222226
0.1928,-46692.77066666667
0.19290000000000002,-46657.2831111111
0.193,-46621.795555555545
0.19310000000000002,-46586.308
0.1932,-46550.82044444445
0.1933,-46515.332888888894
0.19340000000000002,-46479.845333333324
0.1935,-46444.35777777777
0.19360000000000002,-46408.87022222222
0.1937,-46373.382666666665
0.1938,-46337.89511111112
0.19390000000000002,-46302.40755555555
0.194,-46266.91999999999
0.19410000000000002,-46231.43244444444
0.1942,-46195.94488888889
0.1943,-46160.45733333334
0.19440000000000002,-46124.96977777777
0.1945,-46089.482222222214
0.19460000000000002,-46053.994666666666
0.1947,-46018.50711111111
0.1948,-45983.01955555556
0.19490000000000002,-45947.53199999999
0.195,-45912.04444444444
0.1951,-45876.55688888889
0.1952,-45841.06933333333
0.1953,-45805.581777777785
0.19540000000000002,-45770.09422222221
0.1955,-45734.60666666666
0.1956,-45699.11911111111
0.1957,-45663.631555555556
0.1958,-45628.14400000001
0.19590000000000002,-45592.65644444443
0.196,-45557.16888888888
0.1961,-45521.68133333333
0.1962,-45486.19377777778
0.1963,-45450.70622222222
0.19640000000000002,-45415.21866666665
0.1965,-45379.731111111105
0.1966,-45344.24355555555
0.1967,-45308.756
0.1968,-45273.268444444446
0.19690000000000002,-45237.780888888876
0.197,-45202.29333333333
0.1971,-45166.80577777777
0.19720000000000001,-45131.318222222224
0.1973,-45095.83066666667
0.19740000000000002,-45060.3431111111
0.1975,-45024.85555555555
0.1976,-44989.367999999995
0.19770000000000001,-44953.88044444445
0.1978,-44918.39288888889
0.19790000000000002,-44882.90533333332
0.198,-44847.41777777777
0.1981,-44811.93022222222
0.19820000000000002,-44776.44266666667
0.1983,-44740.955111111114
0.19840000000000002,-44705.467555555544
0.1985,-44669.97999999999
0.1986,-44634.49244444444
0.19870000000000002,-44599.004888888885
0.1988,-44563.51733333334
0.19890000000000002,-44528.02977777777
0.199,-44492.54222222221
0.1991,-44457.05466666666
0.19920000000000002,-44421.56711111111
0.1993,-44386.07955555556
0.19940000000000002,-44350.59199999999
0.1995,-44315.104444444434
0.1996,-44279.616888888886
0.19970000000000002,-44244.12933333333
0.1998,-44208.64177777778
0.19990000000000002,-44173.15422222221
0.2,-44137.66666666666
0.2001,-44102.17911111111
0.20020000000000002,-44066.69155555555
0.2003,-44031.204000000005
0.20040000000000002,-43995.71644444443
0.2005,-43960.22888888888
0.2006,-43924.74133333333
0.20070000000000002,-43889.253777777776
0.2008,-43853.76622222223
0.20090000000000002,-43818.27866666665
0.201,-43782.7911111111
0.2011,-43747.30355555555
0.20120000000000002,-43711.816
0.2013,-43676.32844444444
0.20140000000000002,-43640.84088888887
0.2015,-43605.353333333325
0.2016,-43569.86577777777
0.20170000000000002,-43534.37822222222
0.2018,-43498.890666666666
0.2019,-43463.40311111112
0.202,-43427.91555555555
0.2021,-43392.42799999999
0.20220000000000002,-43356.940444444444
0.2023,-43321.45288888889
0.2024,-43285.96533333334
0.2025,-43250.47777777777
0.2026,-43214.990222222215
0.20270000000000002,-43179.50266666667
0.2028,-43144.01511111111
0.2029,-43108.52755555556
0.203,-43073.03999999999
0.2031,-43037.55244444444
0.20320000000000002,-43002.06488888889
0.2033,-42966.577333333335
0.2034,-42931.08977777779
0.20350000000000001,-42895.60222222221
0.2036,-42860.11466666666
0.20370000000000002,-42824.627111111105
0.2038,-42789.13955555556
0.2039,-42753.65200000001
0.20400000000000001,-42718.16444444443
0.2041,-42682.676888888884
0.20420000000000002,-42647.18933333333
0.2043,-42611.70177777778
0.2044,-42576.214222222225
0.20450000000000002,-42540.726666666655
0.2046,-42505.23911111111
0.20470000000000002,-42469.75155555555
0.2048,-42434.264
0.2049,-42398.77644444445
0.20500000000000002,-42363.28888888888
0.2051,-42327.80133333333
0.20520000000000002,-42292.313777777774
0.2053,-42256.826222222226
0.2054,-42221.33866666667
0.20550000000000002,-42185.8511111111
0.2056,-42150.36355555555
0.20570000000000002,-42114.876
0.2058,-42079.38844444445
0.2059,-42043.90088888889
0.20600000000000002,-42008.41333333332
0.2061,-41972.92577777777
0.20620000000000002,-41937.43822222222
0.2063,-41901.95066666667
0.2064,-41866.463111111116
0.20650000000000002,-41830.975555555546
0.2066,-41795.48799999999
0.20670000000000002,-41760.00044444444
0.2068,-41724.51288888889
0.2069,-41689.02533333334
0.20700000000000002,-41653.53777777777
0.2071,-41618.05022222221
0.20720000000000002,-41582.562666666665
0.2073,-41547.07511111111
0.2074,-41511.58755555556
0.20750000000000002,-41476.09999999999
0.2076,-41440.612444444436
0.20770000000000002,-41405.12488888889
0.2078,-41369.63733333333
0.2079,-41334.149777777784
0.20800000000000002,-41298.662222222214
0.2081,-41263.17466666666
0.2082,-41227.68711111111
0.2083,-41192.199555555555
0.2084,-41156.71200000001
0.20850000000000002,-41121.22444444443
0.2086,-41085.73688888888
0.2087,-41050.24933333333
0.2088,-41014.76177777778
0.2089,-40979.27422222223
0.20900000000000002,-40943.78666666665
0.2091,-40908.299111111104
0.2092,-40872.81155555555
0.2093,-40837.324
0.2094,-40801.836444444445
0.20950000000000002,-40766.348888888875
0.2096,-40730.86133333333
0.2097,-40695.37377777777
0.20980000000000001,-40659.88622222222
0.2099,-40624.39866666667
0.21000000000000002,-40588.9111111111
0.2101,-40553.42355555555
0.2102,-40517.935999999994
0.21030000000000001,-40482.448444444446
0.2104,-40446.96088888889
0.21050000000000002,-40411.47333333332
0.2106,-40375.98577777777
0.2107,-40340.49822222222
0.21080000000000002,-40305.01066666667
0.2109,-40269.52311111111
0.21100000000000002,-40234.03555555554
0.2111,-40198.54799999999
0.2112,-40163.06044444444
0.21130000000000002,-40127.57288888889
0.2114,-40092.085333333336
0.21150000000000002,-40056.597777777766
0.2116,-40021.11022222221
0.2117,-39985.62266666666
0.21180000000000002,-39950.13511111111
0.2119,-39914.64755555556
0.21200000000000002,-39879.15999999999
0.2121,-39843.67244444443
0.2122,-39808.184888888885
0.21230000000000002,-39772.69733333333
0.2124,-39737.20977777778
0.21250000000000002,-39701.72222222221
0.2126,-39666.234666666656
0.2127,-39630.74711111111
0.21280000000000002,-39595.25955555555
0.2129,-39559.772000000004
0.21300000000000002,-39524.284444444434
0.2131,-39488.79688888888
0.2132,-39453.30933333333
0.21330000000000002,-39417.821777777775
0.2134,-39382.33422222223
0.21350000000000002,-39346.84666666665
0.2136,-39311.3591111111
0.2137,-39275.871555555554
0.21380000000000002,-39240.384
0.2139,-39204.89644444445
0.21400000000000002,-39169.40888888887
0.2141,-39133.921333333325
0.2142,-39098.43377777777
0.21430000000000002,-39062.94622222222
0.2144,-39027.458666666666
0.21450000000000002,-38991.971111111096
0.2146,-38956.48355555555
0.2147,-38920.99599999999
0.21480000000000002,-38885.508444444444
0.2149,-38850.02088888889
0.215,-38814.53333333334
0.2151,-38779.04577777777
0.2152,-38743.558222222215
0.21530000000000002,-38708.07066666667
0.2154,-38672.58311111111
0.2155,-38637.09555555556
0.2156,-38601.60799999999
0.2157,-38566.12044444444
0.21580000000000002,-38530.63288888889
0.2159,-38495.145333333334
0.216,-38459.657777777786
0.21610000000000001,-38424.170222222216
0.2162,-38388.68266666666
0.21630000000000002,-38353.19511111111
0.2164,-38317.70755555556
0.2165,-38282.22000000001
0.21660000000000001,-38246.73244444443
0.2167,-38211.24488888888
0.21680000000000002,-38175.75733333333
0.2169,-38140.26977777778
0.217,-38104.78222222223
0.21710000000000002,-38069.294666666654
0.2172,-38033.807111111106
0.21730000000000002,-37998.31955555555
0.2174,-37962.832
0.2175,-37927.34444444445
0.21760000000000002,-37891.85688888888
0.2177,-37856.36933333333
0.21780000000000002,-37820.88177777777
0.2179,-37785.394222222225
0.218,-37749.90666666667
0.21810000000000002,-37714.4191111111
0.2182,-37678.93155555555
0.21830000000000002,-37643.443999999996
0.2184,-37607.95644444445
0.2185,-37572.46888888889
0.21860000000000002,-37536.98133333332
0.2187,-37501.493777777774
0.21880000000000002,-37466.00622222222
0.2189,-37430.51866666667
0.219,-37395.031111111115
0.21910000000000002,-37359.543555555545
0.2192,-37324.05599999999
0.21930000000000002,-37288.56844444444
0.2194,-37253.080888888886
0.2195,-37217.59333333334
0.21960000000000002,-37182.10577777777
0.2197,-37146.61822222221
0.21980000000000002,-37111.130666666664
0.2199,-37075.64311111111
0.22,-37040.15555555556
0.22010000000000002,-37004.66799999999
0.2202,-36969.180444444435
0.22030000000000002,-36933.69288888889
0.2204,-36898.20533333333
0.2205,-36862.71777777778
0.22060000000000002,-36827.23022222221
0.2207,-36791.74266666666
0.22080000000000002,-36756.25511111111
0.2209,-36720.767555555554
0.221,-36685.280000000006
0.22110000000000002,-36649.792444444436
0.2212,-36614.30488888888
0.22130000000000002,-36578.81733333333
0.2214,-36543.32977777778
0.2215,-36507.84222222223
0.22160000000000002,-36472.35466666665
0.2217,-36436.8671111111
0.2218,-36401.37955555555
0.22190000000000001,-36365.892
0.222,-36330.40444444445
0.22210000000000002,-36294.916888888874
0.2222,-36259.429333333326
0.2223,-36223.94177777777
0.22240000000000001,-36188.45422222222
0.2225,-36152.96666666667
0.22260000000000002,-36117.4791111111
0.2227,-36081.99155555555
0.2228,-36046.50399999999
0.22290000000000001,-36011.016444444445
0.223,-35975.52888888889
0.22310000000000002,-35940.04133333332
0.2232,-35904.55377777777
0.2233,-35869.066222222216
0.22340000000000002,-35833.57866666667
0.2235,-35798.09111111111
0.22360000000000002,-35762.60355555554
0.2237,-35727.115999999995
0.2238,-35691.62844444444
0.22390000000000002,-35656.14088888889
0.224,-35620.653333333335
0.22410000000000002,-35585.165777777765
0.2242,-35549.67822222221
0.2243,-35514.19066666666
0.22440000000000002,-35478.703111111114
0.2245,-35443.21555555556
0.22460000000000002,-35407.72799999999
0.2247,-35372.24044444443
0.2248,-35336.752888888885
0.22490000000000002,-35301.26533333333
0.225,-35265.77777777778
0.22510000000000002,-35230.29022222221
0.2252,-35194.802666666656
0.2253,-35159.31511111111
0.22540000000000002,-35123.82755555555
0.2255,-35088.340000000004
0.22560000000000002,-35052.852444444434
0.2257,-35017.36488888888
0.2258,-34981.87733333333
0.22590000000000002,-34946.389777777775
0.226,-34910.90222222223
0.22610000000000002,-34875.41466666666
0.2262,-34839.9271111111
0.2263,-34804.43955555555
0.22640000000000002,-34768.952
0.2265,-34733.46444444445
0.22660000000000002,-34697.97688888887
0.2267,-34662.489333333324
0.2268,-34627.001777777776
0.22690000000000002,-34591.51422222222
0.227,-34556.02666666667
0.22710000000000002,-34520.539111111095
0.2272,-34485.05155555555
0.2273,-34449.56399999999
0.22740000000000002,-34414.07644444444
0.2275,-34378.58888888889
0.22760000000000002,-34343.10133333332
0.2277,-34307.61377777777
0.2278,-34272.126222222214
0.22790000000000002,-34236.638666666666
0.228,-34201.15111111111
0.2281,-34165.66355555556
0.22820000000000001,-34130.17599999999
0.2283,-34094.68844444444
0.22840000000000002,-34059.20088888889
0.2285,-34023.71333333333
0.2286,-33988.225777777785
0.22870000000000001,-33952.738222222215
0.2288,-33917.25066666666
0.22890000000000002,-33881.76311111111
0.229,-33846.275555555556
0.2291,-33810.78800000001
0.22920000000000001,-33775.30044444443
0.2293,-33739.81288888888
0.22940000000000002,-33704.325333333334
0.2295,-33668.83777777778
0.2296,-33633.35022222223
0.22970000000000002,-33597.86266666665
0.2298,-33562.375111111105
0.22990000000000002,-33526.88755555555
0.23,-33491.4
0.2301,-33455.912444444446
0.23020000000000002,-33420.424888888876
0.2303,-33384.93733333333
0.23040000000000002,-33349.44977777777
0.2305,-33313.962222222224
0.2306,-33278.47466666667
0.23070000000000002,-33242.9871111111
0.2308,-33207.49955555555
0.23090000000000002,-33172.011999999995
0.231,-33136.52444444445
0.2311,-33101.03688888889
0.23120000000000002,-33065.54933333332
0.2313,-33030.06177777777
0.23140000000000002,-32994.57422222222
0.2315,-32959.08666666667
0.2316,-32923.599111111114
0.23170000000000002,-32888.111555555544
0.2318,-32852.623999999996
0.23190000000000002,-32817.13644444444
0.232,-32781.64888888889
0.2321,-32746.161333333337
0.23220000000000002,-32710.673777777767
0.2323,-32675.18622222221
0.23240000000000002,-32639.698666666663
0.2325,-32604.211111111108
0.2326,-32568.72355555556
0.23270000000000002,-32533.23599999999
0.2328,-32497.748444444434
0.23290000000000002,-32462.260888888886
0.233,-32426.77333333333
0.2331,-32391.285777777783
0.23320000000000002,-32355.798222222213
0.2333,-32320.310666666657
0.23340000000000002,-32284.82311111111
0.2335,-32249.335555555554
0.2336,-32213.848000000005
0.23370000000000002,-32178.360444444435
0.2338,-32142.87288888888
0.23390000000000002,-32107.38533333333
0.234,-32071.897777777776
0.2341,-32036.41022222223
0.23420000000000002,-32000.92266666666
0.2343,-31965.435111111103
0.23440000000000003,-31929.947555555555
0.23450000000000001,-31894.46
0.2346,-31858.97244444445
0.23470000000000002,-31823.48488888888
0.2348,-31787.99733333332
0.2349,-31752.50977777777
0.23500000000000001,-31717.022222222222
0.2351,-31681.534666666674
0.23520000000000002,-31646.047111111096
0.2353,-31610.55955555555
0.2354,-31575.072
0.23550000000000001,-31539.584444444437
0.2356,-31504.09688888889
0.23570000000000002,-31468.609333333327
0.2358,-31433.121777777764
0.2359,-31397.634222222216
0.23600000000000002,-31362.146666666667
0.2361,-31326.65911111112
0.23620000000000002,-31291.171555555542
0.2363,-31255.683999999994
0.2364,-31220.196444444446
0.23650000000000002,-31184.708888888883
0.2366,-31149.221333333335
0.23670000000000002,-31113.733777777772
0.2368,-31078.24622222221
0.2369,-31042.75866666666
0.23700000000000002,-31007.271111111113
0.2371,-30971.783555555565
0.23720000000000002,-30936.295999999988
0.2373,-30900.80844444444
0.2374,-30865.320888888877
0.23750000000000002,-30829.83333333333
0.2376,-30794.34577777778
0.23770000000000002,-30758.858222222203
0.2378,-30723.370666666655
0.2379,-30687.883111111107
0.23800000000000002,-30652.39555555556
0.2381,-30616.907999999996
0.23820000000000002,-30581.420444444433
0.2383,-30545.932888888885
0.2384,-30510.445333333322
0.23850000000000002,-30474.957777777774
0.2386,-30439.470222222226
0.23870000000000002,-30403.98266666665
0.2388,-30368.4951111111
0.2389,-30333.007555555552
0.23900000000000002,-30297.520000000004
0.2391,-30262.03244444444
0.23920000000000002,-30226.54488888888
0.2393,-30191.05733333333
0.2394,-30155.569777777768
0.23950000000000002,-30120.08222222222
0.2396,-30084.59466666667
0.23970000000000002,-30049.107111111094
0.2398,-30013.619555555546
0.2399,-29978.131999999998
0.24000000000000002,-29942.64444444445
0.2401,-29907.156888888887
0.24020000000000002,-29871.669333333324
0.2403,-29836.18177777776
0.2404,-29800.694222222213
0.24050000000000002,-29765.206666666665
0.2406,-29729.719111111117
0.24070000000000003,-29694.23155555554
0.24080000000000001,-29658.74399999999
0.2409,-29623.256444444443
0.24100000000000002,-29587.76888888888
0.2411,-29552.281333333332
0.2412,-29516.793777777784
0.24130000000000001,-29481.306222222207
0.2414,-29445.81866666666
0.24150000000000002,-29410.33111111111
0.2416,-29374.843555555562
0.2417,-29339.356
0.24180000000000001,-29303.868444444437
0.2419,-29268.38088888889
0.24200000000000002,-29232.893333333326
0.2421,-29197.405777777778
0.2422,-29161.91822222223
0.24230000000000002,-29126.430666666653
0.2424,-29090.943111111104
0.24250000000000002,-29055.455555555556
0.2426,-29019.968000000008
0.2427,-28984.480444444445
0.24280000000000002,-28948.992888888883
0.2429,-28913.50533333332
0.24300000000000002,-28878.01777777777
0.2431,-28842.530222222224
0.2432,-28807.042666666675
0.24330000000000002,-28771.555111111098
0.2434,-28736.06755555555
0.24350000000000002,-28700.58
0.2436,-28665.09244444444
0.2437,-28629.60488888889
0.24380000000000002,-28594.117333333328
0.2439,-28558.629777777765
0.24400000000000002,-28523.142222222217
0.2441,-28487.65466666667
0.2442,-28452.16711111112
0.24430000000000002,-28416.679555555544
0.2444,-28381.191999999995
0.24450000000000002,-28345.704444444447
0.2446,-28310.216888888885
0.2447,-28274.729333333336
0.24480000000000002,-28239.24177777776
0.2449,-28203.75422222221
0.24500000000000002,-28168.266666666663
0.2451,-28132.779111111115
0.2452,-28097.291555555566
0.24530000000000002,-28061.80399999999
0.2454,-28026.31644444444
0.24550000000000002,-27990.82888888888
0.2456,-27955.34133333333
0.2457,-27919.853777777782
0.24580000000000002,-27884.366222222205
0.2459,-27848.878666666656
0.24600000000000002,-27813.39111111111
0.2461,-27777.90355555556
0.2462,-27742.415999999997
0.24630000000000002,-27706.928444444435
0.2464,-27671.440888888887
0.24650000000000002,-27635.953333333324
0.2466,-27600.465777777776
0.2467,-27564.978222222227
0.24680000000000002,-27529.49066666665
0.2469,-27494.003111111102
0.24700000000000003,-27458.515555555554
0.24710000000000001,-27423.028000000006
0.2472,-27387.540444444443
0.24730000000000002,-27352.05288888888
0.2474,-27316.565333333332
0.24750000000000003,-27281.07777777777
0.24760000000000001,-27245.59022222222
0.2477,-27210.102666666673
0.24780000000000002,-27174.615111111096
0.2479,-27139.127555555548
0.248,-27103.64
0.24810000000000001,-27068.152444444437
0.2482,-27032.66488888889
0.24830000000000002,-26997.177333333326
0.2484,-26961.689777777763
0.2485,-26926.202222222215
0.24860000000000002,-26890.714666666667
0.2487,-26855.22711111112
0.24880000000000002,-26819.73955555554
0.2489,-26784.251999999993
0.249,-26748.764444444445
0.24910000000000002,-26713.276888888882
0.2492,-26677.789333333334
0.24930000000000002,-26642.30177777777
0.2494,-26606.81422222221
0.2495,-26571.32666666666
0.24960000000000002,-26535.839111111112
0.2497,-26500.351555555564
0.24980000000000002,-26464.863999999987
0.2499,-26429.37644444444
0.25,-26393.88888888889
0.2501,-26358.401333333328
0.25020000000000003,-26322.913777777765
0.2503,-26287.426222222202
0.2504,-26251.938666666654
0.2505,-26216.451111111106
0.2506,-26180.963555555558
0.25070000000000003,-26145.47599999998
0.2508,-26109.988444444432
0.2509,-26074.500888888884
0.251,-26039.01333333332
0.2511,-26003.525777777773
0.25120000000000003,-25968.03822222221
0.2513,-25932.550666666648
0.2514,-25897.0631111111
0.2515,-25861.57555555555
0.2516,-25826.088000000003
0.25170000000000003,-25790.600444444426
0.2518,-25755.112888888878
0.2519,-25719.62533333333
0.252,-25684.137777777767
0.2521,-25648.65022222222
0.25220000000000004,-25613.162666666656
0.2523,-25577.675111111093
0.2524,-25542.187555555545
0.2525,-25506.699999999997
0.2526,-25471.21244444445
0.25270000000000004,-25435.72488888887
0.2528,-25400.237333333323
0.2529,-25364.74977777776
0.253,-25329.262222222213
0.2531,-25293.774666666664
0.25320000000000004,-25258.287111111087
0.2533,-25222.79955555554
0.2534,-25187.31199999999
0.2535,-25151.824444444443
0.2536,-25116.33688888888
0.25370000000000004,-25080.849333333317
0.2538,-25045.36177777777
0.2539,-25009.874222222206
0.254,-24974.386666666658
0.2541,-24938.89911111111
0.25420000000000004,-24903.411555555533
0.2543,-24867.923999999985
0.2544,-24832.436444444436
0.2545,-24796.948888888888
0.2546,-24761.461333333325
0.25470000000000004,-24725.973777777763
0.2548,-24690.486222222215
0.2549,-24654.998666666652
0.255,-24619.511111111104
0.2551,-24584.023555555556
0.25520000000000004,-24548.53599999998
0.2553,-24513.04844444443
0.2554,-24477.560888888882
0.2555,-24442.07333333332
0.2556,-24406.58577777777
0.25570000000000004,-24371.09822222221
0.2558,-24335.610666666646
0.2559,-24300.123111111097
0.256,-24264.63555555555
0.2561,-24229.148
0.25620000000000004,-24193.660444444424
0.25630000000000003,-24158.172888888876
0.2564,-24122.685333333327
0.2565,-24087.197777777765
0.2566,-24051.710222222217
0.25670000000000004,-24016.222666666654
0.25680000000000003,-23980.73511111109
0.2569,-23945.247555555543
0.257,-23909.759999999995
0.2571,-23874.272444444447
0.25720000000000004,-23838.78488888887
0.25730000000000003,-23803.29733333332
0.2574,-23767.809777777773
0.2575,-23732.32222222221
0.2576,-23696.834666666662
0.2577,-23661.347111111114
0.25780000000000003,-23625.859555555537
0.2579,-23590.37199999999
0.258,-23554.88444444444
0.2581,-23519.396888888892
0.2582,-23483.90933333333
0.25830000000000003,-23448.421777777767
0.2584,-23412.934222222204
0.2585,-23377.446666666656
0.2586,-23341.959111111108
0.2587,-23306.47155555556
0.25880000000000003,-23270.983999999982
0.2589,-23235.496444444434
0.259,-23200.008888888886
0.2591,-23164.521333333323
0.2592,-23129.033777777775
0.25930000000000003,-23093.546222222212
0.2594,-23058.05866666665
0.2595,-23022.5711111111
0.2596,-22987.083555555553
0.2597,-22951.596000000005
0.25980000000000003,-22916.108444444428
0.2599,-22880.62088888888
0.26,-22845.13333333333
0.2601,-22809.64577777777
0.2602,-22774.15822222222
0.26030000000000003,-22738.670666666643
0.2604,-22703.183111111095
0.2605,-22667.695555555547
0.2606,-22632.208
0.2607,-22596.72044444445
0.26080000000000003,-22561.232888888873
0.2609,-22525.745333333325
0.261,-22490.257777777762
0.2611,-22454.770222222214
0.2612,-22419.282666666666
0.26130000000000003,-22383.79511111109
0.2614,-22348.30755555554
0.2615,-22312.819999999992
0.2616,-22277.332444444444
0.2617,-22241.84488888888
0.26180000000000003,-22206.35733333332
0.2619,-22170.86977777777
0.262,-22135.382222222208
0.2621,-22099.89466666666
0.2622,-22064.40711111111
0.26230000000000003,-22028.919555555534
0.2624,-21993.431999999986
0.2625,-21957.944444444438
0.2626,-21922.45688888889
0.2627,-21886.969333333327
0.26280000000000003,-21851.481777777764
0.2629,-21815.9942222222
0.263,-21780.506666666653
0.2631,-21745.019111111105
0.2632,-21709.531555555557
0.26330000000000003,-21674.04399999998
0.2634,-21638.55644444443
0.2635,-21603.068888888884
0.2636,-21567.58133333332
0.2637,-21532.093777777773
0.26380000000000003,-21496.60622222221
0.2639,-21461.118666666647
0.264,-21425.6311111111
0.2641,-21390.14355555555
0.2642,-21354.656000000003
0.26430000000000003,-21319.168444444425
0.2644,-21283.680888888877
0.2645,-21248.19333333333
0.2646,-21212.705777777766
0.2647,-21177.218222222218
0.26480000000000004,-21141.730666666655
0.2649,-21106.243111111093
0.265,-21070.755555555545
0.2651,-21035.267999999996
0.2652,-20999.78044444445
0.26530000000000004,-20964.29288888887
0.2654,-20928.805333333323
0.2655,-20893.317777777775
0.2656,-20857.830222222212
0.2657,-20822.342666666664
0.26580000000000004,-20786.855111111086
0.2659,-20751.36755555554
0.266,-20715.87999999999
0.2661,-20680.392444444442
0.2662,-20644.90488888888
0.26630000000000004,-20609.417333333316
0.2664,-20573.92977777777
0.2665,-20538.442222222206
0.2666,-20502.954666666657
0.2667,-20467.46711111111
0.26680000000000004,-20431.979555555532
0.2669,-20396.491999999984
0.267,-20361.004444444436
0.2671,-20325.516888888887
0.2672,-20290.029333333325
0.26730000000000004,-20254.541777777762
0.2674,-20219.054222222214
0.2675,-20183.56666666665
0.2676,-20148.079111111103
0.2677,-20112.591555555555
0.26780000000000004,-20077.103999999978
0.2679,-20041.61644444443
0.268,-20006.12888888888
0.2681,-19970.641333333333
0.2682,-19935.15377777777
0.26830000000000004,-19899.666222222208
0.2684,-19864.178666666645
0.2685,-19828.691111111097
0.2686,-19793.20355555555
0.2687,-19757.716
0.26880000000000004,-19722.228444444423
0.26890000000000003,-19686.740888888875
0.269,-19651.253333333327
0.2691,-19615.765777777764
0.2692,-19580.278222222216
0.26930000000000004,-19544.790666666653
0.26940000000000003,-19509.30311111109
0.2695,-19473.815555555542
0.2696,-19438.327999999994
0.2697,-19402.840444444446
0.26980000000000004,-19367.35288888887
0.26990000000000003,-19331.86533333332
0.27,-19296.377777777772
0.2701,-19260.89022222221
0.2702,-19225.40266666666
0.27030000000000004,-19189.9151111111
0.27040000000000003,-19154.427555555536
0.2705,-19118.939999999988
0.2706,-19083.45244444444
0.2707,-19047.96488888889
0.27080000000000004,-19012.477333333314
0.27090000000000003,-18976.989777777766
0.271,-18941.502222222203
0.2711,-18906.014666666655
0.2712,-18870.527111111107
0.2713,-18835.03955555556
0.27140000000000003,-18799.55199999998
0.2715,-18764.064444444433
0.2716,-18728.576888888885
0.2717,-18693.089333333322
0.2718,-18657.601777777774
0.27190000000000003,-18622.11422222221
0.272,-18586.62666666665
0.2721,-18551.1391111111
0.2722,-18515.651555555552
0.2723,-18480.164000000004
0.27240000000000003,-18444.676444444427
0.2725,-18409.18888888888
0.2726,-18373.70133333333
0.2727,-18338.213777777768
0.2728,-18302.72622222222
0.27290000000000003,-18267.238666666657
0.273,-18231.751111111094
0.2731,-18196.263555555546
0.2732,-18160.775999999998
0.2733,-18125.28844444445
0.27340000000000003,-18089.800888888873
0.2735,-18054.313333333324
0.2736,-18018.82577777776
0.2737,-17983.338222222214
0.2738,-17947.850666666665
0.27390000000000003,-17912.363111111088
0.274,-17876.87555555554
0.2741,-17841.38799999999
0.2742,-17805.900444444444
0.2743,-17770.41288888888
0.27440000000000003,-17734.925333333318
0.2745,-17699.43777777777
0.2746,-17663.950222222207
0.2747,-17628.46266666666
0.2748,-17592.97511111111
0.27490000000000003,-17557.487555555534
0.275,-17521.999999999985
0.2751,-17486.512444444437
0.2752,-17451.02488888889
0.2753,-17415.537333333326
0.27540000000000003,-17380.049777777764
0.2755,-17344.562222222215
0.2756,-17309.074666666653
0.2757,-17273.587111111105
0.2758,-17238.099555555556
0.27590000000000003,-17202.61199999998
0.276,-17167.12444444443
0.2761,-17131.636888888883
0.2762,-17096.149333333335
0.2763,-17060.661777777772
0.27640000000000003,-17025.17422222221
0.2765,-16989.686666666646
0.2766,-16954.1991111111
0.2767,-16918.71155555555
0.2768,-16883.224000000002
0.27690000000000003,-16847.736444444425
0.277,-16812.248888888877
0.2771,-16776.76133333333
0.2772,-16741.273777777766
0.2773,-16705.786222222217
0.27740000000000004,-16670.298666666655
0.2775,-16634.811111111092
0.2776,-16599.323555555544
0.2777,-16563.835999999996
0.2778,-16528.348444444448
0.27790000000000004,-16492.86088888887
0.278,-16457.373333333322
0.2781,-16421.885777777774
0.2782,-16386.39822222221
0.2783,-16350.910666666663
0.27840000000000004,-16315.423111111086
0.2785,-16279.935555555538
0.2786,-16244.44799999999
0.2787,-16208.960444444441
0.2788,-16173.472888888893
0.27890000000000004,-16137.985333333316
0.279,-16102.497777777768
0.2791,-16067.010222222205
0.2792,-16031.522666666657
0.2793,-15996.035111111109
0.27940000000000004,-15960.547555555531
0.2795,-15925.059999999983
0.2796,-15889.572444444435
0.2797,-15854.084888888887
0.2798,-15818.597333333324
0.27990000000000004,-15783.109777777761
0.28,-15747.622222222213
0.2801,-15712.13466666665
0.2802,-15676.647111111102
0.2803,-15641.159555555554
0.28040000000000004,-15605.671999999977
0.2805,-15570.184444444429
0.2806,-15534.69688888888
0.2807,-15499.209333333332
0.2808,-15463.72177777777
0.28090000000000004,-15428.234222222207
0.281,-15392.746666666659
0.2811,-15357.259111111096
0.2812,-15321.771555555548
0.2813,-15286.284
0.28140000000000004,-15250.796444444422
0.28150000000000003,-15215.308888888874
0.2816,-15179.821333333326
0.2817,-15144.333777777763
0.2818,-15108.846222222215
0.28190000000000004,-15073.358666666652
0.28200000000000003,-15037.87111111109
0.2821,-15002.383555555542
0.2822,-14966.895999999993
0.2823,-14931.408444444445
0.28240000000000004,-14895.920888888868
0.28250000000000003,-14860.43333333332
0.2826,-14824.945777777772
0.2827,-14789.458222222209
0.2828,-14753.97066666666
0.28290000000000004,-14718.483111111098
0.28300000000000003,-14682.995555555535
0.2831,-14647.507999999987
0.2832,-14612.020444444439
0.2833,-14576.53288888889
0.28340000000000004,-14541.045333333313
0.28350000000000003,-14505.557777777765
0.2836,-14470.070222222217
0.2837,-14434.582666666654
0.2838,-14399.095111111106
0.28390000000000004,-14363.607555555529
0.28400000000000003,-14328.11999999998
0.2841,-14292.632444444433
0.2842,-14257.144888888884
0.2843,-14221.657333333322
0.2844,-14186.169777777774
0.28450000000000003,-14150.68222222221
0.2846,-14115.194666666648
0.2847,-14079.7071111111
0.2848,-14044.219555555552
0.2849,-14008.732000000004
0.28500000000000003,-13973.244444444426
0.2851,-13937.756888888878
0.2852,-13902.26933333333
0.2853,-13866.781777777767
0.2854,-13831.29422222222
0.28550000000000003,-13795.806666666656
0.2856,-13760.319111111094
0.2857,-13724.831555555545
0.2858,-13689.343999999997
0.2859,-13653.85644444445
0.28600000000000003,-13618.368888888872
0.2861,-13582.881333333324
0.2862,-13547.393777777776
0.2863,-13511.906222222213
0.2864,-13476.418666666665
0.28650000000000003,-13440.931111111087
0.2866,-13405.44355555554
0.2867,-13369.955999999991
0.2868,-13334.468444444443
0.2869,-13298.980888888895
0.28700000000000003,-13263.493333333317
0.2871,-13228.00577777777
0.2872,-13192.518222222207
0.2873,-13157.030666666658
0.2874,-13121.54311111111
0.28750000000000003,-13086.055555555533
0.2876,-13050.567999999985
0.2877,-13015.080444444437
0.2878,-12979.592888888888
0.2879,-12944.105333333326
0.28800000000000003,-12908.617777777763
0.2881,-12873.130222222215
0.2882,-12837.642666666652
0.2883,-12802.155111111104
0.2884,-12766.667555555556
0.28850000000000003,-12731.179999999978
0.2886,-12695.69244444443
0.2887,-12660.204888888882
0.2888,-12624.717333333334
0.2889,-12589.229777777771
0.28900000000000003,-12553.742222222209
0.2891,-12518.254666666646
0.2892,-12482.767111111098
0.2893,-12447.27955555555
0.2894,-12411.792000000001
0.28950000000000004,-12376.304444444424
0.2896,-12340.816888888876
0.2897,-12305.329333333328
0.2898,-12269.841777777765
0.2899,-12234.354222222217
0.29000000000000004,-12198.866666666654
0.2901,-12163.379111111091
0.2902,-12127.891555555543
0.2903,-12092.403999999995
0.2904,-12056.916444444447
0.29050000000000004,-12021.42888888887
0.2906,-11985.941333333321
0.2907,-11950.453777777773
0.2908,-11914.96622222221
0.2909,-11879.478666666662
0.29100000000000004,-11843.9911111111
0.2911,-11808.503555555537
0.2912,-11773.015999999989
0.2913,-11737.52844444444
0.2914,-11702.040888888892
0.29150000000000004,-11666.553333333315
0.2916,-11631.065777777767
0.2917,-11595.578222222204
0.2918,-11560.090666666656
0.2919,-11524.603111111108
0.29200000000000004,-11489.11555555553
0.2921,-11453.627999999982
0.2922,-11418.140444444434
0.2923,-11382.652888888886
0.2924,-11347.165333333323
0.29250000000000004,-11311.67777777776
0.2926,-11276.190222222212
0.2927,-11240.70266666665
0.2928,-11205.215111111102
0.2929,-11169.727555555553
0.29300000000000004,-11134.239999999976
0.2931,-11098.752444444428
0.2932,-11063.26488888888
0.2933,-11027.777333333332
0.2934,-10992.289777777769
0.29350000000000004,-10956.802222222206
0.2936,-10921.314666666658
0.2937,-10885.827111111095
0.2938,-10850.339555555547
0.2939,-10814.851999999999
0.29400000000000004,-10779.364444444422
0.29410000000000003,-10743.876888888874
0.2942,-10708.389333333325
0.2943,-10672.901777777777
0.2944,-10637.414222222214
0.29450000000000004,-10601.926666666652
0.29460000000000003,-10566.439111111089
0.2947,-10530.95155555554
0.2948,-10495.463999999993
0.2949,-10459.976444444444
0.29500000000000004,-10424.488888888867
0.29510000000000003,-10389.001333333319
0.2952,-10353.51377777777
0.2953,-10318.026222222208
0.2954,-10282.53866666666
0.29550000000000004,-10247.051111111097
0.29560000000000003,-10211.563555555535
0.2957,-10176.075999999986
0.2958,-10140.588444444438
0.2959,-10105.10088888889
0.29600000000000004,-10069.613333333313
0.29610000000000003,-10034.125777777765
0.2962,-9998.638222222216
0.2963,-9963.150666666654
0.2964,-9927.663111111106
0.29650000000000004,-9892.175555555528
0.29660000000000003,-9856.68799999998
0.2967,-9821.200444444432
0.2968,-9785.712888888884
0.2969,-9750.225333333336
0.29700000000000004,-9714.737777777758
0.29710000000000003,-9679.25022222221
0.2972,-9643.762666666647
0.2973,-9608.2751111111
0.2974,-9572.787555555551
0.2975,-9537.300000000003
0.29760000000000003,-9501.812444444426
0.2977,-9466.324888888877
0.2978,-9430.83733333333
0.2979,-9395.349777777767
0.298,-9359.862222222218
0.29810000000000003,-9324.374666666656
0.2982,-9288.887111111093
0.2983,-9253.399555555545
0.2984,-9217.911999999997
0.2985,-9182.424444444448
0.29860000000000003,-9146.936888888871
0.2987,-9111.449333333323
0.2988,-9075.961777777775
0.2989,-9040.474222222212
0.299,-9004.986666666664
0.29910000000000003,-8969.499111111101
0.2992,-8934.011555555539
0.2993,-8898.52399999999
0.2994,-8863.036444444442
0.2995,-8827.548888888894
0.29960000000000003,-8792.061333333317
0.2997,-8756.573777777769
0.2998,-8721.086222222206
0.2999,-8685.598666666658
0.3,-8650.11111111111
0.30010000000000003,-8614.623555555532
0.3002,-8579.135999999984
0.3003,-8543.648444444436
0.3004,-8508.160888888888
0.3005,-8472.673333333325
0.30060000000000003,-8437.185777777762
0.3007,-8401.698222222214
0.3008,-8366.210666666651
0.3009,-8330.723111111103
0.301,-8295.235555555555
0.30110000000000003,-8259.747999999978
0.3012,-8224.26044444443
0.3013,-8188.772888888881
0.3014,-8153.285333333333
0.3015,-8117.7977777777705
0.30160000000000003,-8082.310222222208
0.3017,-8046.82266666666
0.3018,-8011.335111111097
0.3019,-7975.847555555549
0.302,-7940.360000000001
0.30210000000000004,-7904.872444444423
0.3022,-7869.384888888875
0.3023,-7833.897333333327
0.3024,-7798.409777777764
0.3025,-7762.922222222216
0.30260000000000004,-7727.434666666653
0.3027,-7691.947111111091
0.3028,-7656.4595555555425
0.3029,-7620.971999999994
0.303,-7585.484444444446
0.30310000000000004,-7549.996888888869
0.3032,-7514.509333333321
0.3033,-7479.0217777777725
0.3034,-7443.53422222221
0.3035,-7408.046666666662
0.30360000000000004,-7372.559111111099
0.3037,-7337.071555555536
0.3038,-7301.583999999988
0.3039,-7266.09644444444
0.304,-7230.608888888892
0.30410000000000004,-7195.121333333314
0.3042,-7159.633777777766
0.3043,-7124.146222222218
0.3044,-7088.658666666655
0.3045,-7053.171111111107
0.30460000000000004,-7017.68355555553
0.3047,-6982.195999999982
0.3048,-6946.708444444434
0.3049,-6911.220888888885
0.305,-6875.733333333337
0.30510000000000004,-6840.24577777776
0.3052,-6804.758222222212
0.3053,-6769.270666666649
0.3054,-6733.783111111101
0.3055,-6698.295555555553
0.30560000000000004,-6662.807999999975
0.3057,-6627.320444444427
0.3058,-6591.832888888879
0.3059,-6556.345333333331
0.306,-6520.857777777768
0.30610000000000004,-6485.3702222222055
0.3062,-6449.882666666657
0.3063,-6414.395111111095
0.3064,-6378.907555555546
0.3065,-6343.419999999998
0.30660000000000004,-6307.932444444421
0.30670000000000003,-6272.444888888873
0.3068,-6236.957333333325
0.3069,-6201.4697777777765
0.307,-6165.982222222214
0.30710000000000004,-6130.494666666651
0.30720000000000003,-6095.007111111088
0.3073,-6059.51955555554
0.3074,-6024.031999999992
0.3075,-5988.544444444444
0.30760000000000004,-5953.0568888888665
0.30770000000000003,-5917.569333333318
0.3078,-5882.08177777777
0.3079,-5846.5942222222075
0.308,-5811.106666666659
0.30810000000000004,-5775.619111111097
0.30820000000000003,-5740.131555555534
0.3083,-5704.643999999986
0.3084,-5669.1564444444375
0.3085,-5633.668888888889
0.30860000000000004,-5598.181333333312
0.30870000000000003,-5562.693777777764
0.3088,-5527.206222222216
0.3089,-5491.718666666653
0.309,-5456.231111111105
0.30910000000000004,-5420.743555555542
0.30920000000000003,-5385.255999999979
0.3093,-5349.768444444431
0.3094,-5314.280888888883
0.3095,-5278.793333333335
0.30960000000000004,-5243.305777777758
0.30970000000000003,-5207.818222222209
0.3098,-5172.330666666661
0.3099,-5136.843111111099
0.31,-5101.35555555555
0.31010000000000004,-5065.867999999973
0.31020000000000003,-5030.380444444425
0.3103,-4994.892888888877
0.3104,-4959.405333333329
0.3105,-4923.917777777766
0.3106,-4888.430222222218
0.31070000000000003,-4852.942666666655
0.3108,-4817.455111111092
0.3109,-4781.967555555544
0.311,-4746.479999999996
0.3111,-4710.992444444448
0.31120000000000003,-4675.5048888888705
0.3113,-4640.017333333322
0.3114,-4604.529777777774
0.3115,-4569.042222222211
0.3116,-4533.554666666663
0.31170000000000003,-4498.0671111111005
0.3118,-4462.579555555538
0.3119,-4427.09199999999
0.312,-4391.6044444444415
0.3121,-4356.116888888893
0.31220000000000003,-4320.629333333316
0.3123,-4285.141777777768
0.3124,-4249.65422222222
0.3125,-4214.166666666657
0.3126,-4178.679111111109
0.31270000000000003,-4143.1915555555315
0.3128,-4107.703999999983
0.3129,-4072.216444444435
0.313,-4036.728888888887
0.3131,-4001.2413333333243
0.31320000000000003,-3965.7537777777616
0.3133,-3930.2662222222134
0.3134,-3894.7786666666507
0.3135,-3859.2911111111025
0.3136,-3823.8035555555543
0.31370000000000003,-3788.315999999977
0.3138,-3752.828444444429
0.3139,-3717.3408888888807
0.314,-3681.8533333333326
0.3141,-3646.36577777777
0.31420000000000003,-3610.878222222207
0.3143,-3575.390666666659
0.3144,-3539.903111111096
0.3145,-3504.415555555548
0.3146,-3468.928
0.31470000000000004,-3433.4404444444226
0.3148,-3397.9528888888744
0.3149,-3362.4653333333263
0.315,-3326.977777777778
0.3151,-3291.4902222222154
0.31520000000000004,-3256.0026666666527
0.3153,-3220.51511111109
0.3154,-3185.0275555555418
0.3155,-3149.5399999999936
0.3156,-3114.0524444444454
0.31570000000000004,-3078.564888888868
0.3158,-3043.07733333332
0.3159,-3007.589777777772
0.316,-2972.102222222209
0.3161,-2936.614666666661
0.31620000000000004,-2901.127111111098
0.3163,-2865.6395555555355
0.3164,-2830.1519999999873
0.3165,-2794.664444444439
0.3166,-2759.176888888891
0.31670000000000004,-2723.6893333333137
0.3168,-2688.2017777777655
0.3169,-2652.7142222222174
0.317,-2617.2266666666546
0.3171,-2581.7391111111065
0.31720000000000004,-2546.2515555555437
0.3173,-2510.763999999981
0.3174,-2475.276444444433
0.3175,-2439.7888888888847
0.3176,-2404.3013333333365
0.31770000000000004,-2368.8137777777592
0.3178,-2333.326222222211
0.3179,-2297.8386666666484
0.318,-2262.3511111111
0.3181,-2226.863555555552
0.31820000000000004,-2191.3759999999747
0.3183,-2155.8884444444266
0.3184,-2120.4008888888784
0.3185,-2084.9133333333302
0.3186,-2049.4257777777675
0.31870000000000004,-2013.9382222222048
0.31880000000000003,-1978.4506666666566
0.3189,-1942.963111111094
0.319,-1907.4755555555457
0.3191,-1871.9879999999976
0.31920000000000004,-1836.5004444444203
0.31930000000000003,-1801.012888888872
0.3194,-1765.525333333324
0.3195,-1730.0377777777758
0.3196,-1694.550222222213
0.31970000000000004,-1659.0626666666503
0.31980000000000003,-1623.5751111111022
0.3199,-1588.0875555555394
0.32,-1552.5999999999913
0.3201,-1517.112444444443
0.32020000000000004,-1481.6248888888658
0.32030000000000003,-1446.1373333333177
0.3204,-1410.6497777777695
0.3205,-1375.1622222222068
0.3206,-1339.6746666666586
0.32070000000000004,-1304.1871111110959
0.32080000000000003,-1268.6995555555332
0.3209,-1233.211999999985
0.321,-1197.7244444444368
0.3211,-1162.2368888888886
0.32120000000000004,-1126.7493333333114
0.32130000000000003,-1091.2617777777632
0.3214,-1055.774222222215
0.3215,-1020.2866666666523
0.3216,-984.7991111111041
0.32170000000000004,-949.3115555555414
0.32180000000000003,-913.8239999999787
0.3219,-878.3364444444305
0.322,-842.8488888888824
0.3221,-807.3613333333342
0.32220000000000004,-771.8737777777569
0.32230000000000003,-736.3862222222087
0.3224,-700.8986666666606
0.3225,-665.4111111110979
0.3226,-629.9235555555497
0.32270000000000004,-594.4359999999724
0.32280000000000003,-558.9484444444242
0.3229,-523.4608888888761
0.323,-487.9733333333279
0.3231,-452.48577777777973
0.32320000000000004,-416.99822222220246
0.32330000000000003,-381.5106666666543
0.3234,-346.02311111109157
0.3235,-310.5355555555434
0.3236,-275.0479999999952
0.32370000000000004,-239.56044444441795
0.32380000000000003,-204.07288888886978
0.3239,-168.5853333333216
0.324,-133.09777777777344
0.3241,-97.61022222221072
0.3242,-62.12266666666255
0.32430000000000003,-26.63511111109983
0.3244,8.85244444446289
0.3245,44.34000000001106
0.3246,79.82755555555923
0.3247,115.3151111111074
0.32480000000000003,150.80266666668467
0.3249,186.29022222223284
0.325,221.777777777781
0.3251,257.26533333334373
0.3252,292.7528888888919
0.32530000000000003,328.2404444444692
0.3254,363.72800000001735
0.3255,399.2155555555655
0.3256,434.7031111111137
0.3257,470.19066666666185
0.32580000000000003,505.6782222222391
0.3259,541.1657777777873
0.326,576.65333333335
0.3261,612.1408888888982
0.3262,647.6284444444464
0.32630000000000003,683.1160000000236
0.3264,718.6035555555718
0.3265,754.09111111112
0.3266,789.5786666666681
0.3267,825.0662222222309
0.32680000000000003,860.5537777777936
0.3269,896.0413333333418
0.327,931.5288888889045
0.3271,967.0164444444526
0.3272,1002.5040000000008
0.32730000000000004,1037.991555555578
0.3274,1073.4791111111263
0.3275,1108.9666666666744
0.3276,1144.4542222222226
0.3277,1179.9417777777853
0.32780000000000004,1215.429333333348
0.3279,1250.9168888888962
0.328,1286.404444444459
0.3281,1321.892000000007
0.3282,1357.3795555555553
0.32830000000000004,1392.8671111111325
0.3284,1428.3546666666807
0.3285,1463.8422222222289
0.3286,1499.3297777777916
0.3287,1534.8173333333398
0.32880000000000004,1570.3048888889025
0.3289,1605.7924444444652
0.329,1641.2800000000134
0.3291,1676.7675555555616
0.3292,1712.2551111111097
0.32930000000000004,1747.742666666687
0.3294,1783.2302222222352
0.3295,1818.7177777777833
0.3296,1854.205333333346
0.3297,1889.6928888888942
0.32980000000000004,1925.180444444457
0.3299,1960.6680000000197
0.33,1996.1555555555678
0.3301,2031.643111111116
0.3302,2067.130666666664
0.33030000000000004,2102.6182222222415
0.3304,2138.1057777777896
0.3305,2173.593333333338
0.3306,2209.0808888889005
0.3307,2244.5684444444487
0.33080000000000004,2280.056000000026
0.3309,2315.543555555574
0.331,2351.0311111111223
0.3311,2386.5186666666705
0.3312,2422.006222222233
0.33130000000000004,2457.493777777796
0.33140000000000003,2492.981333333344
0.3315,2528.468888888907
0.3316,2563.956444444455
0.3317,2599.444000000003
0.33180000000000004,2634.9315555555804
0.33190000000000003,2670.4191111111286
0.332,2705.9066666666768
0.3321,2741.394222222225
0.3322,2776.8817777777876
0.33230000000000004,2812.3693333333504
0.33240000000000003,2847.8568888888985
0.3325,2883.3444444444613
0.3326,2918.8320000000094
0.3327,2954.3195555555576
0.33280000000000004,2989.807111111135
0.33290000000000003,3025.294666666683
0.333,3060.782222222231
0.3331,3096.2697777777794
0.3332,3131.757333333342
0.33330000000000004,3167.244888888905
0.33340000000000003,3202.7324444444675
0.3335,3238.2200000000157
0.3336,3273.707555555564
0.3337,3309.195111111112
0.33380000000000004,3344.6826666666893
0.33390000000000003,3380.1702222222375
0.334,3415.6577777777857
0.3341,3451.1453333333484
0.3342,3486.6328888888966
0.33430000000000004,3522.1204444444593
0.33440000000000003,3557.608000000022
0.3345,3593.09555555557
0.3346,3628.5831111111183
0.3347,3664.0706666666665
0.33480000000000004,3699.558222222244
0.33490000000000003,3735.045777777792
0.335,3770.53333333334
0.3351,3806.020888888903
0.3352,3841.508444444451
0.33530000000000004,3876.9960000000137
0.33540000000000003,3912.4835555555765
0.3355,3947.9711111111246
0.3356,3983.458666666673
0.3357,4018.946222222221
0.33580000000000004,4054.4337777777982
0.33590000000000003,4089.9213333333464
0.336,4125.408888888909
0.3361,4160.896444444457
0.3362,4196.3840000000055
0.33630000000000004,4231.871555555583
0.33640000000000003,4267.359111111131
0.3365,4302.846666666679
0.3366,4338.334222222227
0.3367,4373.82177777779
0.33680000000000004,4409.309333333353
0.33690000000000003,4444.796888888901
0.337,4480.284444444464
0.3371,4515.772000000012
0.3372,4551.25955555556
0.3373,4586.747111111108
0.33740000000000003,4622.234666666685
0.3375,4657.7222222222335
0.3376,4693.209777777782
0.3377,4728.697333333344
0.3378,4764.184888888893
0.33790000000000003,4799.672444444455
0.338,4835.160000000018
0.3381,4870.647555555566
0.3382,4906.135111111114
0.3383,4941.622666666663
0.33840000000000003,4977.11022222224
0.3385,5012.597777777788
0.3386,5048.085333333336
0.3387,5083.572888888899
0.3388,5119.060444444447
0.33890000000000003,5154.548000000024
0.339,5190.0355555555725
0.3391,5225.523111111121
0.3392,5261.010666666669
0.3393,5296.498222222232
0.33940000000000003,5331.985777777794
0.3395,5367.473333333342
0.3396,5402.960888888905
0.3397,5438.448444444453
0.3398,5473.9360000000015
0.33990000000000004,5509.423555555579
0.34,5544.911111111127
0.3401,5580.398666666675
0.3402,5615.886222222223
0.3403,5651.373777777786
0.34040000000000004,5686.861333333349
0.3405,5722.348888888897
0.3406,5757.83644444446
0.3407,5793.324000000008
0.3408,5828.811555555556
0.34090000000000004,5864.299111111133
0.341,5899.786666666681
0.3411,5935.27422222223
0.3412,5970.761777777778
0.3413,6006.2493333333405
0.34140000000000004,6041.736888888903
0.3415,6077.224444444466
0.3416,6112.712000000014
0.3417,6148.199555555562
0.3418,6183.68711111111
0.34190000000000004,6219.174666666688
0.342,6254.662222222236
0.3421,6290.149777777784
0.3422,6325.637333333347
0.3423,6361.124888888895
0.34240000000000004,6396.612444444458
0.3425,6432.10000000002
0.3426,6467.5875555555685
0.3427,6503.075111111117
0.3428,6538.562666666665
0.34290000000000004,6574.050222222242
0.343,6609.53777777779
0.3431,6645.0253333333385
0.3432,6680.512888888901
0.3433,6716.000444444449
0.34340000000000004,6751.488000000027
0.3435,6786.975555555575
0.3436,6822.463111111123
0.3437,6857.950666666671
0.3438,6893.438222222219
0.34390000000000004,6928.925777777797
0.34400000000000003,6964.413333333345
0.3441,6999.9008888889075
0.3442,7035.388444444456
0.3443,7070.876000000004
0.34440000000000004,7106.363555555581
0.34450000000000003,7141.851111111129
0.3446,7177.338666666677
0.3447,7212.826222222226
0.3448,7248.313777777788
0.34490000000000004,7283.801333333351
0.34500000000000003,7319.288888888899
0.3451,7354.776444444462
0.3452,7390.26400000001
0.3453,7425.751555555558
0.34540000000000004,7461.239111111136
0.34550000000000003,7496.726666666684
0.3456,7532.214222222232
0.3457,7567.70177777778
0.3458,7603.189333333343
0.34590000000000004,7638.6768888889055
0.34600000000000003,7674.164444444454
0.3461,7709.652000000016
0.3462,7745.139555555565
0.3463,7780.627111111113
0.34640000000000004,7816.11466666669
0.34650000000000003,7851.602222222238
0.3466,7887.089777777786
0.3467,7922.577333333349
0.3468,7958.064888888897
0.34690000000000004,7993.55244444446
0.34700000000000003,8029.040000000023
0.3471,8064.527555555571
0.3472,8100.015111111119
0.3473,8135.502666666667
0.34740000000000004,8170.9902222222445
0.34750000000000003,8206.477777777793
0.3476,8241.96533333334
0.3477,8277.452888888904
0.3478,8312.940444444452
0.34790000000000004,8348.428000000014
0.34800000000000003,8383.915555555577
0.3481,8419.403111111125
0.3482,8454.890666666673
0.3483,8490.378222222222
0.34840000000000004,8525.865777777799
0.34850000000000003,8561.353333333347
0.3486,8596.840888888895
0.3487,8632.328444444458
0.3488,8667.816000000006
0.34890000000000004,8703.303555555583
0.34900000000000003,8738.791111111132
0.3491,8774.27866666668
0.3492,8809.766222222228
0.3493,8845.25377777779
0.34940000000000004,8880.741333333353
0.34950000000000003,8916.228888888902
0.3496,8951.716444444464
0.3497,8987.204000000012
0.3498,9022.69155555556
0.34990000000000004,9058.179111111138
0.35000000000000003,9093.666666666686
0.3501,9129.154222222234
0.3502,9164.641777777782
0.3503,9200.129333333345
0.3504,9235.616888888893
0.35050000000000003,9271.104444444456
0.3506,9306.592000000019
0.3507,9342.079555555567
0.3508,9377.567111111115
0.3509,9413.054666666663
0.35100000000000003,9448.54222222224
0.3511,9484.029777777789
0.3512,9519.517333333337
0.3513,9555.0048888889
0.3514,9590.492444444448
0.35150000000000003,9625.980000000025
0.3516,9661.467555555573
0.3517,9696.955111111121
0.3518,9732.44266666667
0.3519,9767.930222222218
0.35200000000000004,9803.417777777795
0.3521,9838.905333333343
0.3522,9874.392888888906
0.3523,9909.880444444454
0.3524,9945.368000000002
0.35250000000000004,9980.85555555558
0.3526,10016.343111111128
0.3527,10051.830666666676
0.3528,10087.318222222224
0.3529,10122.805777777787
0.35300000000000004,10158.29333333335
0.3531,10193.780888888898
0.3532,10229.26844444446
0.3533,10264.756000000008
0.3534,10300.243555555557
0.35350000000000004,10335.731111111134
0.3536,10371.218666666682
0.3537,10406.70622222223
0.3538,10442.193777777778
0.3539,10477.681333333341
0.35400000000000004,10513.168888888904
0.3541,10548.656444444467
0.3542,10584.144000000015
0.3543,10619.631555555563
0.3544,10655.119111111111
0.35450000000000004,10690.606666666688
0.3546,10726.094222222237
0.3547,10761.581777777785
0.3548,10797.069333333347
0.3549,10832.556888888896
0.35500000000000004,10868.044444444458
0.3551,10903.532000000021
0.3552,10939.01955555557
0.3553,10974.507111111117
0.3554,11009.994666666666
0.35550000000000004,11045.482222222243
0.3556,11080.969777777791
0.3557,11116.45733333334
0.3558,11151.944888888902
0.3559,11187.43244444445
0.35600000000000004,11222.920000000013
0.3561,11258.407555555576
0.3562,11293.895111111124
0.3563,11329.382666666672
0.3564,11364.87022222222
0.35650000000000004,11400.357777777797
0.35660000000000003,11435.845333333345
0.3567,11471.332888888894
0.3568,11506.820444444456
0.3569,11542.308000000005
0.35700000000000004,11577.795555555582
0.35710000000000003,11613.28311111113
0.3572,11648.770666666678
0.3573,11684.258222222226
0.3574,11719.745777777789
0.35750000000000004,11755.233333333352
0.35760000000000003,11790.7208888889
0.3577,11826.208444444463
0.3578,11861.69600000001
0.3579,11897.183555555559
0.35800000000000004,11932.671111111136
0.35810000000000003,11968.158666666684
0.3582,12003.646222222233
0.3583,12039.13377777778
0.3584,12074.621333333344
0.35850000000000004,12110.108888888906
0.35860000000000003,12145.596444444454
0.3587,12181.084000000017
0.3588,12216.571555555565
0.3589,12252.059111111113
0.35900000000000004,12287.54666666669
0.35910000000000003,12323.034222222239
0.3592,12358.521777777787
0.3593,12394.009333333335
0.3594,12429.496888888898
0.35950000000000004,12464.98444444446
0.35960000000000003,12500.472000000023
0.3597,12535.959555555572
0.3598,12571.44711111112
0.3599,12606.934666666668
0.36000000000000004,12642.422222222245
0.36010000000000003,12677.909777777793
0.3602,12713.397333333342
0.3603,12748.884888888904
0.3604,12784.372444444452
0.36050000000000004,12819.860000000015
0.36060000000000003,12855.347555555578
0.3607,12890.835111111126
0.3608,12926.322666666674
0.3609,12961.810222222222
0.36100000000000004,12997.2977777778
0.36110000000000003,13032.785333333348
0.3612,13068.272888888896
0.3613,13103.760444444459
0.3614,13139.248000000007
0.36150000000000004,13174.735555555584
0.36160000000000003,13210.223111111132
0.3617,13245.71066666668
0.3618,13281.198222222229
0.3619,13316.685777777777
0.36200000000000004,13352.173333333354
0.36210000000000003,13387.660888888902
0.3622,13423.148444444465
0.3623,13458.636000000013
0.3624,13494.123555555561
0.36250000000000004,13529.611111111139
0.36260000000000003,13565.098666666687
0.3627,13600.586222222235
0.3628,13636.073777777783
0.3629,13671.561333333346
0.36300000000000004,13707.048888888909
0.36310000000000003,13742.536444444457
0.3632,13778.02400000002
0.3633,13813.511555555568
0.3634,13848.999111111116
0.3635,13884.486666666664
0.36360000000000003,13919.974222222241
0.3637,13955.46177777779
0.3638,13990.949333333338
0.3639,14026.4368888889
0.364,14061.924444444448
0.36410000000000003,14097.412000000011
0.3642,14132.899555555574
0.3643,14168.387111111122
0.3644,14203.87466666667
0.3645,14239.362222222218
0.36460000000000004,14274.849777777796
0.3647,14310.337333333344
0.3648,14345.824888888907
0.3649,14381.312444444455
0.365,14416.800000000003
0.36510000000000004,14452.28755555558
0.3652,14487.775111111128
0.3653,14523.262666666677
0.3654,14558.750222222225
0.3655,14594.237777777787
0.36560000000000004,14629.72533333335
0.3657,14665.212888888898
0.3658,14700.700444444461
0.3659,14736.18800000001
0.366,14771.675555555557
0.36610000000000004,14807.163111111135
0.3662,14842.650666666683
0.3663,14878.138222222231
0.3664,14913.62577777778
0.3665,14949.113333333342
0.36660000000000004,14984.600888888905
0.3667,15020.088444444453
0.3668,15055.576000000015
0.3669,15091.063555555564
0.367,15126.551111111112
0.36710000000000004,15162.03866666669
0.3672,15197.526222222237
0.3673,15233.013777777785
0.3674,15268.501333333334
0.3675,15303.988888888896
0.36760000000000004,15339.476444444459
0.3677,15374.964000000022
0.3678,15410.45155555557
0.3679,15445.939111111118
0.368,15481.426666666666
0.36810000000000004,15516.914222222244
0.3682,15552.401777777792
0.3683,15587.88933333334
0.3684,15623.376888888903
0.3685,15658.86444444445
0.36860000000000004,15694.352000000014
0.3687,15729.839555555576
0.3688,15765.327111111124
0.3689,15800.814666666673
0.369,15836.30222222222
0.36910000000000004,15871.789777777798
0.36920000000000003,15907.277333333346
0.3693,15942.764888888894
0.3694,15978.252444444457
0.3695,16013.740000000005
0.36960000000000004,16049.227555555583
0.36970000000000003,16084.71511111113
0.3698,16120.202666666679
0.3699,16155.690222222227
0.37,16191.177777777775
0.37010000000000004,16226.665333333352
0.37020000000000003,16262.1528888889
0.3703,16297.640444444463
0.3704,16333.128000000012
0.3705,16368.61555555556
0.37060000000000004,16404.103111111137
0.37070000000000003,16439.590666666685
0.3708,16475.078222222233
0.3709,16510.56577777778
0.371,16546.053333333344
0.37110000000000004,16581.540888888907
0.37120000000000003,16617.028444444455
0.3713,16652.516000000018
0.3714,16688.003555555566
0.3715,16723.491111111114
0.37160000000000004,16758.97866666669
0.37170000000000003,16794.46622222224
0.3718,16829.953777777788
0.3719,16865.441333333336
0.372,16900.9288888889
0.37210000000000004,16936.41644444446
0.37220000000000003,16971.904000000024
0.3723,17007.391555555572
0.3724,17042.87911111112
0.3725,17078.36666666667
0.37260000000000004,17113.854222222246
0.37270000000000003,17149.341777777794
0.3728,17184.829333333342
0.3729,17220.316888888905
0.373,17255.804444444453
0.37310000000000004,17291.292000000016
0.37320000000000003,17326.77955555558
0.3733,17362.267111111127
0.3734,17397.754666666675
0.3735,17433.242222222223
0.37360000000000004,17468.7297777778
0.37370000000000003,17504.21733333335
0.3738,17539.704888888897
0.3739,17575.19244444446
0.374,17610.680000000008
0.37410000000000004,17646.16755555557
0.37420000000000003,17681.655111111133
0.3743,17717.14266666668
0.3744,17752.63022222223
0.3745,17788.117777777778
0.37460000000000004,17823.605333333355
0.37470000000000003,17859.092888888903
0.3748,17894.58044444445
0.3749,17930.068000000014
0.375,17965.555555555562
0.37510000000000004,18001.04311111114
0.37520000000000003,18036.530666666687
0.3753,18072.018222222236
0.3754,18107.505777777784
0.3755,18142.993333333347
0.37560000000000004,18178.48088888891
0.37570000000000003,18213.968444444457
0.3758,18249.45600000002
0.3759,18284.94355555557
0.376,18320.431111111116
0.37610000000000005,18355.918666666694
0.37620000000000003,18391.406222222242
0.3763,18426.89377777779
0.3764,18462.38133333334
0.3765,18497.8688888889
0.3766,18533.35644444445
0.37670000000000003,18568.844000000012
0.3768,18604.331555555575
0.3769,18639.819111111123
0.377,18675.30666666667
0.3771,18710.79422222222
0.37720000000000004,18746.281777777796
0.3773,18781.769333333345
0.3774,18817.256888888893
0.3775,18852.744444444455
0.3776,18888.232000000004
0.37770000000000004,18923.71955555558
0.3778,18959.20711111113
0.3779,18994.694666666677
0.378,19030.182222222225
0.3781,19065.669777777788
0.37820000000000004,19101.15733333335
0.3783,19136.6448888889
0.3784,19172.13244444446
0.3785,19207.62000000001
0.3786,19243.107555555558
0.37870000000000004,19278.595111111135
0.3788,19314.082666666684
0.3789,19349.57022222223
0.379,19385.05777777778
0.3791,19420.545333333343
0.37920000000000004,19456.032888888905
0.3793,19491.520444444453
0.3794,19527.008000000016
0.3795,19562.495555555564
0.3796,19597.983111111113
0.37970000000000004,19633.47066666669
0.3798,19668.958222222238
0.3799,19704.445777777786
0.38,19739.933333333334
0.3801,19775.420888888897
0.38020000000000004,19810.90844444446
0.3803,19846.396000000022
0.3804,19881.88355555557
0.3805,19917.37111111112
0.3806,19952.858666666667
0.38070000000000004,19988.346222222244
0.3808,20023.833777777792
0.3809,20059.32133333334
0.381,20094.808888888903
0.3811,20130.29644444445
0.38120000000000004,20165.784000000014
0.38130000000000003,20201.271555555577
0.3814,20236.759111111125
0.3815,20272.246666666673
0.3816,20307.73422222222
0.38170000000000004,20343.2217777778
0.38180000000000003,20378.709333333347
0.3819,20414.196888888895
0.382,20449.684444444458
0.3821,20485.172000000006
0.38220000000000004,20520.65955555557
0.38230000000000003,20556.14711111113
0.3824,20591.63466666668
0.3825,20627.122222222228
0.3826,20662.609777777776
0.38270000000000004,20698.097333333353
0.38280000000000003,20733.5848888889
0.3829,20769.072444444464
0.383,20804.560000000012
0.3831,20840.04755555556
0.38320000000000004,20875.535111111138
0.38330000000000003,20911.022666666686
0.3834,20946.510222222234
0.3835,20981.997777777782
0.3836,21017.485333333345
0.38370000000000004,21052.972888888908
0.38380000000000003,21088.460444444456
0.3839,21123.94800000002
0.384,21159.435555555567
0.3841,21194.923111111115
0.38420000000000004,21230.410666666692
0.38430000000000003,21265.89822222224
0.3844,21301.38577777779
0.3845,21336.873333333337
0.3846,21372.3608888889
0.38470000000000004,21407.848444444462
0.38480000000000003,21443.33600000001
0.3849,21478.823555555573
0.385,21514.31111111112
0.3851,21549.79866666667
0.38520000000000004,21585.286222222247
0.38530000000000003,21620.773777777795
0.3854,21656.261333333343
0.3855,21691.74888888889
0.3856,21727.236444444454
0.38570000000000004,21762.724000000017
0.38580000000000003,21798.21155555558
0.3859,21833.699111111127
0.386,21869.186666666676
0.3861,21904.674222222224
0.38620000000000004,21940.1617777778
0.38630000000000003,21975.64933333335
0.3864,22011.136888888897
0.3865,22046.62444444446
0.3866,22082.11200000001
0.38670000000000004,22117.59955555557
0.38680000000000003,22153.087111111134
0.3869,22188.574666666682
0.387,22224.06222222223
0.3871,22259.54977777778
0.38720000000000004,22295.037333333355
0.38730000000000003,22330.524888888904
0.3874,22366.012444444452
0.3875,22401.500000000015
0.3876,22436.987555555563
0.38770000000000004,22472.47511111114
0.38780000000000003,22507.962666666688
0.3879,22543.450222222236
0.388,22578.937777777785
0.3881,22614.425333333333
0.38820000000000005,22649.91288888891
0.38830000000000003,22685.400444444458
0.3884,22720.88800000002
0.3885,22756.37555555557
0.3886,22791.863111111117
0.38870000000000005,22827.350666666694
0.38880000000000003,22862.838222222243
0.3889,22898.32577777779
0.389,22933.81333333334
0.3891,22969.3008888889
0.38920000000000005,23004.788444444464
0.38930000000000003,23040.276000000013
0.3894,23075.763555555575
0.3895,23111.251111111123
0.3896,23146.73866666667
0.38970000000000005,23182.22622222225
0.38980000000000004,23217.713777777797
0.3899,23253.201333333345
0.39,23288.688888888893
0.3901,23324.176444444456
0.3902,23359.664000000004
0.39030000000000004,23395.15155555558
0.3904,23430.63911111113
0.3905,23466.126666666678
0.3906,23501.614222222226
0.3907,23537.101777777774
0.39080000000000004,23572.58933333335
0.3909,23608.0768888889
0.391,23643.564444444462
0.3911,23679.05200000001
0.3912,23714.53955555556
0.39130000000000004,23750.027111111136
0.3914,23785.514666666684
0.3915,23821.002222222232
0.3916,23856.48977777778
0.3917,23891.977333333343
0.39180000000000004,23927.464888888906
0.3919,23962.952444444454
0.392,23998.440000000017
0.3921,24033.927555555565
0.3922,24069.415111111113
0.39230000000000004,24104.90266666669
0.3924,24140.39022222224
0.3925,24175.877777777787
0.3926,24211.365333333335
0.3927,24246.852888888898
0.39280000000000004,24282.34044444446
0.3929,24317.82800000001
0.393,24353.31555555557
0.3931,24388.80311111112
0.3932,24424.290666666668
0.39330000000000004,24459.778222222245
0.3934,24495.265777777793
0.3935,24530.75333333334
0.3936,24566.240888888904
0.3937,24601.728444444452
0.39380000000000004,24637.216000000015
0.39390000000000003,24672.703555555578
0.394,24708.191111111126
0.3941,24743.678666666674
0.3942,24779.166222222222
0.39430000000000004,24814.6537777778
0.39440000000000003,24850.141333333348
0.3945,24885.628888888896
0.3946,24921.11644444446
0.3947,24956.604000000007
0.39480000000000004,24992.09155555557
0.39490000000000003,25027.579111111132
0.395,25063.06666666668
0.3951,25098.55422222223
0.3952,25134.041777777777
0.39530000000000004,25169.529333333354
0.39540000000000003,25205.016888888902
0.3955,25240.50444444445
0.3956,25275.992000000013
0.3957,25311.47955555556
0.39580000000000004,25346.96711111114
0.39590000000000003,25382.454666666687
0.396,25417.942222222235
0.3961,25453.429777777783
0.3962,25488.91733333333
0.39630000000000004,25524.40488888891
0.39640000000000003,25559.892444444456
0.3965,25595.38000000002
0.3966,25630.867555555567
0.3967,25666.355111111116
0.39680000000000004,25701.842666666693
0.39690000000000003,25737.33022222224
0.397,25772.81777777779
0.3971,25808.305333333337
0.3972,25843.7928888889
0.39730000000000004,25879.280444444463
0.39740000000000003,25914.76800000001
0.3975,25950.255555555574
0.3976,25985.743111111122
0.3977,26021.23066666667
0.39780000000000004,26056.718222222247
0.39790000000000003,26092.205777777795
0.398,26127.693333333344
0.3981,26163.18088888889
0.3982,26198.668444444455
0.39830000000000004,26234.156000000017
0.39840000000000003,26269.64355555558
0.3985,26305.131111111128
0.3986,26340.618666666676
0.3987,26376.106222222224
0.39880000000000004,26411.5937777778
0.39890000000000003,26447.08133333335
0.399,26482.568888888898
0.3991,26518.05644444446
0.3992,26553.54400000001
0.39930000000000004,26589.03155555557
0.39940000000000003,26624.519111111134
0.3995,26660.006666666683
0.3996,26695.49422222223
0.3997,26730.98177777778
0.39980000000000004,26766.469333333356
0.39990000000000003,26801.956888888904
0.4,26837.444444444453
0.4001,26872.932000000015
0.4002,26908.419555555563
0.40030000000000004,26943.907111111126
0.40040000000000003,26979.39466666669
0.4005,27014.882222222237
0.4006,27050.369777777785
0.4007,27085.857333333333
0.40080000000000005,27121.34488888891
0.40090000000000003,27156.83244444446
0.401,27192.32000000002
0.4011,27227.80755555557
0.4012,27263.295111111118
0.40130000000000005,27298.782666666695
0.40140000000000003,27334.270222222243
0.4015,27369.75777777779
0.4016,27405.24533333334
0.4017,27440.732888888902
0.40180000000000005,27476.220444444465
0.40190000000000003,27511.708000000013
0.402,27547.195555555576
0.4021,27582.683111111124
0.4022,27618.170666666672
0.40230000000000005,27653.65822222225
0.40240000000000004,27689.145777777798
0.4025,27724.633333333346
0.4026,27760.120888888894
0.4027,27795.608444444457
0.40280000000000005,27831.09600000002
0.40290000000000004,27866.583555555568
0.403,27902.07111111113
0.4031,27937.55866666668
0.4032,27973.046222222227
0.4033,28008.533777777775
0.40340000000000004,28044.021333333352
0.4035,28079.5088888889
0.4036,28114.99644444445
0.4037,28150.48400000001
0.4038,28185.97155555556
0.40390000000000004,28221.459111111137
0.404,28256.946666666685
0.4041,28292.434222222233
0.4042,28327.92177777778
0.4043,28363.409333333344
0.40440000000000004,28398.896888888907
0.4045,28434.384444444455
0.4046,28469.872000000018
0.4047,28505.359555555566
0.4048,28540.847111111114
0.40490000000000004,28576.33466666669
0.405,28611.82222222224
0.4051,28647.309777777788
0.4052,28682.797333333336
0.4053,28718.2848888889
0.40540000000000004,28753.77244444446
0.4055,28789.26000000001
0.4056,28824.747555555572
0.4057,28860.23511111112
0.4058,28895.72266666667
0.40590000000000004,28931.210222222246
0.406,28966.697777777794
0.4061,29002.185333333342
0.4062,29037.67288888889
0.4063,29073.160444444453
0.40640000000000004,29108.648000000016
0.40650000000000003,29144.13555555558
0.4066,29179.623111111126
0.4067,29215.110666666675
0.4068,29250.598222222223
0.40690000000000004,29286.0857777778
0.40700000000000003,29321.57333333335
0.4071,29357.060888888896
0.4072,29392.54844444446
0.4073,29428.036000000007
0.40740000000000004,29463.52355555557
0.40750000000000003,29499.011111111133
0.4076,29534.49866666668
0.4077,29569.98622222223
0.4078,29605.473777777777
0.40790000000000004,29640.961333333355
0.40800000000000003,29676.448888888903
0.4081,29711.93644444445
0.4082,29747.424000000014
0.4083,29782.91155555556
0.40840000000000004,29818.39911111114
0.40850000000000003,29853.886666666687
0.4086,29889.374222222235
0.4087,29924.861777777784
0.4088,29960.34933333333
0.40890000000000004,29995.83688888891
0.40900000000000003,30031.324444444457
0.4091,30066.81200000002
0.4092,30102.299555555568
0.4093,30137.787111111116
0.40940000000000004,30173.274666666694
0.40950000000000003,30208.76222222224
0.4096,30244.24977777779
0.4097,30279.737333333338
0.4098,30315.2248888889
0.40990000000000004,30350.712444444463
0.41000000000000003,30386.20000000001
0.4101,30421.687555555574
0.4102,30457.175111111123
0.4103,30492.66266666667
0.41040000000000004,30528.150222222248
0.41050000000000003,30563.637777777796
0.4106,30599.125333333344
0.4107,30634.612888888892
0.4108,30670.100444444455
0.41090000000000004,30705.588000000018
0.41100000000000003,30741.075555555566
0.4111,30776.56311111113
0.4112,30812.050666666677
0.4113,30847.538222222225
0.41140000000000004,30883.025777777802
0.41150000000000003,30918.51333333335
0.4116,30954.0008888889
0.4117,30989.48844444446
0.4118,31024.97600000001
0.41190000000000004,31060.463555555572
0.41200000000000003,31095.951111111135
0.4121,31131.438666666683
0.4122,31166.92622222223
0.4123,31202.41377777778
0.41240000000000004,31237.901333333357
0.41250000000000003,31273.388888888905
0.4126,31308.876444444453
0.4127,31344.364000000016
0.4128,31379.851555555564
0.41290000000000004,31415.339111111127
0.41300000000000003,31450.82666666669
0.4131,31486.314222222238
0.4132,31521.801777777786
0.4133,31557.289333333334
0.41340000000000005,31592.77688888891
0.41350000000000003,31628.26444444446
0.4136,31663.752000000008
0.4137,31699.23955555557
0.4138,31734.72711111112
0.41390000000000005,31770.214666666696
0.41400000000000003,31805.702222222244
0.4141,31841.189777777792
0.4142,31876.67733333334
0.4143,31912.16488888889
0.41440000000000005,31947.652444444466
0.41450000000000004,31983.140000000014
0.4146,32018.627555555577
0.4147,32054.115111111125
0.4148,32089.602666666673
0.41490000000000005,32125.09022222225
0.41500000000000004,32160.5777777778
0.4151,32196.065333333347
0.4152,32231.552888888895
0.4153,32267.040444444458
0.41540000000000005,32302.52800000002
0.41550000000000004,32338.01555555557
0.4156,32373.50311111113
0.4157,32408.99066666668
0.4158,32444.478222222227
0.41590000000000005,32479.965777777805
0.41600000000000004,32515.453333333353
0.4161,32550.9408888889
0.4162,32586.42844444445
0.4163,32621.916000000012
0.4164,32657.40355555556
0.41650000000000004,32692.891111111137
0.4166,32728.378666666686
0.4167,32763.866222222234
0.4168,32799.35377777778
0.4169,32834.84133333333
0.41700000000000004,32870.32888888891
0.4171,32905.816444444456
0.4172,32941.30400000002
0.4173,32976.79155555557
0.4174,33012.279111111115
0.41750000000000004,33047.76666666669
0.4176,33083.25422222224
0.4177,33118.74177777779
0.4178,33154.22933333334
0.4179,33189.7168888889
0.41800000000000004,33225.20444444446
0.4181,33260.69200000001
0.4182,33296.17955555557
0.4183,33331.66711111112
0.4184,33367.15466666667
0.41850000000000004,33402.642222222246
0.4186,33438.129777777795
0.4187,33473.61733333334
0.4188,33509.10488888889
0.4189,33544.59244444445
0.41900000000000004,33580.080000000016
0.41910000000000003,33615.56755555558
0.4192,33651.05511111113
0.4193,33686.542666666675
0.4194,33722.03022222224
0.41950000000000004,33757.5177777778
0.41960000000000003,33793.00533333336
0.4197,33828.4928888889
0.4198,33863.98044444446
0.4199,33899.46799999999
0.42000000000000004,33934.955555555585
0.42010000000000003,33970.44311111112
0.4202,34005.93066666668
0.4203,34041.418222222244
0.4204,34076.90577777778
0.42050000000000004,34112.39333333334
0.42060000000000003,34147.8808888889
0.4207,34183.368444444466
0.4208,34218.856
0.4209,34254.34355555556
0.42100000000000004,34289.831111111125
0.42110000000000003,34325.31866666669
0.4212,34360.80622222222
0.4213,34396.293777777784
0.4214,34431.78133333335
0.42150000000000004,34467.26888888891
0.42160000000000003,34502.75644444447
0.4217,34538.244000000006
0.4218,34573.73155555557
0.4219,34609.2191111111
0.42200000000000004,34644.706666666694
0.42210000000000003,34680.19422222223
0.4222,34715.68177777779
0.4223,34751.16933333335
0.4224,34786.65688888889
0.42250000000000004,34822.14444444448
0.42260000000000003,34857.63200000001
0.4227,34893.119555555575
0.4228,34928.60711111111
0.4229,34964.09466666667
0.42300000000000004,34999.582222222234
0.42310000000000003,35035.0697777778
0.4232,35070.55733333336
0.4233,35106.04488888889
0.4234,35141.532444444456
0.42350000000000004,35177.02000000002
0.42360000000000003,35212.50755555558
0.4237,35247.995111111115
0.4238,35283.48266666668
0.4239,35318.97022222224
0.42400000000000004,35354.4577777778
0.42410000000000003,35389.94533333334
0.4242,35425.4328888889
0.4243,35460.92044444446
0.4244,35496.407999999996
0.42450000000000004,35531.89555555559
0.42460000000000003,35567.38311111112
0.4247,35602.870666666684
0.4248,35638.35822222225
0.4249,35673.84577777778
0.42500000000000004,35709.33333333334
0.42510000000000003,35744.820888888906
0.4252,35780.30844444447
0.4253,35815.796
0.4254,35851.283555555565
0.42550000000000004,35886.77111111113
0.42560000000000003,35922.25866666669
0.4257,35957.746222222224
0.4258,35993.23377777779
0.4259,36028.72133333335
0.42600000000000005,36064.20888888891
0.42610000000000003,36099.696444444475
0.4262,36135.18400000001
0.4263,36170.67155555557
0.4264,36206.159111111105
0.42650000000000005,36241.6466666667
0.42660000000000003,36277.13422222223
0.4267,36312.62177777779
0.4268,36348.109333333356
0.4269,36383.59688888889
0.42700000000000005,36419.08444444448
0.42710000000000004,36454.572000000015
0.4272,36490.05955555558
0.4273,36525.54711111111
0.4274,36561.034666666674
0.42750000000000005,36596.52222222224
0.42760000000000004,36632.0097777778
0.4277,36667.49733333336
0.4278,36702.984888888896
0.4279,36738.47244444446
0.42800000000000005,36773.96000000002
0.42810000000000004,36809.447555555584
0.4282,36844.93511111112
0.4283,36880.42266666668
0.4284,36915.91022222224
0.42850000000000005,36951.397777777805
0.42860000000000004,36986.88533333334
0.4287,37022.3728888889
0.4288,37057.860444444465
0.4289,37093.348
0.42900000000000005,37128.83555555559
0.42910000000000004,37164.32311111112
0.4292,37199.810666666686
0.4293,37235.29822222222
0.4294,37270.78577777778
0.4295,37306.273333333345
0.42960000000000004,37341.76088888891
0.4297,37377.24844444447
0.4298,37412.736000000004
0.4299,37448.22355555557
0.43,37483.7111111111
0.43010000000000004,37519.19866666669
0.4302,37554.686222222226
0.4303,37590.17377777779
0.4304,37625.66133333335
0.4305,37661.148888888885
0.43060000000000004,37696.63644444448
0.4307,37732.12400000001
0.4308,37767.61155555557
0.4309,37803.09911111111
0.431,37838.58666666667
0.43110000000000004,37874.07422222223
0.4312,37909.561777777795
0.4313,37945.04933333336
0.4314,37980.53688888889
0.4315,38016.024444444454
0.43160000000000004,38051.51200000002
0.43170000000000003,38086.99955555558
0.4318,38122.48711111111
0.4319,38157.974666666676
0.432,38193.46222222224
0.43210000000000004,38228.9497777778
0.43220000000000003,38264.437333333364
0.4323,38299.9248888889
0.4324,38335.41244444446
0.4325,38370.899999999994
0.43260000000000004,38406.387555555586
0.43270000000000003,38441.87511111112
0.4328,38477.36266666668
0.4329,38512.850222222245
0.433,38548.33777777778
0.43310000000000004,38583.82533333334
0.43320000000000003,38619.312888888904
0.4333,38654.80044444447
0.4334,38690.288
0.4335,38725.77555555556
0.43360000000000004,38761.263111111126
0.43370000000000003,38796.75066666669
0.4338,38832.23822222222
0.4339,38867.725777777785
0.434,38903.21333333335
0.43410000000000004,38938.70088888891
0.43420000000000003,38974.18844444447
0.4343,39009.67600000001
0.4344,39045.16355555557
0.4345,39080.6511111111
0.43460000000000004,39116.138666666695
0.43470000000000003,39151.62622222223
0.4348,39187.11377777779
0.4349,39222.601333333354
0.435,39258.08888888889
0.43510000000000004,39293.57644444448
0.43520000000000003,39329.06400000001
0.4353,39364.551555555576
0.4354,39400.03911111111
0.4355,39435.52666666667
0.43560000000000004,39471.014222222235
0.43570000000000003,39506.5017777778
0.4358,39541.98933333336
0.4359,39577.476888888894
0.436,39612.96444444446
0.43610000000000004,39648.45200000002
0.43620000000000003,39683.93955555558
0.4363,39719.427111111116
0.4364,39754.91466666668
0.4365,39790.40222222224
0.43660000000000004,39825.889777777804
0.43670000000000003,39861.37733333334
0.4368,39896.8648888889
0.4369,39932.35244444446
0.437,39967.84
0.43710000000000004,40003.32755555559
0.43720000000000003,40038.81511111112
0.4373,40074.302666666685
0.4374,40109.79022222222
0.4375,40145.27777777778
0.43760000000000004,40180.765333333344
0.43770000000000003,40216.25288888891
0.4378,40251.74044444447
0.4379,40287.228
0.438,40322.715555555566
0.43810000000000004,40358.20311111113
0.43820000000000003,40393.69066666669
0.4383,40429.178222222225
0.4384,40464.66577777779
0.4385,40500.15333333335
0.43860000000000005,40535.64088888891
0.43870000000000003,40571.128444444475
0.4388,40606.61600000001
0.4389,40642.10355555557
0.439,40677.591111111105
0.43910000000000005,40713.0786666667
0.43920000000000003,40748.56622222223
0.4393,40784.05377777779
0.4394,40819.541333333356
0.4395,40855.02888888889
0.43960000000000005,40890.51644444448
0.43970000000000004,40926.004000000015
0.4398,40961.49155555558
0.4399,40996.97911111111
0.44,41032.466666666674
0.44010000000000005,41067.95422222224
0.44020000000000004,41103.4417777778
0.4403,41138.92933333336
0.4404,41174.416888888896
0.4405,41209.90444444446
0.44060000000000005,41245.39200000002
0.44070000000000004,41280.879555555584
0.4408,41316.36711111112
0.4409,41351.85466666668
0.441,41387.34222222224
0.44110000000000005,41422.829777777806
0.44120000000000004,41458.31733333334
0.4413,41493.8048888889
0.4414,41529.292444444465
0.4415,41564.78
0.44160000000000005,41600.26755555559
0.44170000000000004,41635.755111111124
0.4418,41671.24266666669
0.4419,41706.73022222222
0.442,41742.21777777778
0.44210000000000005,41777.705333333346
0.44220000000000004,41813.19288888891
0.4423,41848.68044444447
0.4424,41884.168000000005
0.4425,41919.65555555557
0.44260000000000005,41955.14311111113
0.44270000000000004,41990.63066666669
0.4428,42026.11822222223
0.4429,42061.60577777779
0.443,42097.09333333335
0.4431,42132.580888888886
0.44320000000000004,42168.06844444448
0.4433,42203.55600000001
0.4434,42239.043555555574
0.4435,42274.53111111111
0.4436,42310.01866666667
0.44370000000000004,42345.50622222223
0.44380000000000003,42380.993777777796
0.4439,42416.48133333336
0.444,42451.96888888889
0.4441,42487.456444444455
0.44420000000000004,42522.94400000002
0.44430000000000003,42558.43155555558
0.4444,42593.919111111114
0.4445,42629.40666666668
0.4446,42664.89422222224
0.44470000000000004,42700.3817777778
0.44480000000000003,42735.869333333336
0.4449,42771.3568888889
0.445,42806.84444444446
0.4451,42842.331999999995
0.44520000000000004,42877.81955555559
0.44530000000000003,42913.30711111112
0.4454,42948.79466666668
0.4455,42984.282222222246
0.4456,43019.76977777778
0.44570000000000004,43055.25733333334
0.44580000000000003,43090.744888888905
0.4459,43126.23244444447
0.446,43161.72
0.4461,43197.207555555564
0.44620000000000004,43232.69511111113
0.44630000000000003,43268.18266666669
0.4464,43303.67022222222
0.4465,43339.157777777786
0.4466,43374.64533333335
0.44670000000000004,43410.13288888891
0.44680000000000003,43445.620444444474
0.4469,43481.10800000001
0.447,43516.59555555557
0.4471,43552.083111111104
0.44720000000000004,43587.570666666696
0.44730000000000003,43623.05822222223
0.4474,43658.54577777779
0.4475,43694.033333333355
0.4476,43729.52088888889
0.44770000000000004,43765.00844444448
0.44780000000000003,43800.496000000014
0.4479,43835.98355555558
0.448,43871.47111111111
0.4481,43906.95866666667
0.44820000000000004,43942.446222222236
0.44830000000000003,43977.9337777778
0.4484,44013.42133333336
0.4485,44048.908888888895
0.4486,44084.39644444446
0.44870000000000004,44119.88400000002
0.44880000000000003,44155.37155555558
0.4489,44190.85911111112
0.449,44226.34666666668
0.4491,44261.83422222224
0.44920000000000004,44297.321777777805
0.44930000000000003,44332.80933333334
0.4494,44368.2968888889
0.4495,44403.78444444446
0.4496,44439.272
0.44970000000000004,44474.75955555559
0.44980000000000003,44510.24711111112
0.4499,44545.734666666685
0.45,44581.22222222222
0.4501,44616.70977777778
0.45020000000000004,44652.197333333344
0.45030000000000003,44687.68488888891
0.4504,44723.17244444447
0.4505,44758.66
0.4506,44794.147555555566
0.45070000000000005,44829.63511111113
0.45080000000000003,44865.12266666669
0.4509,44900.610222222225
0.451,44936.09777777779
0.4511,44971.58533333335
0.45120000000000005,45007.07288888891
0.45130000000000003,45042.560444444476
0.4514,45078.04800000001
0.4515,45113.53555555557
0.4516,45149.023111111106
0.45170000000000005,45184.5106666667
0.45180000000000003,45219.99822222223
0.4519,45255.485777777794
0.452,45290.97333333336
0.4521,45326.46088888889
0.45220000000000005,45361.94844444445
0.45230000000000004,45397.436000000016
0.4524,45432.92355555558
0.4525,45468.41111111111
0.4526,45503.898666666675
0.45270000000000005,45539.38622222224
0.45280000000000004,45574.8737777778
0.4529,45610.361333333334
0.453,45645.8488888889
0.4531,45681.33644444446
0.45320000000000005,45716.82400000002
0.45330000000000004,45752.311555555585
0.4534,45787.79911111112
0.4535,45823.28666666668
0.4536,45858.774222222244
0.45370000000000005,45894.26177777781
0.45380000000000004,45929.74933333334
0.4539,45965.2368888889
0.454,46000.724444444466
0.4541,46036.212
0.45420000000000005,46071.69955555559
0.45430000000000004,46107.187111111125
0.4544,46142.67466666669
0.4545,46178.16222222222
0.4546,46213.649777777784
0.45470000000000005,46249.13733333335
0.45480000000000004,46284.62488888891
0.4549,46320.11244444447
0.455,46355.600000000006
0.4551,46391.08755555557
0.45520000000000005,46426.57511111113
0.45530000000000004,46462.062666666694
0.4554,46497.55022222223
0.4555,46533.03777777779
0.4556,46568.52533333335
0.45570000000000005,46604.012888888916
0.45580000000000004,46639.50044444448
0.4559,46674.98800000001
0.456,46710.475555555575
0.4561,46745.96311111111
0.4562,46781.45066666667
0.45630000000000004,46816.938222222234
0.45640000000000003,46852.4257777778
0.4565,46887.91333333336
0.4566,46923.40088888889
0.4567,46958.888444444456
0.45680000000000004,46994.37600000002
0.45690000000000003,47029.86355555558
0.457,47065.351111111115
0.4571,47100.83866666668
0.4572,47136.32622222224
0.45730000000000004,47171.8137777778
0.45740000000000003,47207.30133333334
0.4575,47242.7888888889
0.4576,47278.27644444446
0.4577,47313.763999999996
0.45780000000000004,47349.25155555559
0.45790000000000003,47384.73911111112
0.458,47420.226666666684
0.4581,47455.71422222222
0.4582,47491.20177777778
0.45830000000000004,47526.68933333334
0.45840000000000003,47562.176888888906
0.4585,47597.66444444447
0.4586,47633.152
0.4587,47668.639555555565
0.45880000000000004,47704.12711111113
0.45890000000000003,47739.61466666669
0.459,47775.102222222224
0.4591,47810.58977777779
0.4592,47846.07733333335
0.45930000000000004,47881.56488888891
0.45940000000000003,47917.052444444475
0.4595,47952.54000000001
0.4596,47988.02755555557
0.4597,48023.515111111104
0.45980000000000004,48059.002666666696
0.45990000000000003,48094.49022222223
0.46,48129.97777777779
0.4601,48165.465333333355
0.4602,48200.95288888889
0.46030000000000004,48236.44044444445
0.46040000000000003,48271.928000000014
0.4605,48307.41555555558
0.4606,48342.90311111111
0.4607,48378.39066666667
0.46080000000000004,48413.878222222236
0.46090000000000003,48449.3657777778
0.461,48484.85333333336
0.4611,48520.340888888895
0.4612,48555.82844444446
0.46130000000000004,48591.31600000002
0.46140000000000003,48626.80355555558
0.4615,48662.29111111112
0.4616,48697.77866666668
0.4617,48733.26622222224
0.46180000000000004,48768.753777777805
0.46190000000000003,48804.24133333334
0.462,48839.7288888889
0.4621,48875.216444444464
0.4622,48910.704
0.46230000000000004,48946.19155555559
0.46240000000000003,48981.67911111112
0.4625,49017.166666666686
0.4626,49052.65422222222
0.4627,49088.14177777778
0.46280000000000004,49123.629333333345
0.46290000000000003,49159.11688888891
0.463,49194.60444444447
0.4631,49230.092000000004
0.4632,49265.57955555557
0.46330000000000005,49301.06711111113
0.46340000000000003,49336.55466666669
0.4635,49372.042222222226
0.4636,49407.52977777779
0.4637,49443.01733333335
0.46380000000000005,49478.504888888914
0.46390000000000003,49513.99244444448
0.464,49549.48000000001
0.4641,49584.96755555557
0.4642,49620.45511111111
0.46430000000000005,49655.9426666667
0.46440000000000003,49691.43022222223
0.4645,49726.917777777795
0.4646,49762.40533333336
0.4647,49797.89288888889
0.46480000000000005,49833.380444444454
0.46490000000000004,49868.86800000002
0.465,49904.35555555558
0.4651,49939.84311111111
0.4652,49975.330666666676
0.46530000000000005,50010.81822222224
0.46540000000000004,50046.3057777778
0.4655,50081.793333333335
0.4656,50117.2808888889
0.4657,50152.76844444446
0.46580000000000005,50188.25600000002
0.46590000000000004,50223.743555555586
0.466,50259.23111111112
0.4661,50294.71866666668
0.4662,50330.206222222216
0.46630000000000005,50365.69377777781
0.46640000000000004,50401.18133333334
0.4665,50436.668888888904
0.4666,50472.15644444447
0.4667,50507.644
0.46680000000000005,50543.13155555559
0.46690000000000004,50578.619111111126
0.467,50614.10666666669
0.4671,50649.59422222222
0.4672,50685.081777777785
0.46730000000000005,50720.56933333335
0.46740000000000004,50756.05688888891
0.4675,50791.54444444447
0.4676,50827.03200000001
0.4677,50862.51955555557
0.46780000000000005,50898.00711111113
0.46790000000000004,50933.494666666695
0.468,50968.98222222223
0.4681,51004.46977777779
0.4682,51039.957333333354
0.46830000000000005,51075.44488888892
0.46840000000000004,51110.93244444448
0.4685,51146.42000000001
0.4686,51181.907555555576
0.4687,51217.39511111111
0.46880000000000005,51252.8826666667
0.46890000000000004,51288.370222222235
0.46900000000000003,51323.8577777778
0.4691,51359.34533333336
0.4692,51394.832888888894
0.4693,51430.32044444446
0.46940000000000004,51465.80800000002
0.46950000000000003,51501.29555555558
0.4696,51536.783111111115
0.4697,51572.27066666668
0.4698,51607.75822222224
0.46990000000000004,51643.2457777778
0.47000000000000003,51678.73333333334
0.4701,51714.2208888889
0.4702,51749.70844444446
0.4703,51785.195999999996
0.47040000000000004,51820.68355555559
0.47050000000000003,51856.17111111112
0.4706,51891.658666666684
0.4707,51927.14622222222
0.4708,51962.63377777778
0.47090000000000004,51998.12133333334
0.47100000000000003,52033.608888888906
0.4711,52069.09644444447
0.4712,52104.584
0.4713,52140.071555555565
0.47140000000000004,52175.55911111113
0.47150000000000003,52211.04666666669
0.4716,52246.534222222224
0.4717,52282.02177777779
0.4718,52317.50933333335
0.47190000000000004,52352.99688888891
0.47200000000000003,52388.484444444475
0.4721,52423.97200000001
0.4722,52459.45955555557
0.4723,52494.947111111105
0.47240000000000004,52530.4346666667
0.47250000000000003,52565.92222222223
0.4726,52601.40977777779
0.4727,52636.897333333356
0.4728,52672.38488888889
0.47290000000000004,52707.87244444445
0.47300000000000003,52743.360000000015
0.4731,52778.84755555558
0.4732,52814.33511111111
0.4733,52849.822666666674
0.47340000000000004,52885.31022222224
0.47350000000000003,52920.7977777778
0.4736,52956.28533333333
0.4737,52991.772888888896
0.4738,53027.26044444446
0.47390000000000004,53062.74800000002
0.47400000000000003,53098.235555555584
0.4741,53133.72311111112
0.4742,53169.21066666668
0.4743,53204.69822222224
0.47440000000000004,53240.185777777806
0.47450000000000003,53275.67333333334
0.4746,53311.1608888889
0.4747,53346.648444444465
0.4748,53382.136
0.47490000000000004,53417.62355555559
0.47500000000000003,53453.111111111124
0.4751,53488.59866666669
0.4752,53524.08622222222
0.4753,53559.57377777778
0.47540000000000004,53595.061333333346
0.47550000000000003,53630.54888888891
0.4756,53666.03644444447
0.4757,53701.524000000005
0.4758,53737.01155555557
0.47590000000000005,53772.49911111113
0.47600000000000003,53807.98666666669
0.4761,53843.47422222223
0.4762,53878.96177777779
0.4763,53914.44933333335
0.47640000000000005,53949.936888888915
0.47650000000000003,53985.42444444448
0.4766,54020.91200000001
0.4767,54056.399555555574
0.4768,54091.88711111111
0.47690000000000005,54127.3746666667
0.47700000000000004,54162.86222222223
0.4771,54198.349777777796
0.4772,54233.83733333336
0.4773,54269.32488888889
0.47740000000000005,54304.812444444455
0.47750000000000004,54340.30000000002
0.4776,54375.78755555558
0.4777,54411.275111111114
0.4778,54446.76266666668
0.47790000000000005,54482.25022222224
0.47800000000000004,54517.7377777778
0.4781,54553.225333333336
0.4782,54588.7128888889
0.4783,54624.20044444446
0.47840000000000005,54659.688000000024
0.47850000000000004,54695.17555555559
0.4786,54730.66311111112
0.4787,54766.15066666668
0.4788,54801.63822222222
0.47890000000000005,54837.12577777781
0.47900000000000004,54872.61333333334
0.4791,54908.100888888905
0.4792,54943.58844444447
0.4793,54979.076
0.47940000000000005,55014.56355555559
0.47950000000000004,55050.05111111113
0.4796,55085.53866666669
0.4797,55121.02622222222
0.4798,55156.513777777785
0.47990000000000005,55192.00133333335
0.48000000000000004,55227.48888888891
0.4801,55262.97644444447
0.4802,55298.46400000001
0.4803,55333.95155555557
0.48040000000000005,55369.43911111113
0.48050000000000004,55404.926666666695
0.4806,55440.41422222223
0.4807,55475.90177777779
0.4808,55511.389333333354
0.48090000000000005,55546.87688888892
0.48100000000000004,55582.36444444445
0.4811,55617.85200000001
0.4812,55653.339555555576
0.4813,55688.82711111111
0.48140000000000005,55724.3146666667
0.48150000000000004,55759.802222222235
0.48160000000000003,55795.2897777778
0.4817,55830.77733333333
0.4818,55866.264888888894
0.48190000000000005,55901.75244444446
0.48200000000000004,55937.24000000002
0.48210000000000003,55972.72755555558
0.4822,56008.215111111116
0.4823,56043.70266666668
0.4824,56079.19022222224
0.48250000000000004,56114.677777777804
0.48260000000000003,56150.16533333334
0.4827,56185.6528888889
0.4828,56221.14044444446
0.4829,56256.628
0.48300000000000004,56292.11555555559
0.48310000000000003,56327.60311111112
0.4832,56363.090666666685
0.4833,56398.57822222222
0.4834,56434.06577777778
0.48350000000000004,56469.553333333344
0.48360000000000003,56505.04088888891
0.4837,56540.52844444447
0.4838,56576.016
0.4839,56611.503555555566
0.48400000000000004,56646.99111111113
0.48410000000000003,56682.47866666669
0.4842,56717.966222222225
0.4843,56753.45377777779
0.4844,56788.94133333335
0.48450000000000004,56824.42888888891
0.48460000000000003,56859.916444444476
0.4847,56895.40400000001
0.4848,56930.89155555557
0.4849,56966.379111111106
0.48500000000000004,57001.8666666667
0.48510000000000003,57037.35422222223
0.4852,57072.841777777794
0.4853,57108.32933333336
0.4854,57143.81688888889
0.48550000000000004,57179.30444444445
0.48560000000000003,57214.792000000016
0.4857,57250.27955555558
0.4858,57285.76711111111
0.4859,57321.254666666675
0.48600000000000004,57356.74222222224
0.48610000000000003,57392.2297777778
0.4862,57427.717333333334
0.4863,57463.2048888889
0.4864,57498.69244444446
0.48650000000000004,57534.18000000002
0.48660000000000003,57569.667555555585
0.4867,57605.15511111112
0.4868,57640.64266666668
0.4869,57676.130222222215
0.48700000000000004,57711.61777777781
0.48710000000000003,57747.10533333334
0.4872,57782.5928888889
0.4873,57818.080444444466
0.4874,57853.568
0.48750000000000004,57889.05555555559
0.48760000000000003,57924.543111111125
0.4877,57960.03066666669
0.4878,57995.51822222222
0.4879,58031.005777777784
0.48800000000000004,58066.49333333335
0.48810000000000003,58101.98088888891
0.4882,58137.46844444447
0.4883,58172.956000000006
0.4884,58208.44355555557
0.48850000000000005,58243.93111111113
0.48860000000000003,58279.418666666694
0.4887,58314.90622222223
0.4888,58350.39377777779
0.4889,58385.88133333335
0.48900000000000005,58421.368888888916
0.48910000000000003,58456.85644444445
0.4892,58492.34400000001
0.4893,58527.831555555575
0.4894,58563.31911111111
0.48950000000000005,58598.8066666667
0.48960000000000004,58634.294222222234
0.4897,58669.7817777778
0.4898,58705.26933333336
0.4899,58740.75688888889
0.49000000000000005,58776.244444444455
0.49010000000000004,58811.73200000002
0.4902,58847.21955555558
0.4903,58882.707111111115
0.4904,58918.19466666668
0.49050000000000005,58953.68222222224
0.49060000000000004,58989.1697777778
0.4907,59024.657333333336
0.4908,59060.1448888889
0.4909,59095.63244444446
0.49100000000000005,59131.120000000024
0.49110000000000004,59166.60755555559
0.4912,59202.09511111112
0.4913,59237.58266666668
0.4914,59273.07022222222
0.49150000000000005,59308.55777777781
0.49160000000000004,59344.04533333334
0.4917,59379.532888888905
0.4918,59415.02044444447
0.4919,59450.508
0.49200000000000005,59485.99555555559
0.49210000000000004,59521.48311111113
0.4922,59556.97066666669
0.4923,59592.45822222222
0.4924,59627.945777777786
0.49250000000000005,59663.43333333335
0.49260000000000004,59698.92088888891
0.4927,59734.408444444474
0.4928,59769.89600000001
0.4929,59805.38355555557
0.49300000000000005,59840.87111111113
0.49310000000000004,59876.358666666696
0.4932,59911.84622222223
0.4933,59947.33377777779
0.4934,59982.821333333355
0.49350000000000005,60018.30888888892
0.49360000000000004,60053.79644444445
0.4937,60089.284000000014
0.4938,60124.77155555558
0.4939,60160.25911111111
0.49400000000000005,60195.7466666667
0.49410000000000004,60231.234222222236
0.49420000000000003,60266.7217777778
0.4943,60302.20933333333
0.4944,60337.696888888895
0.49450000000000005,60373.18444444446
0.49460000000000004,60408.67200000002
0.49470000000000003,60444.15955555558
0.4948,60479.64711111112
0.4949,60515.13466666668
0.49500000000000005,60550.62222222224
0.49510000000000004,60586.109777777805
0.49520000000000003,60621.59733333334
0.4953,60657.0848888889
0.4954,60692.572444444464
0.4955,60728.06
0.49560000000000004,60763.54755555559
0.49570000000000003,60799.03511111112
0.4958,60834.522666666686
0.4959,60870.01022222222
0.496,60905.49777777778
0.49610000000000004,60940.985333333345
0.49620000000000003,60976.47288888891
0.4963,61011.96044444447
0.4964,61047.448000000004
0.4965,61082.93555555557
0.49660000000000004,61118.42311111113
0.49670000000000003,61153.91066666669
0.4968,61189.398222222226
0.4969,61224.88577777779
0.497,61260.37333333335
0.49710000000000004,61295.860888888914
0.49720000000000003,61331.34844444448
0.4973,61366.83600000001
0.4974,61402.32355555557
0.4975,61437.81111111111
0.49760000000000004,61473.2986666667
0.49770000000000003,61508.78622222223
0.4978,61544.273777777795
0.4979,61579.76133333336
0.498,61615.24888888889
0.49810000000000004,61650.736444444454
0.49820000000000003,61686.22400000002
0.4983,61721.71155555558
0.4984,61757.19911111111
0.4985,61792.686666666676
0.49860000000000004,61828.17422222224
0.49870000000000003,61863.6617777778
0.4988,61899.149333333335
0.4989,61934.6368888889
0.499,61970.12444444446
0.49910000000000004,62005.61200000002
0.49920000000000003,62041.099555555586
0.4993,62076.58711111112
0.4994,62112.07466666668
0.4995,62147.562222222215
0.49960000000000004,62183.04977777781
0.49970000000000003,62218.53733333334
0.4998,62254.024888888904
0.4999,62289.51244444447
0.5,62325.0
0.5001,62381.87466666666
0.5002,62438.74933333332
0.5003000000000001,62495.62400000005
0.5004000000000001,62552.4986666667
0.5005000000000001,62609.373333333366
0.5006,62666.24800000003
0.5007,62723.122666666684
0.5008,62779.99733333335
0.5009,62836.87200000001
0.501,62893.746666666666
0.5011,62950.62133333333
0.5012,63007.495999999985
0.5013000000000001,63064.37066666671
0.5014000000000001,63121.24533333337
0.5015000000000001,63178.12000000003
0.5016,63234.994666666695
0.5017,63291.86933333335
0.5018,63348.74400000001
0.5019,63405.618666666676
0.502,63462.49333333333
0.5021,63519.367999999995
0.5022,63576.24266666666
0.5023,63633.11733333331
0.5024000000000001,63689.99200000004
0.5025000000000001,63746.8666666667
0.5026,63803.74133333336
0.5027,63860.61600000002
0.5028,63917.49066666668
0.5029,63974.36533333334
0.503,64031.240000000005
0.5031,64088.11466666666
0.5032,64144.989333333324
0.5033,64201.86399999998
0.5034000000000001,64258.73866666671
0.5035000000000001,64315.613333333364
0.5036,64372.48800000003
0.5037,64429.36266666669
0.5038,64486.237333333345
0.5039,64543.11200000001
0.504,64599.98666666667
0.5041,64656.86133333333
0.5042,64713.73599999999
0.5043,64770.61066666665
0.5044000000000001,64827.485333333374
0.5045000000000001,64884.36000000004
0.5046,64941.23466666669
0.5047,64998.109333333356
0.5048,65054.98400000002
0.5049,65111.858666666674
0.505,65168.73333333334
0.5051,65225.60799999999
0.5052,65282.482666666656
0.5053,65339.35733333332
0.5054000000000001,65396.23200000004
0.5055000000000001,65453.1066666667
0.5056,65509.98133333336
0.5057,65566.85600000003
0.5058,65623.73066666668
0.5059,65680.60533333334
0.506,65737.48000000001
0.5061,65794.35466666667
0.5062,65851.22933333332
0.5063,65908.10399999999
0.5064000000000001,65964.9786666667
0.5065000000000001,66021.85333333336
0.5066,66078.72800000003
0.5067,66135.60266666669
0.5068,66192.47733333334
0.5069,66249.35200000001
0.507,66306.22666666667
0.5071,66363.10133333332
0.5072,66419.976
0.5073,66476.85066666665
0.5074000000000001,66533.72533333338
0.5075000000000001,66590.60000000003
0.5076,66647.47466666669
0.5077,66704.34933333336
0.5078,66761.22400000002
0.5079,66818.09866666667
0.508,66874.97333333334
0.5081,66931.848
0.5082,66988.72266666665
0.5083,67045.59733333332
0.5084000000000001,67102.47200000004
0.5085000000000001,67159.34666666671
0.5086,67216.22133333336
0.5087,67273.09600000002
0.5088,67329.97066666669
0.5089,67386.84533333335
0.509,67443.72
0.5091,67500.59466666667
0.5092,67557.46933333333
0.5093,67614.34399999998
0.5094000000000001,67671.21866666671
0.5095000000000001,67728.09333333337
0.5096,67784.96800000004
0.5097,67841.8426666667
0.5098,67898.71733333335
0.5099,67955.59200000002
0.51,68012.46666666667
0.5101,68069.34133333333
0.5102,68126.21599999999
0.5103,68183.09066666666
0.5104000000000001,68239.96533333338
0.5105000000000001,68296.84000000004
0.5106,68353.7146666667
0.5107,68410.58933333337
0.5108,68467.46400000002
0.5109,68524.33866666668
0.511,68581.21333333333
0.5111,68638.088
0.5112,68694.96266666666
0.5113,68751.83733333331
0.5114000000000001,68808.71200000004
0.5115000000000001,68865.5866666667
0.5116,68922.46133333337
0.5117,68979.33600000002
0.5118,69036.21066666668
0.5119,69093.08533333335
0.512,69149.96
0.5121,69206.83466666666
0.5122,69263.70933333333
0.5123,69320.58399999999
0.5124000000000001,69377.45866666672
0.5125000000000001,69434.33333333337
0.5126000000000001,69491.20800000003
0.5127,69548.0826666667
0.5128,69604.95733333335
0.5129,69661.83200000001
0.513,69718.70666666668
0.5131,69775.58133333334
0.5132,69832.45599999999
0.5133,69889.33066666666
0.5134000000000001,69946.20533333338
0.5135000000000001,70003.08000000005
0.5136000000000001,70059.9546666667
0.5137,70116.82933333336
0.5138,70173.70400000003
0.5139,70230.57866666668
0.514,70287.45333333334
0.5141,70344.32800000001
0.5142,70401.20266666666
0.5143,70458.07733333332
0.5144000000000001,70514.95200000005
0.5145000000000001,70571.8266666667
0.5146000000000001,70628.70133333336
0.5147,70685.57600000003
0.5148,70742.45066666669
0.5149,70799.32533333334
0.515,70856.20000000001
0.5151,70913.07466666667
0.5152,70969.94933333332
0.5153,71026.824
0.5154,71083.69866666665
0.5155000000000001,71140.57333333338
0.5156000000000001,71197.44800000003
0.5157,71254.32266666669
0.5158,71311.19733333336
0.5159,71368.07200000001
0.516,71424.94666666667
0.5161,71481.82133333334
0.5162,71538.696
0.5163,71595.57066666665
0.5164,71652.44533333332
0.5165000000000001,71709.32000000004
0.5166000000000001,71766.1946666667
0.5167,71823.06933333336
0.5168,71879.94400000002
0.5169,71936.81866666669
0.517,71993.69333333334
0.5171,72050.568
0.5172,72107.44266666667
0.5173,72164.31733333333
0.5174,72221.19199999998
0.5175000000000001,72278.06666666671
0.5176000000000001,72334.94133333337
0.5177,72391.81600000004
0.5178,72448.69066666669
0.5179,72505.56533333335
0.518,72562.44
0.5181,72619.31466666667
0.5182,72676.18933333333
0.5183,72733.06399999998
0.5184,72789.93866666665
0.5185000000000001,72846.81333333338
0.5186000000000001,72903.68800000004
0.5187,72960.5626666667
0.5188,73017.43733333336
0.5189,73074.31200000002
0.519,73131.18666666668
0.5191,73188.06133333335
0.5192,73244.936
0.5193,73301.81066666666
0.5194,73358.68533333333
0.5195000000000001,73415.56000000004
0.5196000000000001,73472.4346666667
0.5197,73529.30933333337
0.5198,73586.18400000002
0.5199,73643.05866666668
0.52,73699.93333333335
0.5201,73756.808
0.5202,73813.68266666666
0.5203,73870.55733333333
0.5204,73927.43199999999
0.5205000000000001,73984.30666666671
0.5206000000000001,74041.18133333337
0.5207,74098.05600000003
0.5208,74154.9306666667
0.5209,74211.80533333335
0.521,74268.68000000001
0.5211,74325.55466666668
0.5212,74382.42933333333
0.5213,74439.30399999999
0.5214,74496.17866666666
0.5215000000000001,74553.05333333337
0.5216000000000001,74609.92800000004
0.5217,74666.8026666667
0.5218,74723.67733333335
0.5219,74780.55200000003
0.522,74837.42666666668
0.5221,74894.30133333334
0.5222,74951.176
0.5223,75008.05066666666
0.5224,75064.92533333332
0.5225000000000001,75121.80000000005
0.5226000000000001,75178.6746666667
0.5227,75235.54933333336
0.5228,75292.42400000003
0.5229,75349.29866666668
0.523,75406.17333333334
0.5231,75463.04800000001
0.5232,75519.92266666667
0.5233,75576.79733333332
0.5234,75633.67199999999
0.5235000000000001,75690.54666666672
0.5236000000000001,75747.42133333338
0.5237,75804.29600000003
0.5238,75861.17066666669
0.5239,75918.04533333336
0.524,75974.92000000001
0.5241,76031.79466666667
0.5242,76088.66933333334
0.5243,76145.544
0.5244,76202.41866666665
0.5245000000000001,76259.29333333338
0.5246000000000001,76316.16800000003
0.5247,76373.0426666667
0.5248,76429.91733333336
0.5249,76486.79200000002
0.525,76543.66666666669
0.5251,76600.54133333334
0.5252,76657.416
0.5253,76714.29066666667
0.5254,76771.16533333332
0.5255000000000001,76828.04000000005
0.5256000000000001,76884.91466666671
0.5257000000000001,76941.78933333336
0.5258,76998.66400000003
0.5259,77055.53866666669
0.526,77112.41333333334
0.5261,77169.28800000002
0.5262,77226.16266666667
0.5263,77283.03733333333
0.5264,77339.91199999998
0.5265000000000001,77396.78666666671
0.5266000000000001,77453.66133333338
0.5267000000000001,77510.53600000004
0.5268,77567.41066666669
0.5269,77624.28533333336
0.527,77681.16000000002
0.5271,77738.03466666667
0.5272,77794.90933333334
0.5273,77851.784
0.5274,77908.65866666666
0.5275000000000001,77965.53333333338
0.5276000000000001,78022.40800000004
0.5277000000000001,78079.2826666667
0.5278,78136.15733333337
0.5279,78193.03200000002
0.528,78249.90666666668
0.5281,78306.78133333335
0.5282,78363.656
0.5283,78420.53066666666
0.5284,78477.40533333333
0.5285000000000001,78534.28000000004
0.5286000000000001,78591.15466666671
0.5287000000000001,78648.02933333337
0.5288,78704.90400000002
0.5289,78761.7786666667
0.529,78818.65333333335
0.5291,78875.528
0.5292,78932.40266666668
0.5293,78989.27733333333
0.5294,79046.15199999999
0.5295,79103.02666666666
0.5296000000000001,79159.90133333337
0.5297000000000001,79216.77600000004
0.5298,79273.6506666667
0.5299,79330.52533333335
0.53,79387.40000000002
0.5301,79444.27466666668
0.5302,79501.14933333333
0.5303,79558.024
0.5304,79614.89866666666
0.5305,79671.77333333332
0.5306000000000001,79728.64800000004
0.5307000000000001,79785.5226666667
0.5308,79842.39733333336
0.5309,79899.27200000003
0.531,79956.14666666668
0.5311,80013.02133333334
0.5312,80069.89600000001
0.5313,80126.77066666666
0.5314,80183.64533333332
0.5315,80240.51999999999
0.5316000000000001,80297.39466666672
0.5317000000000001,80354.26933333337
0.5318,80411.14400000003
0.5319,80468.0186666667
0.532,80524.89333333336
0.5321,80581.76800000001
0.5322,80638.64266666668
0.5323,80695.51733333334
0.5324,80752.39199999999
0.5325,80809.26666666666
0.5326000000000001,80866.14133333338
0.5327000000000001,80923.01600000003
0.5328,80979.8906666667
0.5329,81036.76533333336
0.533,81093.64000000001
0.5331,81150.51466666668
0.5332,81207.38933333334
0.5333,81264.264
0.5334,81321.13866666667
0.5335,81378.01333333332
0.5336000000000001,81434.88800000005
0.5337000000000001,81491.7626666667
0.5338,81548.63733333336
0.5339,81605.51200000002
0.534,81662.38666666669
0.5341,81719.26133333334
0.5342,81776.136
0.5343,81833.01066666667
0.5344,81889.88533333332
0.5345,81946.75999999998
0.5346000000000001,82003.63466666671
0.5347000000000001,82060.50933333338
0.5348,82117.38400000003
0.5349,82174.25866666669
0.535,82231.13333333336
0.5351,82288.00800000002
0.5352,82344.88266666667
0.5353,82401.75733333334
0.5354,82458.632
0.5355,82515.50666666665
0.5356000000000001,82572.38133333338
0.5357000000000001,82629.25600000004
0.5358,82686.1306666667
0.5359,82743.00533333336
0.536,82799.88000000002
0.5361,82856.75466666667
0.5362,82913.62933333335
0.5363,82970.504
0.5364,83027.37866666666
0.5365,83084.25333333333
0.5366000000000001,83141.12800000006
0.5367000000000001,83198.00266666671
0.5368,83254.87733333337
0.5369,83311.75200000004
0.537,83368.62666666669
0.5371,83425.50133333335
0.5372,83482.376
0.5373,83539.25066666667
0.5374,83596.12533333333
0.5375,83652.99999999999
0.5376000000000001,83709.87466666671
0.5377000000000001,83766.74933333337
0.5378000000000001,83823.62400000004
0.5379,83880.4986666667
0.538,83937.37333333335
0.5381,83994.24800000002
0.5382,84051.12266666668
0.5383,84107.99733333333
0.5384,84164.872
0.5385,84221.74666666666
0.5386000000000001,84278.62133333337
0.5387000000000001,84335.49600000004
0.5388000000000001,84392.3706666667
0.5389,84449.24533333335
0.539,84506.12000000002
0.5391,84562.99466666668
0.5392,84619.86933333334
0.5393,84676.744
0.5394,84733.61866666666
0.5395,84790.49333333332
0.5396000000000001,84847.36800000005
0.5397000000000001,84904.24266666672
0.5398000000000001,84961.11733333337
0.5399,85017.99200000003
0.54,85074.8666666667
0.5401,85131.74133333335
0.5402,85188.61600000001
0.5403,85245.49066666668
0.5404,85302.36533333334
0.5405,85359.23999999999
0.5406000000000001,85416.11466666672
0.5407000000000001,85472.98933333337
0.5408000000000001,85529.86400000003
0.5409,85586.7386666667
0.541,85643.61333333336
0.5411,85700.48800000001
0.5412,85757.36266666668
0.5413,85814.23733333334
0.5414,85871.112
0.5415,85927.98666666666
0.5416000000000001,85984.86133333338
0.5417000000000001,86041.73600000005
0.5418000000000001,86098.6106666667
0.5419,86155.48533333336
0.542,86212.36000000003
0.5421,86269.23466666669
0.5422,86326.10933333334
0.5423,86382.984
0.5424,86439.85866666667
0.5425,86496.73333333332
0.5426,86553.60799999998
0.5427000000000001,86610.4826666667
0.5428000000000001,86667.35733333338
0.5429,86724.23200000003
0.543,86781.10666666669
0.5431,86837.98133333336
0.5432,86894.85600000001
0.5433,86951.73066666667
0.5434,87008.60533333334
0.5435,87065.48
0.5436,87122.35466666665
0.5437000000000001,87179.22933333338
0.5438000000000001,87236.10400000004
0.5439,87292.97866666669
0.544,87349.85333333336
0.5441,87406.72800000002
0.5442,87463.60266666667
0.5443,87520.47733333334
0.5444,87577.352
0.5445,87634.22666666665
0.5446,87691.10133333332
0.5447000000000001,87747.97600000005
0.5448000000000001,87804.85066666671
0.5449,87861.72533333336
0.545,87918.60000000003
0.5451,87975.47466666669
0.5452,88032.34933333335
0.5453,88089.22400000002
0.5454,88146.09866666667
0.5455,88202.97333333333
0.5456,88259.84799999998
0.5457000000000001,88316.72266666671
0.5458000000000001,88373.59733333337
0.5459,88430.47200000004
0.546,88487.3466666667
0.5461,88544.22133333335
0.5462,88601.09600000002
0.5463,88657.97066666668
0.5464,88714.84533333333
0.5465,88771.72
0.5466,88828.59466666666
0.5467000000000001,88885.46933333337
0.5468000000000001,88942.34400000004
0.5469,88999.2186666667
0.547,89056.09333333335
0.5471,89112.96800000002
0.5472,89169.84266666668
0.5473,89226.71733333333
0.5474,89283.592
0.5475,89340.46666666666
0.5476,89397.34133333332
0.5477000000000001,89454.21600000004
0.5478000000000001,89511.09066666671
0.5479,89567.96533333337
0.548,89624.84000000003
0.5481,89681.7146666667
0.5482,89738.58933333335
0.5483,89795.464
0.5484,89852.33866666668
0.5485,89909.21333333333
0.5486,89966.08799999999
0.5487000000000001,90022.96266666672
0.5488000000000001,90079.83733333337
0.5489,90136.71200000003
0.549,90193.5866666667
0.5491,90250.46133333335
0.5492,90307.33600000001
0.5493,90364.21066666668
0.5494,90421.08533333334
0.5495,90477.95999999999
0.5496,90534.83466666666
0.5497000000000001,90591.70933333338
0.5498000000000001,90648.58400000005
0.5499,90705.4586666667
0.55,90762.33333333336
0.5501,90819.20800000003
0.5502,90876.08266666668
0.5503,90932.95733333334
0.5504,90989.83200000001
0.5505,91046.70666666667
0.5506,91103.58133333332
0.5507000000000001,91160.45600000005
0.5508000000000001,91217.3306666667
0.5509000000000001,91274.20533333338
0.551,91331.08000000003
0.5511,91387.95466666669
0.5512,91444.82933333336
0.5513,91501.70400000001
0.5514,91558.57866666667
0.5515,91615.45333333334
0.5516,91672.328
0.5517000000000001,91729.20266666671
0.5518000000000001,91786.07733333338
0.5519000000000001,91842.95200000003
0.552,91899.82666666669
0.5521,91956.70133333336
0.5522,92013.57600000002
0.5523,92070.45066666667
0.5524,92127.32533333334
0.5525,92184.2
0.5526,92241.07466666665
0.5527000000000001,92297.94933333338
0.5528000000000001,92354.82400000005
0.5529000000000001,92411.6986666667
0.553,92468.57333333336
0.5531,92525.44800000003
0.5532,92582.32266666669
0.5533,92639.19733333334
0.5534,92696.07200000001
0.5535,92752.94666666667
0.5536,92809.82133333333
0.5537000000000001,92866.69600000005
0.5538000000000001,92923.57066666671
0.5539000000000001,92980.44533333337
0.554,93037.32000000004
0.5541,93094.19466666669
0.5542,93151.06933333335
0.5543,93207.94400000002
0.5544,93264.81866666667
0.5545,93321.69333333333
0.5546,93378.568
0.5547000000000001,93435.44266666671
0.5548000000000001,93492.31733333337
0.5549000000000001,93549.19200000004
0.555,93606.0666666667
0.5551,93662.94133333335
0.5552,93719.81600000002
0.5553,93776.69066666668
0.5554,93833.56533333333
0.5555,93890.44
0.5556,93947.31466666666
0.5557,94004.18933333331
0.5558000000000001,94061.06400000004
0.5559000000000001,94117.93866666671
0.556,94174.81333333337
0.5561,94231.68800000002
0.5562,94288.5626666667
0.5563,94345.43733333335
0.5564,94402.312
0.5565,94459.18666666668
0.5566,94516.06133333333
0.5567,94572.93599999999
0.5568000000000001,94629.81066666672
0.5569000000000001,94686.68533333337
0.557,94743.56000000003
0.5571,94800.4346666667
0.5572,94857.30933333335
0.5573,94914.18400000001
0.5574,94971.05866666668
0.5575,95027.93333333333
0.5576,95084.80799999999
0.5577,95141.68266666666
0.5578000000000001,95198.55733333339
0.5579000000000001,95255.43200000003
0.558,95312.3066666667
0.5581,95369.18133333337
0.5582,95426.05600000001
0.5583,95482.93066666668
0.5584,95539.80533333335
0.5585,95596.68
0.5586,95653.55466666666
0.5587,95710.42933333333
0.5588000000000001,95767.30400000005
0.5589000000000001,95824.1786666667
0.559,95881.05333333337
0.5591,95937.92800000003
0.5592,95994.80266666668
0.5593,96051.67733333335
0.5594,96108.55200000001
0.5595,96165.42666666667
0.5596,96222.30133333334
0.5597,96279.17599999999
0.5598000000000001,96336.0506666667
0.5599000000000001,96392.92533333338
0.56,96449.80000000003
0.5601,96506.67466666669
0.5602,96563.54933333336
0.5603,96620.42400000001
0.5604,96677.29866666667
0.5605,96734.17333333334
0.5606,96791.048
0.5607,96847.92266666665
0.5608000000000001,96904.79733333338
0.5609000000000001,96961.67200000005
0.561,97018.5466666667
0.5611,97075.42133333336
0.5612,97132.29600000003
0.5613,97189.17066666669
0.5614,97246.04533333334
0.5615,97302.92000000001
0.5616,97359.79466666665
0.5617,97416.66933333332
0.5618000000000001,97473.54400000005
0.5619000000000001,97530.41866666671
0.562,97587.29333333336
0.5621,97644.16800000003
0.5622,97701.04266666669
0.5623,97757.91733333335
0.5624,97814.79200000002
0.5625,97871.66666666667
0.5626,97928.54133333333
0.5627,97985.416
0.5628000000000001,98042.29066666673
0.5629000000000001,98099.16533333337
0.5630000000000001,98156.04000000004
0.5631,98212.91466666671
0.5632,98269.78933333335
0.5633,98326.66400000002
0.5634,98383.53866666669
0.5635,98440.41333333333
0.5636,98497.288
0.5637,98554.16266666666
0.5638000000000001,98611.03733333338
0.5639000000000001,98667.91200000004
0.5640000000000001,98724.78666666671
0.5641,98781.66133333337
0.5642,98838.53600000002
0.5643,98895.41066666669
0.5644,98952.28533333335
0.5645,99009.16
0.5646,99066.03466666667
0.5647,99122.90933333333
0.5648000000000001,99179.78400000004
0.5649000000000001,99236.65866666671
0.5650000000000001,99293.53333333337
0.5651,99350.40800000002
0.5652,99407.2826666667
0.5653,99464.15733333335
0.5654,99521.032
0.5655,99577.90666666668
0.5656,99634.78133333333
0.5657,99691.65599999999
0.5658000000000001,99748.53066666672
0.5659000000000001,99805.40533333339
0.5660000000000001,99862.28000000003
0.5661,99919.1546666667
0.5662,99976.02933333337
0.5663,100032.90400000001
0.5664,100089.77866666668
0.5665,100146.65333333335
0.5666,100203.52799999999
0.5667,100260.40266666666
0.5668000000000001,100317.27733333339
0.5669000000000001,100374.15200000005
0.5670000000000001,100431.0266666667
0.5671,100487.90133333337
0.5672,100544.77600000003
0.5673,100601.65066666668
0.5674,100658.52533333335
0.5675,100715.40000000001
0.5676,100772.27466666666
0.5677,100829.14933333333
0.5678000000000001,100886.02400000005
0.5679000000000001,100942.8986666667
0.5680000000000001,100999.77333333337
0.5681,101056.64800000003
0.5682,101113.52266666669
0.5683,101170.39733333336
0.5684,101227.27200000001
0.5685,101284.14666666667
0.5686,101341.02133333334
0.5687,101397.896
0.5688,101454.77066666665
0.5689000000000001,101511.64533333338
0.5690000000000001,101568.52000000005
0.5691,101625.3946666667
0.5692,101682.26933333336
0.5693,101739.14400000003
0.5694,101796.01866666669
0.5695,101852.89333333334
0.5696,101909.76800000001
0.5697,101966.64266666667
0.5698,102023.51733333332
0.5699000000000001,102080.39200000005
0.5700000000000001,102137.2666666667
0.5701,102194.14133333336
0.5702,102251.01600000003
0.5703,102307.89066666669
0.5704,102364.76533333334
0.5705,102421.64000000001
0.5706,102478.51466666667
0.5707,102535.38933333333
0.5708,102592.264
0.5709000000000001,102649.13866666672
0.5710000000000001,102706.01333333337
0.5711,102762.88800000004
0.5712,102819.7626666667
0.5713,102876.63733333335
0.5714,102933.51200000002
0.5715,102990.38666666669
0.5716,103047.26133333333
0.5717,103104.136
0.5718,103161.01066666667
0.5719000000000001,103217.88533333338
0.5720000000000001,103274.76000000004
0.5721,103331.63466666671
0.5722,103388.50933333336
0.5723,103445.38400000002
0.5724,103502.25866666669
0.5725,103559.13333333335
0.5726,103616.008
0.5727,103672.88266666667
0.5728,103729.75733333333
0.5729000000000001,103786.63200000004
0.5730000000000001,103843.50666666671
0.5731,103900.38133333337
0.5732,103957.25600000002
0.5733,104014.1306666667
0.5734,104071.00533333335
0.5735,104127.88
0.5736,104184.75466666667
0.5737,104241.62933333333
0.5738,104298.50399999999
0.5739000000000001,104355.37866666671
0.5740000000000001,104412.25333333338
0.5741,104469.12800000003
0.5742,104526.0026666667
0.5743,104582.87733333337
0.5744,104639.75200000001
0.5745,104696.62666666668
0.5746,104753.50133333335
0.5747,104810.37599999999
0.5748,104867.25066666666
0.5749000000000001,104924.12533333339
0.5750000000000001,104981.00000000004
0.5751000000000001,105037.8746666667
0.5752,105094.74933333337
0.5753,105151.62400000003
0.5754,105208.49866666668
0.5755,105265.37333333335
0.5756,105322.248
0.5757,105379.12266666666
0.5758,105435.99733333333
0.5759000000000001,105492.87200000006
0.5760000000000001,105549.7466666667
0.5761000000000001,105606.62133333337
0.5762,105663.49600000003
0.5763,105720.37066666668
0.5764,105777.24533333335
0.5765,105834.12000000001
0.5766,105890.99466666667
0.5767,105947.86933333334
0.5768,106004.74399999999
0.5769000000000001,106061.61866666672
0.5770000000000001,106118.49333333338
0.5771000000000001,106175.36800000005
0.5772,106232.2426666667
0.5773,106289.11733333336
0.5774,106345.99200000003
0.5775,106402.86666666668
0.5776,106459.74133333334
0.5777,106516.61600000001
0.5778,106573.49066666666
0.5779000000000001,106630.36533333338
0.5780000000000001,106687.24000000005
0.5781000000000001,106744.1146666667
0.5782,106800.98933333336
0.5783,106857.86400000003
0.5784,106914.73866666669
0.5785,106971.61333333334
0.5786,107028.48800000001
0.5787,107085.36266666667
0.5788,107142.23733333332
0.5789000000000001,107199.11200000005
0.5790000000000001,107255.98666666672
0.5791000000000001,107312.86133333336
0.5792,107369.73600000003
0.5793,107426.6106666667
0.5794,107483.48533333334
0.5795,107540.36000000002
0.5796,107597.23466666669
0.5797,107654.10933333333
0.5798,107710.984
0.5799000000000001,107767.85866666673
0.5800000000000001,107824.73333333338
0.5801000000000001,107881.60800000004
0.5802,107938.4826666667
0.5803,107995.35733333336
0.5804,108052.23200000002
0.5805,108109.10666666669
0.5806,108165.98133333334
0.5807,108222.856
0.5808,108279.73066666667
0.5809000000000001,108336.60533333338
0.5810000000000001,108393.48000000004
0.5811000000000001,108450.35466666671
0.5812,108507.22933333337
0.5813,108564.10400000002
0.5814,108620.97866666669
0.5815,108677.85333333335
0.5816,108734.728
0.5817,108791.60266666667
0.5818,108848.47733333333
0.5819,108905.35199999998
0.5820000000000001,108962.22666666671
0.5821000000000001,109019.10133333338
0.5822,109075.97600000004
0.5823,109132.8506666667
0.5824,109189.72533333336
0.5825,109246.6
0.5826,109303.47466666668
0.5827,109360.34933333335
0.5828,109417.22399999999
0.5829,109474.09866666666
0.5830000000000001,109530.97333333339
0.5831000000000001,109587.84800000004
0.5832,109644.7226666667
0.5833,109701.59733333337
0.5834,109758.47200000002
0.5835,109815.34666666668
0.5836,109872.22133333335
0.5837,109929.096
0.5838,109985.97066666666
0.5839,110042.84533333333
0.5840000000000001,110099.72000000006
0.5841000000000001,110156.5946666667
0.5842,110213.46933333337
0.5843,110270.34400000004
0.5844,110327.21866666668
0.5845,110384.09333333335
0.5846,110440.96800000001
0.5847,110497.84266666666
0.5848,110554.71733333333
0.5849,110611.59199999999
0.5850000000000001,110668.46666666672
0.5851000000000001,110725.34133333337
0.5852,110782.21600000004
0.5853,110839.0906666667
0.5854,110895.96533333336
0.5855,110952.84000000003
0.5856,111009.71466666668
0.5857,111066.58933333334
0.5858,111123.464
0.5859,111180.33866666666
0.5860000000000001,111237.21333333338
0.5861000000000001,111294.08800000005
0.5862,111350.9626666667
0.5863,111407.83733333336
0.5864,111464.71200000003
0.5865,111521.58666666668
0.5866,111578.46133333334
0.5867,111635.33600000001
0.5868,111692.21066666667
0.5869,111749.08533333332
0.5870000000000001,111805.96000000005
0.5871000000000001,111862.83466666672
0.5872,111919.70933333336
0.5873,111976.58400000003
0.5874,112033.4586666667
0.5875,112090.33333333334
0.5876,112147.20800000001
0.5877,112204.08266666668
0.5878,112260.95733333332
0.5879,112317.832
0.5880000000000001,112374.70666666672
0.5881000000000001,112431.58133333338
0.5882000000000001,112488.45600000003
0.5883,112545.3306666667
0.5884,112602.20533333336
0.5885,112659.08000000002
0.5886,112715.95466666669
0.5887,112772.82933333334
0.5888,112829.704
0.5889,112886.57866666667
0.5890000000000001,112943.45333333338
0.5891000000000001,113000.32800000004
0.5892000000000001,113057.20266666671
0.5893,113114.07733333336
0.5894,113170.95200000002
0.5895,113227.82666666669
0.5896,113284.70133333335
0.5897,113341.576
0.5898,113398.45066666667
0.5899,113455.32533333333
0.5900000000000001,113512.20000000006
0.5901000000000001,113569.07466666671
0.5902000000000001,113625.94933333338
0.5903,113682.82400000004
0.5904,113739.69866666669
0.5905,113796.57333333336
0.5906,113853.44800000002
0.5907,113910.32266666667
0.5908,113967.19733333334
0.5909,114024.07199999999
0.5910000000000001,114080.94666666671
0.5911000000000001,114137.82133333338
0.5912000000000001,114194.69600000004
0.5913,114251.5706666667
0.5914,114308.44533333337
0.5915,114365.32000000002
0.5916,114422.19466666668
0.5917,114479.06933333335
0.5918,114535.944
0.5919,114592.81866666666
0.5920000000000001,114649.69333333339
0.5921000000000001,114706.56800000006
0.5922000000000001,114763.4426666667
0.5923,114820.31733333337
0.5924,114877.19200000004
0.5925,114934.06666666668
0.5926,114990.94133333335
0.5927,115047.81600000002
0.5928,115104.69066666666
0.5929,115161.56533333333
0.5930000000000001,115218.44000000006
0.5931000000000001,115275.31466666672
0.5932000000000001,115332.18933333337
0.5933,115389.06400000004
0.5934,115445.9386666667
0.5935,115502.81333333335
0.5936,115559.68800000002
0.5937,115616.56266666668
0.5938,115673.43733333334
0.5939,115730.312
0.5940000000000001,115787.18666666672
0.5941000000000001,115844.06133333337
0.5942000000000001,115900.93600000005
0.5943,115957.8106666667
0.5944,116014.68533333336
0.5945,116071.56000000003
0.5946,116128.43466666668
0.5947,116185.30933333334
0.5948,116242.18400000001
0.5949,116299.05866666666
0.595,116355.93333333332
0.5951000000000001,116412.80800000005
0.5952000000000001,116469.68266666672
0.5953,116526.55733333336
0.5954,116583.43200000003
0.5955,116640.3066666667
0.5956,116697.18133333334
0.5957,116754.05600000001
0.5958,116810.93066666668
0.5959,116867.80533333332
0.596,116924.68
0.5961000000000001,116981.55466666672
0.5962000000000001,117038.42933333338
0.5963,117095.30400000003
0.5964,117152.1786666667
0.5965,117209.05333333336
0.5966,117265.92800000001
0.5967,117322.80266666668
0.5968,117379.67733333334
0.5969,117436.552
0.597,117493.42666666667
0.5971000000000001,117550.30133333338
0.5972000000000001,117607.17600000004
0.5973,117664.0506666667
0.5974,117720.92533333336
0.5975,117777.80000000002
0.5976,117834.67466666669
0.5977,117891.54933333334
0.5978,117948.424
0.5979,118005.29866666667
0.598,118062.17333333332
0.5981000000000001,118119.04800000005
0.5982000000000001,118175.92266666671
0.5983,118232.79733333338
0.5984,118289.67200000004
0.5985,118346.54666666669
0.5986,118403.42133333336
0.5987,118460.29600000002
0.5988,118517.17066666667
0.5989,118574.04533333334
0.599,118630.91999999998
0.5991000000000001,118687.79466666671
0.5992000000000001,118744.66933333338
0.5993,118801.54400000004
0.5994,118858.4186666667
0.5995,118915.29333333336
0.5996,118972.16800000002
0.5997,119029.04266666668
0.5998,119085.91733333335
0.5999,119142.792
0.6,119199.66666666666
0.6001000000000001,119256.54133333339
0.6002000000000001,119313.41600000006
0.6003000000000001,119370.2906666667
0.6004,119427.16533333337
0.6005,119484.04000000004
0.6006,119540.91466666668
0.6007,119597.78933333335
0.6008,119654.66400000002
0.6009,119711.53866666666
0.601,119768.41333333333
0.6011000000000001,119825.28800000006
0.6012000000000001,119882.16266666671
0.6013000000000001,119939.03733333337
0.6014,119995.91200000004
0.6015,120052.7866666667
0.6016,120109.66133333335
0.6017,120166.53600000002
0.6018,120223.41066666668
0.6019,120280.28533333333
0.602,120337.16
0.6021000000000001,120394.03466666672
0.6022000000000001,120450.90933333337
0.6023000000000001,120507.78400000004
0.6024,120564.6586666667
0.6025,120621.53333333335
0.6026,120678.40800000002
0.6027,120735.28266666668
0.6028,120792.15733333334
0.6029,120849.032
0.603,120905.90666666666
0.6031000000000001,120962.78133333339
0.6032000000000001,121019.65600000005
0.6033000000000001,121076.53066666672
0.6034,121133.40533333336
0.6035,121190.28000000003
0.6036,121247.1546666667
0.6037,121304.02933333334
0.6038,121360.90400000001
0.6039,121417.77866666668
0.604,121474.65333333332
0.6041000000000001,121531.52800000005
0.6042000000000001,121588.40266666672
0.6043000000000001,121645.27733333338
0.6044,121702.15200000003
0.6045,121759.0266666667
0.6046,121815.90133333336
0.6047,121872.77600000001
0.6048,121929.65066666668
0.6049,121986.52533333334
0.605,122043.4
0.6051000000000001,122100.27466666672
0.6052000000000001,122157.1493333334
0.6053000000000001,122214.02400000003
0.6054,122270.8986666667
0.6055,122327.77333333336
0.6056,122384.64800000002
0.6057,122441.52266666669
0.6058,122498.39733333334
0.6059,122555.272
0.606,122612.14666666667
0.6061000000000001,122669.0213333334
0.6062000000000001,122725.89600000005
0.6063000000000001,122782.7706666667
0.6064,122839.64533333338
0.6065,122896.52000000003
0.6066,122953.39466666669
0.6067,123010.26933333336
0.6068,123067.14400000001
0.6069,123124.01866666667
0.607,123180.89333333334
0.6071000000000001,123237.76800000005
0.6072000000000001,123294.64266666671
0.6073000000000001,123351.51733333338
0.6074,123408.39200000004
0.6075,123465.26666666669
0.6076,123522.14133333336
0.6077,123579.01600000002
0.6078,123635.89066666667
0.6079,123692.76533333334
0.608,123749.64
0.6081,123806.51466666666
0.6082000000000001,123863.38933333338
0.6083000000000001,123920.26400000005
0.6084,123977.1386666667
0.6085,124034.01333333337
0.6086,124090.88800000004
0.6087,124147.76266666668
0.6088,124204.63733333335
0.6089,124261.51200000002
0.609,124318.38666666666
0.6091,124375.26133333333
0.6092000000000001,124432.13600000006
0.6093000000000001,124489.01066666671
0.6094,124545.88533333337
0.6095,124602.76000000004
0.6096,124659.6346666667
0.6097,124716.50933333335
0.6098,124773.38400000002
0.6099,124830.25866666668
0.61,124887.13333333333
0.6101,124944.008
0.6102000000000001,125000.88266666672
0.6103000000000001,125057.75733333337
0.6104,125114.63200000004
0.6105,125171.5066666667
0.6106,125228.38133333335
0.6107,125285.25600000002
0.6108,125342.13066666668
0.6109,125399.00533333333
0.611,125455.88
0.6111,125512.75466666666
0.6112000000000001,125569.62933333339
0.6113000000000001,125626.50400000004
0.6114,125683.37866666671
0.6115,125740.25333333336
0.6116,125797.12800000003
0.6117,125854.0026666667
0.6118,125910.87733333334
0.6119,125967.75200000001
0.612,126024.62666666668
0.6121,126081.50133333332
0.6122000000000001,126138.37600000005
0.6123000000000001,126195.25066666672
0.6124,126252.12533333337
0.6125,126309.00000000003
0.6126,126365.8746666667
0.6127,126422.74933333336
0.6128,126479.62400000001
0.6129,126536.49866666668
0.613,126593.37333333334
0.6131,126650.24799999999
0.6132000000000001,126707.12266666672
0.6133000000000001,126763.99733333339
0.6134000000000001,126820.87200000003
0.6135,126877.7466666667
0.6136,126934.62133333336
0.6137,126991.49600000001
0.6138,127048.37066666668
0.6139,127105.24533333334
0.614,127162.12
0.6141,127218.99466666667
0.6142000000000001,127275.8693333334
0.6143000000000001,127332.74400000005
0.6144000000000001,127389.6186666667
0.6145,127446.49333333338
0.6146,127503.36800000003
0.6147,127560.24266666669
0.6148,127617.11733333336
0.6149,127673.99200000001
0.615,127730.86666666667
0.6151,127787.74133333334
0.6152000000000001,127844.61600000005
0.6153000000000001,127901.49066666671
0.6154000000000001,127958.36533333338
0.6155,128015.24000000003
0.6156,128072.11466666669
0.6157,128128.98933333336
0.6158,128185.86400000002
0.6159,128242.73866666667
0.616,128299.61333333334
0.6161,128356.488
0.6162000000000001,128413.36266666673
0.6163000000000001,128470.23733333338
0.6164000000000001,128527.11200000004
0.6165,128583.98666666671
0.6166,128640.86133333336
0.6167,128697.73600000002
0.6168,128754.61066666669
0.6169,128811.48533333334
0.617,128868.36
0.6171,128925.23466666667
0.6172000000000001,128982.10933333338
0.6173000000000001,129038.98400000005
0.6174000000000001,129095.85866666671
0.6175,129152.73333333337
0.6176,129209.60800000004
0.6177,129266.48266666669
0.6178,129323.35733333335
0.6179,129380.23200000002
0.618,129437.10666666667
0.6181,129493.98133333333
0.6182000000000001,129550.85600000006
0.6183000000000001,129607.73066666671
0.6184000000000001,129664.60533333338
0.6185,129721.48000000004
0.6186,129778.3546666667
0.6187,129835.22933333337
0.6188,129892.10400000002
0.6189,129948.97866666668
0.619,130005.85333333333
0.6191,130062.728
0.6192000000000001,130119.60266666672
0.6193000000000001,130176.47733333339
0.6194000000000001,130233.35200000004
0.6195,130290.2266666667
0.6196,130347.10133333337
0.6197,130403.97600000002
0.6198,130460.85066666668
0.6199,130517.72533333335
0.62,130574.6
0.6201,130631.47466666666
0.6202000000000001,130688.34933333339
0.6203000000000001,130745.22400000005
0.6204000000000001,130802.09866666672
0.6205,130858.97333333337
0.6206,130915.84800000003
0.6207,130972.7226666667
0.6208,131029.59733333335
0.6209,131086.472
0.621,131143.34666666668
0.6211,131200.22133333335
0.6212,131257.096
0.6213000000000001,131313.97066666672
0.6214000000000001,131370.84533333336
0.6215,131427.72000000003
0.6216,131484.5946666667
0.6217,131541.46933333337
0.6218,131598.34400000004
0.6219,131655.21866666668
0.622,131712.09333333332
0.6221,131768.968
0.6222,131825.84266666666
0.6223000000000001,131882.7173333334
0.6224000000000001,131939.59200000006
0.6225,131996.4666666667
0.6226,132053.34133333337
0.6227,132110.21600000001
0.6228,132167.09066666669
0.6229,132223.96533333336
0.623,132280.84000000003
0.6231,132337.71466666667
0.6232,132394.5893333333
0.6233000000000001,132451.46400000004
0.6234000000000001,132508.3386666667
0.6235,132565.21333333338
0.6236,132622.08800000005
0.6237,132678.9626666667
0.6238,132735.83733333336
0.6239,132792.712
0.624,132849.58666666667
0.6241,132906.46133333334
0.6242,132963.336
0.6243000000000001,133020.21066666674
0.6244000000000001,133077.08533333338
0.6245,133133.96000000002
0.6246,133190.8346666667
0.6247,133247.70933333336
0.6248,133304.58400000003
0.6249,133361.4586666667
0.625,133418.33333333334
0.6251,133475.20799999998
0.6252,133532.08266666665
0.6253000000000001,133588.95733333338
0.6254000000000001,133645.83200000005
0.6255000000000001,133702.70666666672
0.6256,133759.58133333336
0.6257,133816.45600000003
0.6258,133873.33066666668
0.6259,133930.20533333335
0.626,133987.08000000002
0.6261,134043.9546666667
0.6262,134100.82933333333
0.6263000000000001,134157.70400000006
0.6264000000000001,134214.5786666667
0.6265000000000001,134271.45333333337
0.6266,134328.32800000004
0.6267,134385.2026666667
0.6268,134442.07733333338
0.6269,134498.95200000002
0.627,134555.82666666666
0.6271,134612.70133333333
0.6272,134669.576
0.6273000000000001,134726.45066666673
0.6274000000000001,134783.3253333334
0.6275000000000001,134840.20000000004
0.6276,134897.07466666668
0.6277,134953.94933333335
0.6278,135010.82400000002
0.6279,135067.6986666667
0.628,135124.57333333336
0.6281,135181.448
0.6282,135238.32266666665
0.6283000000000001,135295.19733333337
0.6284000000000001,135352.07200000004
0.6285000000000001,135408.9466666667
0.6286,135465.82133333338
0.6287,135522.69600000003
0.6288,135579.5706666667
0.6289,135636.44533333334
0.629,135693.32
0.6291,135750.19466666668
0.6292,135807.06933333335
0.6293000000000001,135863.94400000008
0.6294000000000001,135920.81866666672
0.6295000000000001,135977.69333333336
0.6296,136034.56800000003
0.6297,136091.4426666667
0.6298,136148.31733333337
0.6299,136205.19200000004
0.63,136262.06666666668
0.6301,136318.94133333332
0.6302,136375.816
0.6303000000000001,136432.69066666672
0.6304000000000001,136489.5653333334
0.6305000000000001,136546.44000000006
0.6306,136603.3146666667
0.6307,136660.18933333337
0.6308,136717.064
0.6309,136773.93866666668
0.631,136830.81333333335
0.6311,136887.68800000002
0.6312,136944.56266666666
0.6313000000000001,137001.4373333334
0.6314000000000001,137058.31200000003
0.6315000000000001,137115.1866666667
0.6316,137172.06133333337
0.6317,137228.93600000005
0.6318,137285.8106666667
0.6319,137342.68533333336
0.632,137399.56
0.6321,137456.43466666667
0.6322,137513.30933333334
0.6323000000000001,137570.18400000007
0.6324000000000001,137627.05866666674
0.6325000000000001,137683.93333333338
0.6326,137740.80800000002
0.6327,137797.6826666667
0.6328,137854.55733333336
0.6329,137911.43200000003
0.633,137968.3066666667
0.6331,138025.18133333334
0.6332,138082.05599999998
0.6333000000000001,138138.9306666667
0.6334000000000001,138195.80533333338
0.6335000000000001,138252.68000000005
0.6336,138309.55466666672
0.6337,138366.42933333336
0.6338,138423.30400000003
0.6339,138480.17866666667
0.634,138537.05333333334
0.6341,138593.928
0.6342,138650.80266666668
0.6343,138707.67733333333
0.6344000000000001,138764.55200000005
0.6345000000000001,138821.4266666667
0.6346,138878.30133333337
0.6347,138935.17600000004
0.6348,138992.0506666667
0.6349,139048.92533333338
0.635,139105.80000000002
0.6351,139162.67466666666
0.6352,139219.54933333333
0.6353,139276.424
0.6354000000000001,139333.29866666673
0.6355000000000001,139390.1733333334
0.6356,139447.04800000004
0.6357,139503.92266666668
0.6358,139560.79733333335
0.6359,139617.67200000002
0.636,139674.5466666667
0.6361,139731.42133333336
0.6362,139788.296
0.6363,139845.17066666664
0.6364000000000001,139902.04533333337
0.6365000000000001,139958.92000000004
0.6366,140015.7946666667
0.6367,140072.66933333338
0.6368,140129.54400000002
0.6369,140186.4186666667
0.637,140243.29333333333
0.6371,140300.168
0.6372,140357.04266666668
0.6373,140413.91733333335
0.6374000000000001,140470.79200000007
0.6375000000000001,140527.66666666672
0.6376000000000001,140584.54133333336
0.6377,140641.41600000003
0.6378,140698.2906666667
0.6379,140755.16533333337
0.638,140812.04000000004
0.6381,140868.91466666668
0.6382,140925.78933333332
0.6383,140982.664
0.6384000000000001,141039.53866666672
0.6385000000000001,141096.4133333334
0.6386000000000001,141153.28800000006
0.6387,141210.1626666667
0.6388,141267.03733333337
0.6389,141323.912
0.639,141380.78666666668
0.6391,141437.66133333335
0.6392,141494.53600000002
0.6393,141551.41066666666
0.6394000000000001,141608.2853333334
0.6395000000000001,141665.16000000003
0.6396000000000001,141722.0346666667
0.6397,141778.90933333337
0.6398,141835.78400000004
0.6399,141892.65866666668
0.64,141949.53333333335
0.6401,142006.408
0.6402,142063.28266666667
0.6403,142120.15733333334
0.6404000000000001,142177.03200000006
0.6405000000000001,142233.90666666673
0.6406000000000001,142290.78133333338
0.6407,142347.65600000002
0.6408,142404.5306666667
0.6409,142461.40533333336
0.641,142518.28000000003
0.6411,142575.1546666667
0.6412,142632.02933333334
0.6413,142688.90399999998
0.6414000000000001,142745.7786666667
0.6415000000000001,142802.65333333338
0.6416000000000001,142859.52800000005
0.6417,142916.40266666672
0.6418,142973.27733333336
0.6419,143030.15200000003
0.642,143087.02666666667
0.6421,143143.90133333334
0.6422,143200.776
0.6423,143257.65066666668
0.6424000000000001,143314.5253333334
0.6425000000000001,143371.40000000005
0.6426000000000001,143428.2746666667
0.6427,143485.14933333336
0.6428,143542.02400000003
0.6429,143598.8986666667
0.643,143655.77333333337
0.6431,143712.64800000002
0.6432,143769.52266666666
0.6433,143826.39733333333
0.6434000000000001,143883.27200000006
0.6435000000000001,143940.14666666673
0.6436000000000001,143997.0213333334
0.6437,144053.89600000004
0.6438,144110.77066666668
0.6439,144167.64533333335
0.644,144224.52000000002
0.6441,144281.3946666667
0.6442,144338.26933333336
0.6443,144395.144
0.6444000000000001,144452.01866666673
0.6445000000000001,144508.89333333337
0.6446000000000001,144565.76800000004
0.6447,144622.6426666667
0.6448,144679.51733333338
0.6449,144736.39200000002
0.645,144793.2666666667
0.6451,144850.14133333333
0.6452,144907.016
0.6453,144963.89066666667
0.6454000000000001,145020.7653333334
0.6455000000000001,145077.64000000007
0.6456000000000001,145134.5146666667
0.6457,145191.38933333335
0.6458,145248.26400000002
0.6459,145305.1386666667
0.646,145362.01333333337
0.6461,145418.88800000004
0.6462,145475.76266666668
0.6463,145532.63733333332
0.6464000000000001,145589.51200000005
0.6465000000000001,145646.38666666672
0.6466000000000001,145703.2613333334
0.6467,145760.13600000006
0.6468,145817.0106666667
0.6469,145873.88533333337
0.647,145930.76
0.6471,145987.63466666668
0.6472,146044.50933333335
0.6473,146101.38400000002
0.6474000000000001,146158.25866666675
0.6475000000000001,146215.1333333334
0.6476000000000001,146272.00800000003
0.6477,146328.8826666667
0.6478,146385.75733333337
0.6479,146442.63200000004
0.648,146499.50666666668
0.6481,146556.38133333335
0.6482,146613.256
0.6483,146670.13066666666
0.6484,146727.00533333333
0.6485000000000001,146783.88000000006
0.6486000000000001,146840.75466666673
0.6487,146897.62933333337
0.6488,146954.50400000002
0.6489,147011.3786666667
0.649,147068.25333333336
0.6491,147125.12800000003
0.6492,147182.0026666667
0.6493,147238.87733333334
0.6494,147295.75199999998
0.6495000000000001,147352.6266666667
0.6496000000000001,147409.50133333338
0.6497,147466.37600000005
0.6498,147523.25066666672
0.6499,147580.12533333336
0.65,147637.00000000003
0.6501,147693.87466666667
0.6502,147750.74933333334
0.6503,147807.624
0.6504,147864.49866666668
0.6505000000000001,147921.3733333334
0.6506000000000001,147978.24800000005
0.6507000000000001,148035.1226666667
0.6508,148091.99733333336
0.6509,148148.87200000003
0.651,148205.7466666667
0.6511,148262.62133333337
0.6512,148319.496
0.6513,148376.37066666665
0.6514,148433.24533333333
0.6515000000000001,148490.12000000005
0.6516000000000001,148546.99466666672
0.6517000000000001,148603.8693333334
0.6518,148660.74400000004
0.6519,148717.6186666667
0.652,148774.49333333335
0.6521,148831.36800000002
0.6522,148888.2426666667
0.6523,148945.11733333336
0.6524,149001.992
0.6525000000000001,149058.86666666673
0.6526000000000001,149115.74133333337
0.6527000000000001,149172.61600000004
0.6528,149229.4906666667
0.6529,149286.36533333338
0.653,149343.24000000002
0.6531,149400.1146666667
0.6532,149456.98933333333
0.6533,149513.864
0.6534,149570.73866666667
0.6535000000000001,149627.6133333334
0.6536000000000001,149684.48800000007
0.6537000000000001,149741.3626666667
0.6538,149798.23733333335
0.6539,149855.11200000002
0.654,149911.9866666667
0.6541,149968.86133333336
0.6542,150025.73600000003
0.6543,150082.61066666667
0.6544,150139.48533333332
0.6545000000000001,150196.36000000004
0.6546000000000001,150253.2346666667
0.6547000000000001,150310.10933333338
0.6548,150366.98400000005
0.6549,150423.8586666667
0.655,150480.73333333337
0.6551,150537.608
0.6552,150594.48266666668
0.6553,150651.35733333335
0.6554,150708.23200000002
0.6555000000000001,150765.10666666675
0.6556000000000001,150821.9813333334
0.6557000000000001,150878.85600000003
0.6558,150935.7306666667
0.6559,150992.60533333337
0.656,151049.48000000004
0.6561,151106.3546666667
0.6562,151163.22933333335
0.6563,151220.104
0.6564,151276.97866666666
0.6565000000000001,151333.8533333334
0.6566000000000001,151390.72800000006
0.6567000000000001,151447.60266666673
0.6568,151504.47733333337
0.6569,151561.352
0.657,151618.22666666668
0.6571,151675.10133333335
0.6572,151731.97600000002
0.6573,151788.8506666667
0.6574,151845.72533333334
0.6575000000000001,151902.60000000006
0.6576000000000001,151959.4746666667
0.6577000000000001,152016.34933333338
0.6578,152073.22400000005
0.6579,152130.09866666672
0.658,152186.97333333336
0.6581,152243.84800000003
0.6582,152300.72266666667
0.6583,152357.59733333334
0.6584,152414.472
0.6585000000000001,152471.34666666674
0.6586000000000001,152528.2213333334
0.6587000000000001,152585.09600000005
0.6588,152641.9706666667
0.6589,152698.84533333336
0.659,152755.72000000003
0.6591,152812.5946666667
0.6592,152869.46933333337
0.6593,152926.344
0.6594,152983.21866666665
0.6595000000000001,153040.09333333338
0.6596000000000001,153096.96800000005
0.6597000000000001,153153.84266666672
0.6598,153210.7173333334
0.6599,153267.59200000003
0.66,153324.4666666667
0.6601,153381.34133333334
0.6602,153438.21600000001
0.6603,153495.09066666669
0.6604,153551.96533333336
0.6605000000000001,153608.84000000005
0.6606000000000001,153665.71466666672
0.6607000000000001,153722.58933333337
0.6608,153779.46400000004
0.6609,153836.3386666667
0.661,153893.21333333338
0.6611,153950.08800000002
0.6612,154006.9626666667
0.6613,154063.83733333333
0.6614,154120.712
0.6615,154177.58666666667
0.6616000000000001,154234.4613333334
0.6617000000000001,154291.33600000007
0.6618,154348.2106666667
0.6619,154405.08533333335
0.662,154461.96000000002
0.6621,154518.8346666667
0.6622,154575.70933333336
0.6623,154632.58400000003
0.6624,154689.45866666667
0.6625,154746.3333333333
0.6626000000000001,154803.20800000004
0.6627000000000001,154860.0826666667
0.6628000000000001,154916.95733333338
0.6629,154973.83200000005
0.663,155030.7066666667
0.6631,155087.58133333336
0.6632,155144.456
0.6633,155201.33066666668
0.6634,155258.20533333335
0.6635,155315.08000000002
0.6636000000000001,155371.95466666674
0.6637000000000001,155428.8293333334
0.6638000000000001,155485.70400000003
0.6639,155542.5786666667
0.664,155599.45333333337
0.6641,155656.32800000004
0.6642,155713.2026666667
0.6643,155770.07733333335
0.6644,155826.952
0.6645,155883.82666666666
0.6646000000000001,155940.7013333334
0.6647000000000001,155997.57600000006
0.6648000000000001,156054.45066666673
0.6649,156111.32533333337
0.665,156168.2
0.6651,156225.07466666668
0.6652,156281.94933333335
0.6653,156338.82400000002
0.6654,156395.6986666667
0.6655,156452.57333333333
0.6656000000000001,156509.44800000006
0.6657000000000001,156566.3226666667
0.6658000000000001,156623.19733333337
0.6659,156680.07200000004
0.666,156736.9466666667
0.6661,156793.82133333336
0.6662,156850.69600000003
0.6663,156907.57066666667
0.6664,156964.44533333334
0.6665,157021.32
0.6666000000000001,157078.19466666674
0.6667000000000001,157135.0693333334
0.6668000000000001,157191.94400000005
0.6669,157248.8186666667
0.667,157305.69333333336
0.6671,157362.56800000003
0.6672,157419.4426666667
0.6673,157476.31733333337
0.6674,157533.192
0.6675,157590.06666666665
0.6676000000000001,157646.94133333338
0.6677000000000001,157703.81600000005
0.6678000000000001,157760.69066666672
0.6679,157817.5653333334
0.668,157874.44000000003
0.6681,157931.3146666667
0.6682,157988.18933333334
0.6683,158045.064
0.6684,158101.93866666668
0.6685,158158.81333333335
0.6686000000000001,158215.68800000008
0.6687000000000001,158272.56266666672
0.6688000000000001,158329.43733333336
0.6689,158386.31200000003
0.669,158443.1866666667
0.6691,158500.06133333337
0.6692,158556.93600000002
0.6693,158613.8106666667
0.6694,158670.68533333333
0.6695,158727.56
0.6696000000000001,158784.43466666673
0.6697000000000001,158841.3093333334
0.6698000000000001,158898.18400000007
0.6699,158955.0586666667
0.67,159011.93333333335
0.6701,159068.80800000002
0.6702,159125.6826666667
0.6703,159182.55733333336
0.6704,159239.43200000003
0.6705,159296.30666666667
0.6706000000000001,159353.1813333334
0.6707000000000001,159410.05600000004
0.6708000000000001,159466.9306666667
0.6709,159523.80533333338
0.671,159580.68000000005
0.6711,159637.5546666667
0.6712,159694.42933333336
0.6713,159751.304
0.6714,159808.17866666667
0.6715,159865.05333333334
0.6716000000000001,159921.92800000007
0.6717000000000001,159978.80266666674
0.6718000000000001,160035.67733333338
0.6719,160092.55200000003
0.672,160149.4266666667
0.6721,160206.30133333337
0.6722,160263.17600000004
0.6723,160320.0506666667
0.6724,160376.92533333335
0.6725,160433.8
0.6726000000000001,160490.67466666672
0.6727000000000001,160547.5493333334
0.6728000000000001,160604.42400000006
0.6729,160661.29866666673
0.673,160718.17333333337
0.6731,160775.048
0.6732,160831.92266666668
0.6733,160888.79733333335
0.6734,160945.67200000002
0.6735,161002.5466666667
0.6736000000000001,161059.4213333334
0.6737000000000001,161116.29600000006
0.6738000000000001,161173.1706666667
0.6739,161230.04533333337
0.674,161286.92000000004
0.6741,161343.7946666667
0.6742,161400.66933333335
0.6743,161457.54400000002
0.6744,161514.41866666666
0.6745,161571.29333333333
0.6746,161628.168
0.6747000000000001,161685.04266666673
0.6748000000000001,161741.9173333334
0.6749,161798.79200000004
0.675,161855.6666666667
0.6751,161912.54133333336
0.6752,161969.41600000003
0.6753,162026.2906666667
0.6754,162083.16533333337
0.6755,162140.04
0.6756,162196.91466666665
0.6757000000000001,162253.78933333338
0.6758000000000001,162310.66400000005
0.6759000000000001,162367.53866666672
0.676,162424.4133333334
0.6761,162481.28800000003
0.6762,162538.1626666667
0.6763,162595.03733333334
0.6764,162651.912
0.6765,162708.78666666668
0.6766,162765.66133333335
0.6767000000000001,162822.53600000008
0.6768000000000001,162879.41066666672
0.6769000000000001,162936.28533333336
0.677,162993.16000000003
0.6771,163050.0346666667
0.6772,163106.90933333337
0.6773,163163.784
0.6774,163220.65866666668
0.6775,163277.53333333333
0.6776,163334.408
0.6777000000000001,163391.28266666672
0.6778000000000001,163448.1573333334
0.6779000000000001,163505.03200000006
0.678,163561.9066666667
0.6781,163618.78133333335
0.6782,163675.65600000002
0.6783,163732.5306666667
0.6784,163789.40533333336
0.6785,163846.28000000003
0.6786,163903.15466666667
0.6787000000000001,163960.0293333334
0.6788000000000001,164016.90400000004
0.6789000000000001,164073.7786666667
0.679,164130.65333333338
0.6791,164187.52800000005
0.6792,164244.4026666667
0.6793,164301.27733333336
0.6794,164358.152
0.6795,164415.02666666667
0.6796,164471.90133333334
0.6797000000000001,164528.77600000007
0.6798000000000001,164585.65066666674
0.6799000000000001,164642.52533333338
0.68,164699.40000000002
0.6801,164756.2746666667
0.6802,164813.14933333336
0.6803,164870.02400000003
0.6804,164926.8986666667
0.6805,164983.77333333335
0.6806,165040.648
0.6807000000000001,165097.52266666671
0.6808000000000001,165154.39733333339
0.6809000000000001,165211.27200000006
0.681,165268.14666666673
0.6811,165325.02133333337
0.6812,165381.89600000004
0.6813,165438.77066666668
0.6814,165495.64533333335
0.6815,165552.52000000002
0.6816,165609.3946666667
0.6817000000000001,165666.2693333334
0.6818000000000001,165723.14400000006
0.6819000000000001,165780.0186666667
0.682,165836.89333333337
0.6821,165893.76800000004
0.6822,165950.6426666667
0.6823,166007.51733333335
0.6824,166064.39200000002
0.6825,166121.26666666666
0.6826,166178.14133333333
0.6827000000000001,166235.01600000006
0.6828000000000001,166291.89066666673
0.6829000000000001,166348.7653333334
0.683,166405.64000000004
0.6831,166462.51466666668
0.6832,166519.38933333335
0.6833,166576.26400000002
0.6834,166633.1386666667
0.6835,166690.01333333337
0.6836,166746.888
0.6837000000000001,166803.76266666673
0.6838000000000001,166860.63733333338
0.6839000000000001,166917.51200000005
0.684,166974.38666666672
0.6841,167031.2613333334
0.6842,167088.13600000003
0.6843,167145.0106666667
0.6844,167201.88533333334
0.6845,167258.76
0.6846,167315.63466666668
0.6847000000000001,167372.5093333334
0.6848000000000001,167429.38400000008
0.6849000000000001,167486.25866666672
0.685,167543.13333333336
0.6851,167600.00800000003
0.6852,167656.8826666667
0.6853,167713.75733333337
0.6854,167770.63200000004
0.6855,167827.50666666668
0.6856,167884.38133333332
0.6857000000000001,167941.25600000005
0.6858000000000001,167998.13066666672
0.6859000000000001,168055.0053333334
0.686,168111.88000000006
0.6861,168168.7546666667
0.6862,168225.62933333335
0.6863,168282.50400000002
0.6864,168339.3786666667
0.6865,168396.25333333336
0.6866,168453.12800000003
0.6867000000000001,168510.00266666673
0.6868000000000001,168566.8773333334
0.6869000000000001,168623.75200000004
0.687,168680.6266666667
0.6871,168737.50133333338
0.6872,168794.37600000005
0.6873,168851.2506666667
0.6874,168908.12533333336
0.6875,168965.0
0.6876,169021.87466666667
0.6877,169078.74933333334
0.6878000000000001,169135.62400000007
0.6879000000000001,169192.49866666674
0.6880000000000001,169249.37333333338
0.6881,169306.24800000002
0.6882,169363.1226666667
0.6883,169419.99733333336
0.6884,169476.87200000003
0.6885,169533.7466666667
0.6886,169590.62133333334
0.6887,169647.49599999998
0.6888000000000001,169704.3706666667
0.6889000000000001,169761.24533333338
0.6890000000000001,169818.12000000005
0.6891,169874.99466666672
0.6892,169931.86933333336
0.6893,169988.74400000004
0.6894,170045.61866666668
0.6895,170102.49333333335
0.6896,170159.36800000002
0.6897,170216.2426666667
0.6898000000000001,170273.1173333334
0.6899000000000001,170329.99200000006
0.6900000000000001,170386.8666666667
0.6901,170443.74133333337
0.6902,170500.61600000004
0.6903,170557.4906666667
0.6904,170614.36533333335
0.6905,170671.24000000002
0.6906,170728.11466666666
0.6907,170784.98933333333
0.6908000000000001,170841.86400000006
0.6909000000000001,170898.73866666673
0.6910000000000001,170955.6133333334
0.6911,171012.48800000004
0.6912,171069.36266666668
0.6913,171126.23733333335
0.6914,171183.11200000002
0.6915,171239.9866666667
0.6916,171296.86133333336
0.6917,171353.736
0.6918000000000001,171410.61066666673
0.6919000000000001,171467.48533333337
0.6920000000000001,171524.36000000004
0.6921,171581.2346666667
0.6922,171638.10933333338
0.6923,171694.98400000003
0.6924,171751.8586666667
0.6925,171808.73333333334
0.6926,171865.608
0.6927,171922.48266666668
0.6928000000000001,171979.3573333334
0.6929000000000001,172036.23200000008
0.6930000000000001,172093.10666666672
0.6931,172149.98133333336
0.6932,172206.85600000003
0.6933,172263.7306666667
0.6934,172320.60533333337
0.6935,172377.48000000004
0.6936,172434.35466666668
0.6937,172491.22933333332
0.6938000000000001,172548.10400000005
0.6939000000000001,172604.97866666672
0.6940000000000001,172661.8533333334
0.6941,172718.72800000006
0.6942,172775.6026666667
0.6943,172832.47733333334
0.6944,172889.352
0.6945,172946.22666666668
0.6946,173003.10133333335
0.6947,173059.97600000002
0.6948000000000001,173116.85066666672
0.6949000000000001,173173.7253333334
0.6950000000000001,173230.60000000003
0.6951,173287.4746666667
0.6952,173344.34933333338
0.6953,173401.22400000005
0.6954,173458.0986666667
0.6955,173514.97333333336
0.6956,173571.848
0.6957,173628.72266666667
0.6958000000000001,173685.5973333334
0.6959000000000001,173742.47200000007
0.6960000000000001,173799.34666666674
0.6961,173856.22133333338
0.6962,173913.09600000002
0.6963,173969.9706666667
0.6964,174026.84533333336
0.6965,174083.72000000003
0.6966,174140.5946666667
0.6967,174197.46933333334
0.6968000000000001,174254.34400000007
0.6969000000000001,174311.2186666667
0.6970000000000001,174368.09333333338
0.6971,174424.96800000005
0.6972,174481.84266666672
0.6973,174538.71733333336
0.6974,174595.59200000003
0.6975,174652.46666666667
0.6976,174709.34133333334
0.6977,174766.21600000001
0.6978000000000001,174823.09066666674
0.6979000000000001,174879.9653333334
0.6980000000000001,174936.84000000005
0.6981,174993.7146666667
0.6982,175050.58933333337
0.6983,175107.46400000004
0.6984,175164.3386666667
0.6985,175221.21333333335
0.6986,175278.08800000002
0.6987,175334.96266666666
0.6988000000000001,175391.8373333334
0.6989000000000001,175448.71200000006
0.6990000000000001,175505.58666666673
0.6991,175562.4613333334
0.6992,175619.33600000004
0.6993,175676.21066666668
0.6994,175733.08533333335
0.6995,175789.96000000002
0.6996,175846.8346666667
0.6997,175903.70933333336
0.6998000000000001,175960.58400000006
0.6999000000000001,176017.45866666673
0.7000000000000001,176074.33333333337
0.7001000000000001,176131.20800000004
0.7002,176188.0826666667
0.7003,176244.95733333338
0.7004,176301.83200000002
0.7005,176358.7066666667
0.7006,176415.58133333334
0.7007,176472.456
0.7008,176529.33066666668
0.7009000000000001,176586.2053333334
0.7010000000000001,176643.08000000007
0.7011000000000001,176699.95466666672
0.7012,176756.82933333336
0.7013,176813.70400000003
0.7014,176870.5786666667
0.7015,176927.45333333337
0.7016,176984.32800000004
0.7017,177041.20266666668
0.7018,177098.07733333332
0.7019000000000001,177154.95200000005
0.7020000000000001,177211.82666666672
0.7021000000000001,177268.7013333334
0.7022,177325.57600000006
0.7023,177382.4506666667
0.7024,177439.32533333334
0.7025,177496.2
0.7026,177553.07466666668
0.7027,177609.94933333335
0.7028,177666.82400000002
0.7029000000000001,177723.69866666672
0.7030000000000001,177780.5733333334
0.7031000000000001,177837.44800000003
0.7032,177894.3226666667
0.7033,177951.19733333337
0.7034,178008.07200000004
0.7035,178064.94666666668
0.7036,178121.82133333336
0.7037,178178.696
0.7038,178235.57066666667
0.7039000000000001,178292.4453333334
0.7040000000000001,178349.32000000007
0.7041000000000001,178406.19466666674
0.7042,178463.06933333338
0.7043,178519.94400000002
0.7044,178576.8186666667
0.7045,178633.69333333336
0.7046,178690.56800000003
0.7047,178747.4426666667
0.7048,178804.31733333334
0.7049000000000001,178861.19200000007
0.7050000000000001,178918.0666666667
0.7051000000000001,178974.94133333338
0.7052,179031.81600000005
0.7053,179088.69066666672
0.7054,179145.56533333336
0.7055,179202.44000000003
0.7056,179259.31466666667
0.7057,179316.18933333334
0.7058,179373.064
0.7059000000000001,179429.93866666674
0.7060000000000001,179486.8133333334
0.7061000000000001,179543.68800000005
0.7062,179600.5626666667
0.7063,179657.43733333336
0.7064,179714.31200000003
0.7065,179771.1866666667
0.7066,179828.06133333335
0.7067,179884.93600000002
0.7068,179941.81066666666
0.7069000000000001,179998.6853333334
0.7070000000000001,180055.56000000006
0.7071000000000001,180112.43466666673
0.7072,180169.3093333334
0.7073,180226.18400000004
0.7074,180283.05866666668
0.7075,180339.93333333335
0.7076,180396.80800000002
0.7077,180453.6826666667
0.7078,180510.55733333336
0.7079000000000001,180567.43200000006
0.7080000000000001,180624.30666666673
0.7081000000000001,180681.18133333337
0.7082,180738.05600000004
0.7083,180794.9306666667
0.7084,180851.80533333338
0.7085,180908.68000000002
0.7086,180965.5546666667
0.7087,181022.42933333333
0.7088,181079.304
0.7089000000000001,181136.17866666673
0.7090000000000001,181193.0533333334
0.7091000000000001,181249.92800000007
0.7092,181306.8026666667
0.7093,181363.67733333335
0.7094,181420.55200000003
0.7095,181477.4266666667
0.7096,181534.30133333337
0.7097,181591.17600000004
0.7098,181648.05066666668
0.7099000000000001,181704.9253333334
0.7100000000000001,181761.80000000005
0.7101000000000001,181818.67466666672
0.7102,181875.5493333334
0.7103,181932.42400000006
0.7104,181989.2986666667
0.7105,182046.17333333334
0.7106,182103.048
0.7107,182159.92266666668
0.7108,182216.79733333335
0.7109000000000001,182273.67200000008
0.7110000000000001,182330.54666666672
0.7111000000000001,182387.4213333334
0.7112,182444.29600000003
0.7113,182501.1706666667
0.7114,182558.04533333337
0.7115,182614.92000000004
0.7116,182671.79466666668
0.7117,182728.66933333335
0.7118,182785.544
0.7119000000000001,182842.41866666672
0.7120000000000001,182899.2933333334
0.7121000000000001,182956.16800000006
0.7122,183013.04266666673
0.7123,183069.91733333337
0.7124,183126.79200000002
0.7125,183183.6666666667
0.7126,183240.54133333336
0.7127,183297.41600000003
0.7128,183354.2906666667
0.7129000000000001,183411.1653333334
0.7130000000000001,183468.04000000007
0.7131000000000001,183524.9146666667
0.7132000000000001,183581.78933333338
0.7133,183638.66400000005
0.7134,183695.53866666672
0.7135,183752.41333333336
0.7136,183809.28800000003
0.7137,183866.16266666667
0.7138,183923.03733333334
0.7139,183979.912
0.7140000000000001,184036.78666666674
0.7141000000000001,184093.6613333334
0.7142000000000001,184150.53600000005
0.7143,184207.4106666667
0.7144,184264.28533333336
0.7145,184321.16000000003
0.7146,184378.0346666667
0.7147,184434.90933333334
0.7148,184491.784
0.7149,184548.65866666666
0.7150000000000001,184605.53333333338
0.7151000000000001,184662.40800000005
0.7152000000000001,184719.28266666672
0.7153,184776.1573333334
0.7154,184833.03200000004
0.7155,184889.90666666668
0.7156,184946.78133333335
0.7157,185003.65600000002
0.7158,185060.5306666667
0.7159,185117.40533333336
0.7160000000000001,185174.28000000006
0.7161000000000001,185231.15466666673
0.7162000000000001,185288.02933333337
0.7163,185344.90400000004
0.7164,185401.7786666667
0.7165,185458.65333333338
0.7166,185515.52800000002
0.7167,185572.4026666667
0.7168,185629.27733333333
0.7169,185686.152
0.7170000000000001,185743.02666666673
0.7171000000000001,185799.9013333334
0.7172000000000001,185856.77600000007
0.7173,185913.6506666667
0.7174,185970.52533333335
0.7175,186027.40000000002
0.7176,186084.2746666667
0.7177,186141.14933333336
0.7178,186198.02400000003
0.7179,186254.89866666668
0.7180000000000001,186311.7733333334
0.7181000000000001,186368.64800000004
0.7182000000000001,186425.52266666671
0.7183,186482.39733333339
0.7184,186539.27200000006
0.7185,186596.1466666667
0.7186,186653.02133333337
0.7187,186709.896
0.7188,186766.77066666668
0.7189,186823.64533333335
0.7190000000000001,186880.52000000008
0.7191000000000001,186937.39466666672
0.7192000000000001,186994.2693333334
0.7193,187051.14400000003
0.7194,187108.0186666667
0.7195,187164.89333333337
0.7196,187221.76800000004
0.7197,187278.64266666668
0.7198,187335.51733333335
0.7199,187392.392
0.7200000000000001,187449.26666666672
0.7201000000000001,187506.1413333334
0.7202000000000001,187563.01600000006
0.7203,187619.89066666673
0.7204,187676.76533333337
0.7205,187733.64
0.7206,187790.51466666668
0.7207,187847.38933333335
0.7208,187904.26400000002
0.7209,187961.1386666667
0.7210000000000001,188018.0133333334
0.7211000000000001,188074.88800000006
0.7212000000000001,188131.7626666667
0.7213,188188.63733333338
0.7214,188245.51200000005
0.7215,188302.38666666672
0.7216,188359.26133333336
0.7217,188416.13600000003
0.7218,188473.01066666667
0.7219,188529.88533333334
0.7220000000000001,188586.76000000007
0.7221000000000001,188643.63466666674
0.7222000000000001,188700.5093333334
0.7223,188757.38400000005
0.7224,188814.2586666667
0.7225,188871.13333333336
0.7226,188928.00800000003
0.7227,188984.8826666667
0.7228,189041.75733333337
0.7229,189098.632
0.7230000000000001,189155.5066666667
0.7231000000000001,189212.38133333338
0.7232000000000001,189269.25600000005
0.7233,189326.13066666672
0.7234,189383.0053333334
0.7235,189439.88000000003
0.7236,189496.75466666667
0.7237,189553.62933333335
0.7238,189610.50400000002
0.7239,189667.3786666667
0.7240000000000001,189724.2533333334
0.7241000000000001,189781.12800000006
0.7242000000000001,189838.00266666673
0.7243,189894.87733333337
0.7244,189951.75200000004
0.7245,190008.6266666667
0.7246,190065.50133333338
0.7247,190122.37600000002
0.7248,190179.2506666667
0.7249,190236.12533333333
0.7250000000000001,190293.00000000006
0.7251000000000001,190349.87466666673
0.7252000000000001,190406.7493333334
0.7253000000000001,190463.62400000007
0.7254,190520.4986666667
0.7255,190577.37333333335
0.7256,190634.24800000002
0.7257,190691.1226666667
0.7258,190747.99733333336
0.7259,190804.87200000003
0.7260000000000001,190861.74666666673
0.7261000000000001,190918.6213333334
0.7262000000000001,190975.49600000004
0.7263000000000001,191032.3706666667
0.7264,191089.24533333338
0.7265,191146.12000000005
0.7266,191202.9946666667
0.7267,191259.86933333336
0.7268,191316.744
0.7269,191373.61866666668
0.727,191430.49333333335
0.7271000000000001,191487.36800000007
0.7272000000000001,191544.24266666672
0.7273000000000001,191601.1173333334
0.7274,191657.99200000003
0.7275,191714.8666666667
0.7276,191771.74133333337
0.7277,191828.61600000004
0.7278,191885.49066666668
0.7279,191942.36533333335
0.728,191999.24
0.7281000000000001,192056.11466666672
0.7282000000000001,192112.9893333334
0.7283000000000001,192169.86400000006
0.7284,192226.73866666673
0.7285,192283.61333333337
0.7286,192340.488
0.7287,192397.36266666668
0.7288,192454.23733333335
0.7289,192511.11200000002
0.729,192567.9866666667
0.7291000000000001,192624.8613333334
0.7292000000000001,192681.73600000006
0.7293000000000001,192738.6106666667
0.7294,192795.48533333337
0.7295,192852.36000000004
0.7296,192909.2346666667
0.7297,192966.10933333336
0.7298,193022.98400000003
0.7299,193079.85866666667
0.73,193136.73333333334
0.7301000000000001,193193.60800000007
0.7302000000000001,193250.48266666674
0.7303000000000001,193307.3573333334
0.7304,193364.23200000005
0.7305,193421.10666666672
0.7306,193477.98133333336
0.7307,193534.85600000003
0.7308,193591.7306666667
0.7309,193648.60533333334
0.731,193705.48
0.7311000000000001,193762.35466666674
0.7312000000000001,193819.22933333338
0.7313000000000001,193876.10400000005
0.7314,193932.97866666672
0.7315,193989.85333333336
0.7316,194046.72800000003
0.7317,194103.6026666667
0.7318,194160.47733333334
0.7319,194217.352
0.732,194274.22666666668
0.7321000000000001,194331.1013333334
0.7322000000000001,194387.97600000005
0.7323000000000001,194444.85066666672
0.7324,194501.7253333334
0.7325,194558.60000000003
0.7326,194615.4746666667
0.7327,194672.34933333338
0.7328,194729.22400000002
0.7329,194786.0986666667
0.733,194842.97333333336
0.7331000000000001,194899.84800000006
0.7332000000000001,194956.72266666673
0.7333000000000001,195013.5973333334
0.7334,195070.47200000004
0.7335,195127.3466666667
0.7336,195184.22133333338
0.7337,195241.09600000002
0.7338,195297.9706666667
0.7339,195354.84533333336
0.734,195411.72
0.7341000000000001,195468.59466666673
0.7342000000000001,195525.4693333334
0.7343000000000001,195582.34400000004
0.7344,195639.2186666667
0.7345,195696.09333333338
0.7346,195752.96800000002
0.7347,195809.8426666667
0.7348,195866.71733333336
0.7349,195923.592
0.735,195980.46666666667
0.7351000000000001,196037.3413333334
0.7352000000000001,196094.21600000007
0.7353000000000001,196151.0906666667
0.7354,196207.96533333338
0.7355,196264.84000000005
0.7356,196321.7146666667
0.7357,196378.58933333337
0.7358,196435.46400000004
0.7359,196492.33866666668
0.736,196549.21333333335
0.7361000000000001,196606.08800000008
0.7362000000000001,196662.96266666672
0.7363000000000001,196719.8373333334
0.7364,196776.71200000006
0.7365,196833.5866666667
0.7366,196890.46133333337
0.7367,196947.33600000004
0.7368,197004.21066666668
0.7369,197061.08533333335
0.737,197117.96000000002
0.7371000000000001,197174.83466666675
0.7372000000000001,197231.7093333334
0.7373000000000001,197288.58400000006
0.7374,197345.45866666673
0.7375,197402.33333333337
0.7376,197459.20800000004
0.7377,197516.08266666668
0.7378,197572.95733333335
0.7379,197629.83200000002
0.738,197686.70666666667
0.7381000000000001,197743.5813333334
0.7382000000000001,197800.45600000006
0.7383000000000001,197857.33066666673
0.7384000000000001,197914.20533333338
0.7385,197971.08000000005
0.7386,198027.95466666672
0.7387,198084.82933333336
0.7388,198141.70400000003
0.7389,198198.5786666667
0.739,198255.45333333334
0.7391000000000001,198312.32800000007
0.7392000000000001,198369.20266666674
0.7393000000000001,198426.07733333338
0.7394000000000001,198482.95200000005
0.7395,198539.82666666672
0.7396,198596.70133333336
0.7397,198653.57600000003
0.7398,198710.4506666667
0.7399,198767.32533333334
0.74,198824.2
0.7401,198881.07466666668
0.7402000000000001,198937.9493333334
0.7403000000000001,198994.82400000005
0.7404000000000001,199051.69866666672
0.7405,199108.5733333334
0.7406,199165.44800000003
0.7407,199222.3226666667
0.7408,199279.19733333337
0.7409,199336.07200000001
0.741,199392.94666666668
0.7411,199449.82133333336
0.7412000000000001,199506.69600000005
0.7413000000000001,199563.57066666672
0.7414000000000001,199620.4453333334
0.7415,199677.32000000004
0.7416,199734.1946666667
0.7417,199791.06933333338
0.7418,199847.94400000002
0.7419,199904.8186666667
0.742,199961.69333333336
0.7421,200018.568
0.7422000000000001,200075.44266666673
0.7423000000000001,200132.3173333334
0.7424000000000001,200189.19200000004
0.7425,200246.0666666667
0.7426,200302.94133333338
0.7427,200359.81600000002
0.7428,200416.6906666667
0.7429,200473.56533333336
0.743,200530.44
0.7431,200587.31466666667
0.7432000000000001,200644.1893333334
0.7433000000000001,200701.06400000007
0.7434000000000001,200757.9386666667
0.7435,200814.81333333338
0.7436,200871.68800000005
0.7437,200928.5626666667
0.7438,200985.43733333336
0.7439,201042.31200000003
0.744,201099.18666666668
0.7441,201156.06133333335
0.7442000000000001,201212.93600000007
0.7443000000000001,201269.81066666672
0.7444000000000001,201326.6853333334
0.7445,201383.56000000006
0.7446,201440.4346666667
0.7447,201497.30933333337
0.7448,201554.18400000004
0.7449,201611.05866666668
0.745,201667.93333333335
0.7451,201724.80800000002
0.7452000000000001,201781.68266666675
0.7453000000000001,201838.5573333334
0.7454000000000001,201895.43200000006
0.7455,201952.30666666673
0.7456,202009.18133333337
0.7457,202066.05600000004
0.7458,202122.9306666667
0.7459,202179.80533333335
0.746,202236.68000000002
0.7461,202293.55466666666
0.7462000000000001,202350.4293333334
0.7463000000000001,202407.30400000006
0.7464000000000001,202464.17866666673
0.7465,202521.05333333337
0.7466,202577.92800000004
0.7467,202634.8026666667
0.7468,202691.67733333335
0.7469,202748.55200000003
0.747,202805.4266666667
0.7471,202862.30133333334
0.7472000000000001,202919.17600000006
0.7473000000000001,202976.05066666674
0.7474000000000001,203032.92533333338
0.7475,203089.80000000005
0.7476,203146.67466666672
0.7477,203203.54933333336
0.7478,203260.42400000003
0.7479,203317.2986666667
0.748,203374.17333333334
0.7481,203431.048
0.7482000000000001,203487.92266666674
0.7483000000000001,203544.7973333334
0.7484000000000001,203601.67200000005
0.7485,203658.54666666672
0.7486,203715.4213333334
0.7487,203772.29600000003
0.7488,203829.1706666667
0.7489,203886.04533333337
0.749,203942.92
0.7491,203999.79466666668
0.7492000000000001,204056.6693333334
0.7493000000000001,204113.54400000005
0.7494000000000001,204170.41866666672
0.7495,204227.2933333334
0.7496,204284.16800000003
0.7497,204341.0426666667
0.7498,204397.91733333337
0.7499,204454.79200000002
0.75,204511.6666666667
0.7501,204568.54133333336
0.7502000000000001,204625.41600000006
0.7503000000000001,204682.29066666673
0.7504000000000001,204739.1653333334
0.7505000000000001,204796.04000000004
0.7506,204852.9146666667
0.7507,204909.78933333338
0.7508,204966.66400000002
0.7509,205023.5386666667
0.751,205080.41333333336
0.7511,205137.288
0.7512000000000001,205194.16266666673
0.7513000000000001,205251.0373333334
0.7514000000000001,205307.91200000007
0.7515000000000001,205364.7866666667
0.7516,205421.66133333338
0.7517,205478.53600000005
0.7518,205535.4106666667
0.7519,205592.28533333336
0.752,205649.16000000003
0.7521,205706.03466666667
0.7522000000000001,205762.9093333334
0.7523000000000001,205819.78400000007
0.7524000000000001,205876.6586666667
0.7525000000000001,205933.53333333338
0.7526,205990.40800000005
0.7527,206047.2826666667
0.7528,206104.15733333337
0.7529,206161.03200000004
0.753,206217.90666666668
0.7531,206274.78133333335
0.7532,206331.65600000002
0.7533000000000001,206388.53066666675
0.7534000000000001,206445.4053333334
0.7535000000000001,206502.28000000006
0.7536,206559.15466666673
0.7537,206616.02933333337
0.7538,206672.90400000004
0.7539,206729.7786666667
0.754,206786.65333333335
0.7541,206843.52800000002
0.7542,206900.40266666666
0.7543000000000001,206957.2773333334
0.7544000000000001,207014.15200000006
0.7545000000000001,207071.02666666673
0.7546,207127.90133333337
0.7547,207184.77600000004
0.7548,207241.6506666667
0.7549,207298.52533333335
0.755,207355.40000000002
0.7551,207412.2746666667
0.7552,207469.14933333333
0.7553000000000001,207526.02400000006
0.7554000000000001,207582.89866666673
0.7555000000000001,207639.77333333337
0.7556,207696.64800000004
0.7557,207753.52266666671
0.7558,207810.39733333336
0.7559,207867.27200000003
0.756,207924.1466666667
0.7561,207981.02133333334
0.7562,208037.896
0.7563000000000001,208094.77066666674
0.7564000000000001,208151.6453333334
0.7565000000000001,208208.52000000005
0.7566,208265.39466666672
0.7567,208322.2693333334
0.7568,208379.14400000003
0.7569,208436.0186666667
0.757,208492.89333333337
0.7571,208549.768
0.7572,208606.64266666668
0.7573000000000001,208663.5173333334
0.7574000000000001,208720.39200000005
0.7575000000000001,208777.26666666672
0.7576,208834.1413333334
0.7577,208891.01600000003
0.7578,208947.8906666667
0.7579,209004.76533333337
0.758,209061.64
0.7581,209118.51466666668
0.7582,209175.38933333335
0.7583000000000001,209232.26400000008
0.7584000000000001,209289.13866666672
0.7585000000000001,209346.0133333334
0.7586,209402.88800000004
0.7587,209459.7626666667
0.7588,209516.63733333338
0.7589,209573.51200000002
0.759,209630.3866666667
0.7591,209687.26133333336
0.7592,209744.136
0.7593000000000001,209801.01066666673
0.7594000000000001,209857.8853333334
0.7595000000000001,209914.76000000007
0.7596,209971.6346666667
0.7597,210028.50933333338
0.7598,210085.38400000005
0.7599,210142.2586666667
0.76,210199.13333333336
0.7601,210256.00800000003
0.7602,210312.88266666667
0.7603000000000001,210369.7573333334
0.7604000000000001,210426.63200000007
0.7605000000000001,210483.5066666667
0.7606,210540.38133333338
0.7607,210597.25600000005
0.7608,210654.1306666667
0.7609,210711.00533333336
0.761,210767.88000000003
0.7611,210824.75466666667
0.7612,210881.62933333335
0.7613000000000001,210938.50400000007
0.7614000000000001,210995.37866666674
0.7615000000000001,211052.25333333338
0.7616,211109.12800000006
0.7617,211166.00266666673
0.7618,211222.87733333337
0.7619,211279.75200000004
0.762,211336.6266666667
0.7621,211393.50133333335
0.7622,211450.37600000002
0.7623000000000001,211507.25066666675
0.7624000000000001,211564.1253333334
0.7625000000000001,211621.00000000006
0.7626000000000001,211677.87466666673
0.7627,211734.74933333337
0.7628,211791.62400000004
0.7629,211848.4986666667
0.763,211905.37333333335
0.7631,211962.24800000002
0.7632,212019.1226666667
0.7633000000000001,212075.9973333334
0.7634000000000001,212132.87200000006
0.7635000000000001,212189.74666666673
0.7636000000000001,212246.62133333337
0.7637,212303.49600000004
0.7638,212360.3706666667
0.7639,212417.24533333335
0.764,212474.12000000002
0.7641,212530.9946666667
0.7642,212587.86933333334
0.7643000000000001,212644.74400000006
0.7644000000000001,212701.61866666673
0.7645000000000001,212758.4933333334
0.7646000000000001,212815.36800000005
0.7647,212872.24266666672
0.7648,212929.1173333334
0.7649,212985.99200000003
0.765,213042.8666666667
0.7651,213099.74133333337
0.7652,213156.616
0.7653000000000001,213213.49066666674
0.7654000000000001,213270.3653333334
0.7655000000000001,213327.24000000005
0.7656000000000001,213384.11466666672
0.7657,213440.9893333334
0.7658,213497.86400000003
0.7659,213554.7386666667
0.766,213611.61333333337
0.7661,213668.488
0.7662,213725.36266666668
0.7663000000000001,213782.2373333334
0.7664000000000001,213839.11200000008
0.7665000000000001,213895.98666666672
0.7666000000000001,213952.8613333334
0.7667,214009.73600000003
0.7668,214066.6106666667
0.7669,214123.48533333337
0.767,214180.36000000002
0.7671,214237.23466666669
0.7672,214294.10933333336
0.7673,214350.984
0.7674000000000001,214407.85866666673
0.7675000000000001,214464.7333333334
0.7676000000000001,214521.60800000007
0.7677,214578.4826666667
0.7678,214635.35733333338
0.7679,214692.23200000005
0.768,214749.1066666667
0.7681,214805.98133333336
0.7682,214862.85600000003
0.7683,214919.73066666667
0.7684000000000001,214976.6053333334
0.7685000000000001,215033.48000000007
0.7686000000000001,215090.3546666667
0.7687,215147.22933333338
0.7688,215204.10400000005
0.7689,215260.9786666667
0.769,215317.85333333336
0.7691,215374.72800000003
0.7692,215431.60266666667
0.7693,215488.47733333334
0.7694000000000001,215545.35200000007
0.7695000000000001,215602.22666666674
0.7696000000000001,215659.10133333338
0.7697,215715.97600000005
0.7698,215772.85066666672
0.7699,215829.72533333336
0.77,215886.60000000003
0.7701,215943.4746666667
0.7702,216000.34933333335
0.7703,216057.22400000002
0.7704000000000001,216114.09866666674
0.7705000000000001,216170.9733333334
0.7706000000000001,216227.84800000006
0.7707,216284.72266666673
0.7708,216341.59733333337
0.7709,216398.47200000004
0.771,216455.3466666667
0.7711,216512.22133333335
0.7712,216569.09600000002
0.7713,216625.9706666667
0.7714000000000001,216682.8453333334
0.7715000000000001,216739.72000000006
0.7716000000000001,216796.59466666673
0.7717,216853.46933333337
0.7718,216910.34400000004
0.7719,216967.2186666667
0.772,217024.09333333335
0.7721,217080.96800000002
0.7722,217137.8426666667
0.7723,217194.71733333333
0.7724000000000001,217251.59200000006
0.7725000000000001,217308.46666666673
0.7726000000000001,217365.3413333334
0.7727,217422.21600000004
0.7728,217479.0906666667
0.7729,217535.96533333338
0.773,217592.84000000003
0.7731,217649.7146666667
0.7732,217706.58933333337
0.7733,217763.464
0.7734000000000001,217820.33866666674
0.7735000000000001,217877.2133333334
0.7736000000000001,217934.08800000005
0.7737,217990.96266666672
0.7738,218047.8373333334
0.7739,218104.71200000003
0.774,218161.5866666667
0.7741,218218.46133333337
0.7742,218275.336
0.7743,218332.21066666668
0.7744000000000001,218389.0853333334
0.7745000000000001,218445.96000000008
0.7746000000000001,218502.83466666672
0.7747,218559.7093333334
0.7748,218616.58400000006
0.7749,218673.4586666667
0.775,218730.33333333337
0.7751,218787.208
0.7752,218844.08266666668
0.7753,218900.95733333335
0.7754000000000001,218957.83200000008
0.7755000000000001,219014.70666666672
0.7756000000000001,219071.5813333334
0.7757000000000001,219128.45600000006
0.7758,219185.3306666667
0.7759,219242.20533333338
0.776,219299.08000000005
0.7761,219355.9546666667
0.7762,219412.82933333336
0.7763,219469.70400000003
0.7764000000000001,219526.57866666673
0.7765000000000001,219583.4533333334
0.7766000000000001,219640.32800000007
0.7767000000000001,219697.2026666667
0.7768,219754.07733333338
0.7769,219810.95200000005
0.777,219867.8266666667
0.7771,219924.70133333336
0.7772,219981.57600000003
0.7773,220038.45066666667
0.7774000000000001,220095.3253333334
0.7775000000000001,220152.20000000007
0.7776000000000001,220209.07466666674
0.7777000000000001,220265.94933333338
0.7778,220322.82400000005
0.7779,220379.69866666672
0.778,220436.57333333336
0.7781,220493.44800000003
0.7782,220550.3226666667
0.7783,220607.19733333334
0.7784000000000001,220664.07200000007
0.7785000000000001,220720.94666666674
0.7786000000000001,220777.82133333338
0.7787000000000001,220834.69600000005
0.7788,220891.57066666672
0.7789,220948.44533333337
0.779,221005.32000000004
0.7791,221062.1946666667
0.7792,221119.06933333335
0.7793,221175.94400000002
0.7794000000000001,221232.81866666675
0.7795000000000001,221289.6933333334
0.7796000000000001,221346.56800000006
0.7797000000000001,221403.44266666673
0.7798,221460.31733333337
0.7799,221517.19200000004
0.78,221574.0666666667
0.7801,221630.94133333335
0.7802,221687.81600000002
0.7803,221744.6906666667
0.7804,221801.56533333333
0.7805000000000001,221858.44000000006
0.7806000000000001,221915.31466666673
0.7807000000000001,221972.1893333334
0.7808,222029.06400000004
0.7809,222085.9386666667
0.781,222142.81333333338
0.7811,222199.68800000002
0.7812,222256.5626666667
0.7813,222313.43733333336
0.7814,222370.312
0.7815000000000001,222427.18666666673
0.7816000000000001,222484.0613333334
0.7817000000000001,222540.93600000005
0.7818,222597.81066666672
0.7819,222654.6853333334
0.782,222711.56000000003
0.7821,222768.4346666667
0.7822,222825.30933333337
0.7823,222882.184
0.7824,222939.05866666668
0.7825000000000001,222995.9333333334
0.7826000000000001,223052.80800000008
0.7827000000000001,223109.68266666672
0.7828,223166.5573333334
0.7829,223223.43200000006
0.783,223280.3066666667
0.7831,223337.18133333337
0.7832,223394.05600000004
0.7833,223450.93066666668
0.7834,223507.80533333335
0.7835000000000001,223564.68000000008
0.7836000000000001,223621.55466666672
0.7837000000000001,223678.4293333334
0.7838,223735.30400000006
0.7839,223792.1786666667
0.784,223849.05333333337
0.7841,223905.92800000004
0.7842,223962.80266666668
0.7843,224019.67733333335
0.7844,224076.55200000003
0.7845000000000001,224133.42666666672
0.7846000000000001,224190.3013333334
0.7847000000000001,224247.17600000006
0.7848,224304.0506666667
0.7849,224360.92533333338
0.785,224417.80000000005
0.7851,224474.6746666667
0.7852,224531.54933333336
0.7853,224588.42400000003
0.7854,224645.29866666667
0.7855000000000001,224702.1733333334
0.7856000000000001,224759.04800000007
0.7857000000000001,224815.92266666674
0.7858,224872.79733333338
0.7859,224929.67200000005
0.786,224986.54666666672
0.7861,225043.42133333336
0.7862,225100.29600000003
0.7863,225157.1706666667
0.7864,225214.04533333334
0.7865000000000001,225270.92000000007
0.7866000000000001,225327.79466666674
0.7867000000000001,225384.66933333338
0.7868,225441.54400000005
0.7869,225498.41866666672
0.787,225555.29333333336
0.7871,225612.16800000003
0.7872,225669.0426666667
0.7873,225725.91733333335
0.7874,225782.79200000002
0.7875000000000001,225839.66666666674
0.7876000000000001,225896.54133333339
0.7877000000000001,225953.41600000006
0.7878000000000001,226010.29066666673
0.7879,226067.16533333337
0.788,226124.04000000004
0.7881,226180.9146666667
0.7882,226237.78933333335
0.7883,226294.66400000002
0.7884,226351.5386666667
0.7885000000000001,226408.41333333342
0.7886000000000001,226465.28800000006
0.7887000000000001,226522.16266666673
0.7888000000000001,226579.0373333334
0.7889,226635.91200000004
0.789,226692.7866666667
0.7891,226749.66133333338
0.7892,226806.53600000002
0.7893,226863.4106666667
0.7894,226920.28533333336
0.7895000000000001,226977.16000000006
0.7896000000000001,227034.03466666673
0.7897000000000001,227090.9093333334
0.7898000000000001,227147.78400000004
0.7899,227204.6586666667
0.79,227261.53333333338
0.7901,227318.40800000002
0.7902,227375.2826666667
0.7903,227432.15733333337
0.7904,227489.032
0.7905000000000001,227545.90666666673
0.7906000000000001,227602.7813333334
0.7907000000000001,227659.65600000008
0.7908000000000001,227716.53066666672
0.7909,227773.4053333334
0.791,227830.28000000006
0.7911,227887.1546666667
0.7912,227944.02933333337
0.7913,228000.90400000004
0.7914,228057.77866666668
0.7915000000000001,228114.6533333334
0.7916000000000001,228171.52800000008
0.7917000000000001,228228.40266666672
0.7918000000000001,228285.2773333334
0.7919,228342.15200000006
0.792,228399.0266666667
0.7921,228455.90133333337
0.7922,228512.77600000004
0.7923,228569.65066666668
0.7924,228626.52533333335
0.7925000000000001,228683.40000000008
0.7926000000000001,228740.27466666672
0.7927000000000001,228797.1493333334
0.7928000000000001,228854.02400000006
0.7929,228910.8986666667
0.793,228967.77333333337
0.7931,229024.64800000004
0.7932,229081.5226666667
0.7933,229138.39733333336
0.7934,229195.27200000003
0.7935,229252.14666666667
0.7936000000000001,229309.0213333334
0.7937000000000001,229365.89600000007
0.7938000000000001,229422.77066666674
0.7939,229479.64533333338
0.794,229536.52000000005
0.7941,229593.39466666672
0.7942,229650.26933333336
0.7943,229707.14400000003
0.7944,229764.0186666667
0.7945,229820.89333333334
0.7946000000000001,229877.76800000007
0.7947000000000001,229934.64266666674
0.7948000000000001,229991.51733333338
0.7949,230048.39200000005
0.795,230105.26666666672
0.7951,230162.14133333336
0.7952,230219.01600000003
0.7953,230275.8906666667
0.7954,230332.76533333334
0.7955,230389.64
0.7956000000000001,230446.51466666674
0.7957000000000001,230503.3893333334
0.7958000000000001,230560.26400000005
0.7959,230617.13866666672
0.796,230674.01333333337
0.7961,230730.88800000004
0.7962,230787.7626666667
0.7963,230844.63733333335
0.7964,230901.51200000002
0.7965,230958.3866666667
0.7966000000000001,231015.26133333342
0.7967000000000001,231072.13600000006
0.7968000000000001,231129.01066666673
0.7969,231185.8853333334
0.797,231242.76000000004
0.7971,231299.6346666667
0.7972,231356.50933333338
0.7973,231413.38400000002
0.7974,231470.2586666667
0.7975,231527.13333333336
0.7976000000000001,231584.00800000006
0.7977000000000001,231640.88266666673
0.7978000000000001,231697.7573333334
0.7979,231754.63200000004
0.798,231811.5066666667
0.7981,231868.38133333338
0.7982,231925.25600000002
0.7983,231982.1306666667
0.7984,232039.00533333336
0.7985,232095.88
0.7986000000000001,232152.75466666673
0.7987000000000001,232209.6293333334
0.7988000000000001,232266.50400000007
0.7989,232323.37866666671
0.799,232380.25333333338
0.7991,232437.12800000006
0.7992,232494.0026666667
0.7993,232550.87733333337
0.7994,232607.75200000004
0.7995,232664.62666666668
0.7996000000000001,232721.5013333334
0.7997000000000001,232778.37600000008
0.7998000000000001,232835.25066666672
0.7999,232892.1253333334
0.8,232949.00000000006
0.8001,233005.8746666667
0.8002,233062.74933333337
0.8003,233119.62400000004
0.8004,233176.49866666668
0.8005,233233.37333333335
0.8006000000000001,233290.24800000008
0.8007000000000001,233347.12266666672
0.8008000000000001,233403.9973333334
0.8009000000000001,233460.87200000006
0.801,233517.7466666667
0.8011,233574.62133333337
0.8012,233631.49600000004
0.8013,233688.37066666668
0.8014,233745.24533333335
0.8015,233802.12000000002
0.8016000000000001,233858.99466666675
0.8017000000000001,233915.8693333334
0.8018000000000001,233972.74400000006
0.8019000000000001,234029.61866666673
0.802,234086.49333333338
0.8021,234143.36800000005
0.8022,234200.24266666672
0.8023,234257.11733333336
0.8024,234313.99200000003
0.8025,234370.8666666667
0.8026000000000001,234427.7413333334
0.8027000000000001,234484.61600000007
0.8028000000000001,234541.49066666674
0.8029000000000001,234598.36533333338
0.803,234655.24000000005
0.8031,234712.11466666672
0.8032,234768.98933333336
0.8033,234825.86400000003
0.8034,234882.7386666667
0.8035,234939.61333333334
0.8036000000000001,234996.48800000007
0.8037000000000001,235053.36266666674
0.8038000000000001,235110.2373333334
0.8039000000000001,235167.11200000005
0.804,235223.98666666672
0.8041,235280.8613333334
0.8042,235337.73600000003
0.8043,235394.6106666667
0.8044,235451.48533333334
0.8045,235508.36000000002
0.8046000000000001,235565.23466666674
0.8047000000000001,235622.1093333334
0.8048000000000001,235678.98400000005
0.8049000000000001,235735.85866666673
0.805,235792.7333333334
0.8051,235849.60800000004
0.8052,235906.4826666667
0.8053,235963.35733333338
0.8054,236020.23200000002
0.8055,236077.1066666667
0.8056000000000001,236133.98133333342
0.8057000000000001,236190.85600000006
0.8058000000000001,236247.73066666673
0.8059000000000001,236304.6053333334
0.806,236361.48000000004
0.8061,236418.3546666667
0.8062,236475.22933333338
0.8063,236532.10400000002
0.8064,236588.9786666667
0.8065,236645.85333333336
0.8066,236702.728
0.8067000000000001,236759.60266666673
0.8068000000000001,236816.4773333334
0.8069000000000001,236873.35200000007
0.807,236930.2266666667
0.8071,236987.10133333338
0.8072,237043.97600000005
0.8073,237100.8506666667
0.8074,237157.72533333336
0.8075,237214.60000000003
0.8076,237271.47466666668
0.8077000000000001,237328.3493333334
0.8078000000000001,237385.22400000007
0.8079000000000001,237442.09866666672
0.808,237498.9733333334
0.8081,237555.84800000006
0.8082,237612.7226666667
0.8083,237669.59733333337
0.8084,237726.47200000004
0.8085,237783.34666666668
0.8086,237840.22133333335
0.8087000000000001,237897.09600000008
0.8088000000000001,237953.97066666672
0.8089000000000001,238010.8453333334
0.809,238067.72000000006
0.8091,238124.5946666667
0.8092,238181.46933333337
0.8093,238238.34400000004
0.8094,238295.21866666668
0.8095,238352.09333333335
0.8096,238408.96800000002
0.8097000000000001,238465.84266666675
0.8098000000000001,238522.7173333334
0.8099000000000001,238579.59200000006
0.81,238636.46666666673
0.8101,238693.34133333337
0.8102,238750.21600000004
0.8103,238807.0906666667
0.8104,238863.96533333336
0.8105,238920.84000000003
0.8106,238977.7146666667
0.8107000000000001,239034.5893333334
0.8108000000000001,239091.46400000007
0.8109000000000001,239148.33866666674
0.811,239205.21333333338
0.8111,239262.08800000005
0.8112,239318.96266666672
0.8113,239375.83733333336
0.8114,239432.71200000003
0.8115,239489.5866666667
0.8116,239546.46133333334
0.8117000000000001,239603.33600000007
0.8118000000000001,239660.21066666674
0.8119000000000001,239717.0853333334
0.812,239773.96000000005
0.8121,239830.83466666672
0.8122,239887.7093333334
0.8123,239944.58400000003
0.8124,240001.4586666667
0.8125,240058.33333333337
0.8126,240115.208
0.8127000000000001,240172.08266666674
0.8128000000000001,240228.9573333334
0.8129000000000001,240285.83200000005
0.8130000000000001,240342.70666666672
0.8131,240399.5813333334
0.8132,240456.45600000003
0.8133,240513.3306666667
0.8134,240570.20533333338
0.8135,240627.08000000002
0.8136,240683.9546666667
0.8137000000000001,240740.82933333341
0.8138000000000001,240797.70400000006
0.8139000000000001,240854.57866666673
0.8140000000000001,240911.4533333334
0.8141,240968.32800000004
0.8142,241025.2026666667
0.8143,241082.07733333338
0.8144,241138.95200000002
0.8145,241195.8266666667
0.8146,241252.70133333336
0.8147000000000001,241309.5760000001
0.8148000000000001,241366.45066666673
0.8149000000000001,241423.3253333334
0.8150000000000001,241480.20000000007
0.8151,241537.0746666667
0.8152,241593.94933333338
0.8153,241650.82400000005
0.8154,241707.6986666667
0.8155,241764.57333333336
0.8156,241821.44800000003
0.8157000000000001,241878.32266666673
0.8158000000000001,241935.1973333334
0.8159000000000001,241992.07200000007
0.8160000000000001,242048.9466666667
0.8161,242105.82133333338
0.8162,242162.69600000005
0.8163,242219.5706666667
0.8164,242276.44533333337
0.8165,242333.32000000004
0.8166,242390.19466666668
0.8167000000000001,242447.0693333334
0.8168000000000001,242503.94400000008
0.8169000000000001,242560.81866666672
0.8170000000000001,242617.6933333334
0.8171,242674.56800000006
0.8172,242731.4426666667
0.8173,242788.31733333337
0.8174,242845.19200000004
0.8175,242902.06666666668
0.8176,242958.94133333335
0.8177000000000001,243015.81600000008
0.8178000000000001,243072.69066666675
0.8179000000000001,243129.5653333334
0.8180000000000001,243186.44000000006
0.8181,243243.31466666673
0.8182,243300.18933333337
0.8183,243357.06400000004
0.8184,243413.9386666667
0.8185,243470.81333333335
0.8186,243527.68800000002
0.8187000000000001,243584.56266666675
0.8188000000000001,243641.4373333334
0.8189000000000001,243698.31200000006
0.8190000000000001,243755.18666666673
0.8191,243812.06133333337
0.8192,243868.93600000005
0.8193,243925.81066666672
0.8194,243982.68533333336
0.8195,244039.56000000003
0.8196,244096.4346666667
0.8197,244153.30933333334
0.8198000000000001,244210.18400000007
0.8199000000000001,244267.05866666674
0.8200000000000001,244323.9333333334
0.8201,244380.80800000005
0.8202,244437.68266666672
0.8203,244494.5573333334
0.8204,244551.43200000003
0.8205,244608.3066666667
0.8206,244665.18133333337
0.8207,244722.056
0.8208000000000001,244778.93066666674
0.8209000000000001,244835.8053333334
0.8210000000000001,244892.68000000005
0.8211,244949.55466666672
0.8212,245006.4293333334
0.8213,245063.30400000003
0.8214,245120.1786666667
0.8215,245177.05333333337
0.8216,245233.928
0.8217,245290.80266666668
0.8218000000000001,245347.6773333334
0.8219000000000001,245404.55200000005
0.8220000000000001,245461.42666666672
0.8221,245518.3013333334
0.8222,245575.17600000004
0.8223,245632.0506666667
0.8224,245688.92533333338
0.8225,245745.80000000002
0.8226,245802.6746666667
0.8227,245859.54933333336
0.8228000000000001,245916.4240000001
0.8229000000000001,245973.29866666673
0.8230000000000001,246030.1733333334
0.8231,246087.04800000007
0.8232,246143.9226666667
0.8233,246200.79733333338
0.8234,246257.67200000005
0.8235,246314.5466666667
0.8236,246371.42133333336
0.8237,246428.29600000003
0.8238000000000001,246485.17066666673
0.8239000000000001,246542.0453333334
0.8240000000000001,246598.92000000007
0.8241,246655.7946666667
0.8242,246712.66933333338
0.8243,246769.54400000005
0.8244,246826.4186666667
0.8245,246883.29333333336
0.8246,246940.16800000003
0.8247,246997.04266666668
0.8248000000000001,247053.9173333334
0.8249000000000001,247110.79200000007
0.8250000000000001,247167.66666666674
0.8251000000000001,247224.54133333339
0.8252,247281.41600000006
0.8253,247338.2906666667
0.8254,247395.16533333337
0.8255,247452.04000000004
0.8256,247508.91466666668
0.8257,247565.78933333335
0.8258000000000001,247622.66400000008
0.8259000000000001,247679.53866666675
0.8260000000000001,247736.4133333334
0.8261000000000001,247793.28800000006
0.8262,247850.16266666673
0.8263,247907.03733333337
0.8264,247963.91200000004
0.8265,248020.7866666667
0.8266,248077.66133333335
0.8267,248134.53600000002
0.8268000000000001,248191.41066666675
0.8269000000000001,248248.2853333334
0.8270000000000001,248305.16000000006
0.8271000000000001,248362.03466666673
0.8272,248418.90933333337
0.8273,248475.78400000004
0.8274,248532.6586666667
0.8275,248589.53333333335
0.8276,248646.40800000002
0.8277,248703.2826666667
0.8278000000000001,248760.15733333342
0.8279000000000001,248817.03200000006
0.8280000000000001,248873.90666666673
0.8281000000000001,248930.7813333334
0.8282,248987.65600000005
0.8283,249044.53066666672
0.8284,249101.4053333334
0.8285,249158.28000000003
0.8286,249215.1546666667
0.8287,249272.02933333337
0.8288000000000001,249328.90400000007
0.8289000000000001,249385.77866666674
0.8290000000000001,249442.6533333334
0.8291000000000001,249499.52800000005
0.8292,249556.40266666672
0.8293,249613.2773333334
0.8294,249670.15200000003
0.8295,249727.0266666667
0.8296,249783.90133333337
0.8297,249840.776
0.8298000000000001,249897.65066666674
0.8299000000000001,249954.5253333334
0.8300000000000001,250011.40000000005
0.8301000000000001,250068.27466666672
0.8302,250125.1493333334
0.8303,250182.02400000003
0.8304,250238.8986666667
0.8305,250295.77333333337
0.8306,250352.64800000002
0.8307,250409.5226666667
0.8308000000000001,250466.3973333334
0.8309000000000001,250523.27200000008
0.8310000000000001,250580.14666666673
0.8311000000000001,250637.0213333334
0.8312,250693.89600000007
0.8313,250750.7706666667
0.8314,250807.64533333338
0.8315,250864.52000000005
0.8316,250921.3946666667
0.8317,250978.26933333336
0.8318000000000001,251035.1440000001
0.8319000000000001,251092.01866666673
0.8320000000000001,251148.8933333334
0.8321000000000001,251205.76800000007
0.8322,251262.6426666667
0.8323,251319.51733333338
0.8324,251376.39200000005
0.8325,251433.2666666667
0.8326,251490.14133333336
0.8327,251547.01600000003
0.8328,251603.89066666667
0.8329000000000001,251660.7653333334
0.8330000000000001,251717.64000000007
0.8331000000000001,251774.51466666674
0.8332,251831.38933333338
0.8333,251888.26400000005
0.8334,251945.1386666667
0.8335,252002.01333333337
0.8336,252058.88800000004
0.8337,252115.76266666668
0.8338,252172.63733333335
0.8339000000000001,252229.51200000008
0.8340000000000001,252286.38666666675
0.8341000000000001,252343.2613333334
0.8342,252400.13600000006
0.8343,252457.01066666673
0.8344,252513.88533333337
0.8345,252570.76000000004
0.8346,252627.6346666667
0.8347,252684.50933333335
0.8348,252741.38400000002
0.8349000000000001,252798.25866666675
0.8350000000000001,252855.1333333334
0.8351000000000001,252912.00800000006
0.8352,252968.88266666673
0.8353,253025.75733333337
0.8354,253082.63200000004
0.8355,253139.5066666667
0.8356,253196.38133333335
0.8357,253253.25600000002
0.8358,253310.1306666667
0.8359000000000001,253367.00533333342
0.8360000000000001,253423.88000000006
0.8361000000000001,253480.75466666673
0.8362,253537.6293333334
0.8363,253594.50400000004
0.8364,253651.37866666671
0.8365,253708.25333333338
0.8366,253765.12800000003
0.8367,253822.0026666667
0.8368,253878.87733333337
0.8369000000000001,253935.75200000007
0.8370000000000001,253992.62666666674
0.8371000000000001,254049.5013333334
0.8372,254106.37600000005
0.8373,254163.25066666672
0.8374,254220.1253333334
0.8375,254277.00000000003
0.8376,254333.8746666667
0.8377,254390.74933333337
0.8378,254447.624
0.8379000000000001,254504.49866666674
0.8380000000000001,254561.3733333334
0.8381000000000001,254618.24800000005
0.8382000000000001,254675.12266666672
0.8383,254731.9973333334
0.8384,254788.87200000003
0.8385,254845.7466666667
0.8386,254902.62133333337
0.8387,254959.496
0.8388,255016.37066666668
0.8389000000000001,255073.2453333334
0.8390000000000001,255130.12000000008
0.8391000000000001,255186.99466666672
0.8392000000000001,255243.8693333334
0.8393,255300.74400000006
0.8394,255357.6186666667
0.8395,255414.49333333338
0.8396,255471.36800000005
0.8397,255528.2426666667
0.8398,255585.11733333336
0.8399000000000001,255641.9920000001
0.8400000000000001,255698.86666666673
0.8401000000000001,255755.7413333334
0.8402000000000001,255812.61600000007
0.8403,255869.4906666667
0.8404,255926.36533333338
0.8405,255983.24000000005
0.8406,256040.1146666667
0.8407,256096.98933333336
0.8408,256153.86400000003
0.8409000000000001,256210.73866666676
0.8410000000000001,256267.6133333334
0.8411000000000001,256324.48800000007
0.8412000000000001,256381.36266666674
0.8413,256438.23733333338
0.8414,256495.11200000005
0.8415,256551.98666666672
0.8416,256608.86133333336
0.8417,256665.73600000003
0.8418,256722.61066666667
0.8419000000000001,256779.4853333334
0.8420000000000001,256836.36000000007
0.8421000000000001,256893.23466666674
0.8422000000000001,256950.10933333338
0.8423,257006.98400000005
0.8424,257063.85866666673
0.8425,257120.73333333337
0.8426,257177.60800000004
0.8427,257234.4826666667
0.8428,257291.35733333335
0.8429000000000001,257348.23200000008
0.8430000000000001,257405.10666666675
0.8431000000000001,257461.9813333334
0.8432000000000001,257518.85600000006
0.8433,257575.73066666673
0.8434,257632.60533333337
0.8435,257689.48000000004
0.8436,257746.3546666667
0.8437,257803.22933333335
0.8438,257860.10400000002
0.8439000000000001,257916.97866666675
0.8440000000000001,257973.85333333342
0.8441000000000001,258030.72800000006
0.8442000000000001,258087.60266666673
0.8443,258144.4773333334
0.8444,258201.35200000004
0.8445,258258.2266666667
0.8446,258315.10133333338
0.8447,258371.97600000002
0.8448,258428.8506666667
0.8449000000000001,258485.72533333342
0.8450000000000001,258542.60000000006
0.8451000000000001,258599.47466666673
0.8452000000000001,258656.3493333334
0.8453,258713.22400000005
0.8454,258770.09866666672
0.8455,258826.9733333334
0.8456,258883.84800000003
0.8457,258940.7226666667
0.8458,258997.59733333337
0.8459,259054.472
0.8460000000000001,259111.34666666674
0.8461000000000001,259168.2213333334
0.8462000000000001,259225.09600000005
0.8463,259281.97066666672
0.8464,259338.8453333334
0.8465,259395.72000000003
0.8466,259452.5946666667
0.8467,259509.46933333337
0.8468,259566.344
0.8469,259623.21866666668
0.8470000000000001,259680.0933333334
0.8471000000000001,259736.96800000008
0.8472000000000001,259793.84266666672
0.8473,259850.7173333334
0.8474,259907.59200000006
0.8475,259964.4666666667
0.8476,260021.34133333337
0.8477,260078.21600000004
0.8478,260135.09066666669
0.8479,260191.96533333336
0.8480000000000001,260248.84000000008
0.8481000000000001,260305.71466666672
0.8482000000000001,260362.5893333334
0.8483,260419.46400000007
0.8484,260476.3386666667
0.8485,260533.21333333338
0.8486,260590.08800000005
0.8487,260646.9626666667
0.8488,260703.83733333336
0.8489,260760.71200000003
0.8490000000000001,260817.58666666676
0.8491000000000001,260874.4613333334
0.8492000000000001,260931.33600000007
0.8493,260988.21066666674
0.8494,261045.08533333338
0.8495,261101.96000000005
0.8496,261158.83466666672
0.8497,261215.70933333336
0.8498,261272.58400000003
0.8499,261329.4586666667
0.8500000000000001,261386.3333333334
0.8501000000000001,261443.20800000007
0.8502000000000001,261500.08266666674
0.8503000000000001,261556.95733333338
0.8504,261613.83200000005
0.8505,261670.70666666672
0.8506,261727.58133333336
0.8507,261784.45600000003
0.8508,261841.3306666667
0.8509,261898.20533333335
0.8510000000000001,261955.08000000007
0.8511000000000001,262011.95466666674
0.8512000000000001,262068.8293333334
0.8513000000000001,262125.70400000006
0.8514,262182.57866666676
0.8515,262239.45333333337
0.8516,262296.32800000004
0.8517,262353.2026666667
0.8518,262410.0773333333
0.8519,262466.95200000005
0.8520000000000001,262523.8266666668
0.8521000000000001,262580.7013333334
0.8522000000000001,262637.57600000006
0.8523000000000001,262694.45066666673
0.8524,262751.3253333334
0.8525,262808.20000000007
0.8526,262865.0746666667
0.8527,262921.9493333334
0.8528,262978.824
0.8529,263035.6986666667
0.8530000000000001,263092.5733333334
0.8531000000000001,263149.4480000001
0.8532000000000001,263206.3226666667
0.8533000000000001,263263.19733333343
0.8534,263320.07200000004
0.8535,263376.9466666667
0.8536,263433.8213333334
0.8537,263490.696
0.8538,263547.5706666667
0.8539,263604.44533333334
0.8540000000000001,263661.32000000007
0.8541000000000001,263718.19466666674
0.8542000000000001,263775.0693333334
0.8543000000000001,263831.944
0.8544,263888.81866666675
0.8545,263945.69333333336
0.8546,264002.568
0.8547,264059.4426666667
0.8548,264116.31733333337
0.8549,264173.19200000004
0.8550000000000001,264230.06666666677
0.8551000000000001,264286.9413333334
0.8552000000000001,264343.8160000001
0.8553000000000001,264400.6906666667
0.8554,264457.5653333334
0.8555,264514.44000000006
0.8556,264571.3146666667
0.8557,264628.1893333334
0.8558,264685.064
0.8559,264741.9386666667
0.8560000000000001,264798.8133333334
0.8561000000000001,264855.6880000001
0.8562000000000001,264912.5626666667
0.8563000000000001,264969.4373333334
0.8564,265026.31200000003
0.8565,265083.1866666667
0.8566,265140.0613333334
0.8567,265196.93600000005
0.8568,265253.8106666667
0.8569,265310.6853333333
0.8570000000000001,265367.56000000006
0.8571000000000001,265424.4346666668
0.8572000000000001,265481.3093333334
0.8573000000000001,265538.18400000007
0.8574,265595.05866666674
0.8575,265651.93333333335
0.8576,265708.8080000001
0.8577,265765.6826666667
0.8578,265822.55733333336
0.8579,265879.43200000003
0.8580000000000001,265936.30666666676
0.8581000000000001,265993.18133333337
0.8582000000000001,266050.0560000001
0.8583000000000001,266106.9306666667
0.8584,266163.8053333334
0.8585,266220.68000000005
0.8586,266277.5546666667
0.8587,266334.4293333334
0.8588,266391.304
0.8589,266448.17866666673
0.859,266505.05333333334
0.8591000000000001,266561.9280000001
0.8592000000000001,266618.80266666674
0.8593000000000001,266675.6773333334
0.8594,266732.552
0.8595,266789.42666666675
0.8596,266846.30133333337
0.8597,266903.17600000004
0.8598,266960.0506666667
0.8599,267016.9253333333
0.86,267073.80000000005
0.8601000000000001,267130.6746666668
0.8602000000000001,267187.5493333334
0.8603000000000001,267244.42400000006
0.8604,267301.2986666667
0.8605,267358.1733333334
0.8606,267415.04800000007
0.8607,267471.9226666667
0.8608,267528.7973333334
0.8609,267585.672
0.861,267642.5466666667
0.8611000000000001,267699.4213333334
0.8612000000000001,267756.2960000001
0.8613000000000001,267813.1706666667
0.8614,267870.04533333343
0.8615,267926.92000000004
0.8616,267983.7946666667
0.8617,268040.6693333334
0.8618,268097.544
0.8619,268154.4186666667
0.862,268211.29333333333
0.8621000000000001,268268.16800000006
0.8622000000000001,268325.04266666673
0.8623000000000001,268381.9173333334
0.8624,268438.7920000001
0.8625,268495.66666666674
0.8626,268552.54133333336
0.8627,268609.416
0.8628,268666.2906666667
0.8629,268723.16533333337
0.863,268780.04000000004
0.8631000000000001,268836.91466666677
0.8632000000000001,268893.7893333334
0.8633000000000001,268950.6640000001
0.8634000000000001,269007.5386666667
0.8635,269064.4133333334
0.8636,269121.28800000006
0.8637,269178.16266666667
0.8638,269235.0373333334
0.8639,269291.912
0.864,269348.7866666667
0.8641000000000001,269405.6613333334
0.8642000000000001,269462.5360000001
0.8643000000000001,269519.4106666667
0.8644000000000001,269576.2853333334
0.8645,269633.16000000003
0.8646,269690.0346666667
0.8647,269746.9093333334
0.8648,269803.78400000004
0.8649,269860.6586666667
0.865,269917.5333333333
0.8651000000000001,269974.40800000005
0.8652000000000001,270031.2826666668
0.8653000000000001,270088.1573333334
0.8654000000000001,270145.03200000006
0.8655,270201.90666666673
0.8656,270258.78133333335
0.8657,270315.6560000001
0.8658,270372.5306666667
0.8659,270429.40533333336
0.866,270486.28
0.8661000000000001,270543.15466666676
0.8662000000000001,270600.02933333337
0.8663000000000001,270656.9040000001
0.8664000000000001,270713.7786666667
0.8665,270770.6533333334
0.8666,270827.52800000005
0.8667,270884.4026666667
0.8668,270941.2773333334
0.8669,270998.152
0.867,271055.02666666673
0.8671000000000001,271111.9013333334
0.8672000000000001,271168.77600000007
0.8673000000000001,271225.65066666674
0.8674000000000001,271282.5253333334
0.8675,271339.4
0.8676,271396.27466666675
0.8677,271453.14933333336
0.8678,271510.02400000003
0.8679,271566.8986666667
0.868,271623.7733333333
0.8681000000000001,271680.64800000004
0.8682000000000001,271737.5226666668
0.8683000000000001,271794.3973333334
0.8684000000000001,271851.27200000006
0.8685,271908.1466666667
0.8686,271965.0213333334
0.8687,272021.89600000007
0.8688,272078.7706666667
0.8689,272135.6453333334
0.869,272192.52
0.8691000000000001,272249.39466666675
0.8692000000000001,272306.2693333334
0.8693000000000001,272363.1440000001
0.8694000000000001,272420.0186666667
0.8695,272476.8933333334
0.8696,272533.76800000004
0.8697,272590.6426666667
0.8698,272647.5173333334
0.8699,272704.392
0.87,272761.2666666667
0.8701000000000001,272818.14133333345
0.8702000000000001,272875.01600000006
0.8703000000000001,272931.89066666673
0.8704000000000001,272988.7653333334
0.8705,273045.6400000001
0.8706,273102.51466666674
0.8707,273159.38933333335
0.8708,273216.2640000001
0.8709,273273.1386666667
0.871,273330.01333333337
0.8711000000000001,273386.8880000001
0.8712000000000001,273443.76266666676
0.8713000000000001,273500.6373333334
0.8714000000000001,273557.5120000001
0.8715,273614.3866666667
0.8716,273671.2613333334
0.8717,273728.13600000006
0.8718,273785.01066666667
0.8719,273841.8853333334
0.872,273898.76
0.8721,273955.6346666667
0.8722000000000001,274012.5093333334
0.8723000000000001,274069.3840000001
0.8724000000000001,274126.2586666667
0.8725,274183.1333333334
0.8726,274240.00800000003
0.8727,274296.8826666667
0.8728,274353.7573333334
0.8729,274410.63200000004
0.873,274467.5066666667
0.8731,274524.3813333333
0.8732000000000001,274581.25600000005
0.8733000000000001,274638.1306666668
0.8734000000000001,274695.0053333334
0.8735,274751.88000000006
0.8736,274808.75466666673
0.8737,274865.62933333335
0.8738,274922.5040000001
0.8739,274979.3786666667
0.874,275036.25333333336
0.8741,275093.128
0.8742000000000001,275150.00266666675
0.8743000000000001,275206.87733333337
0.8744000000000001,275263.7520000001
0.8745,275320.6266666667
0.8746,275377.5013333334
0.8747,275434.37600000005
0.8748,275491.2506666667
0.8749,275548.1253333334
0.875,275605.0
0.8751,275661.8746666667
0.8752000000000001,275718.7493333334
0.8753000000000001,275775.62400000007
0.8754000000000001,275832.49866666674
0.8755000000000001,275889.3733333334
0.8756,275946.248
0.8757,276003.12266666675
0.8758,276059.99733333336
0.8759,276116.87200000003
0.876,276173.7466666667
0.8761,276230.6213333333
0.8762000000000001,276287.49600000004
0.8763000000000001,276344.3706666668
0.8764000000000001,276401.2453333334
0.8765000000000001,276458.12000000005
0.8766,276514.9946666667
0.8767,276571.8693333334
0.8768,276628.74400000006
0.8769,276685.6186666667
0.877,276742.4933333334
0.8771,276799.368
0.8772000000000001,276856.24266666675
0.8773000000000001,276913.1173333334
0.8774000000000001,276969.9920000001
0.8775000000000001,277026.8666666667
0.8776,277083.7413333334
0.8777,277140.61600000004
0.8778,277197.4906666667
0.8779,277254.3653333334
0.878,277311.24
0.8781,277368.1146666667
0.8782000000000001,277424.98933333345
0.8783000000000001,277481.86400000006
0.8784000000000001,277538.73866666673
0.8785000000000001,277595.6133333334
0.8786,277652.48800000007
0.8787,277709.36266666674
0.8788,277766.23733333335
0.8789,277823.1120000001
0.879,277879.9866666667
0.8791,277936.86133333336
0.8792000000000001,277993.7360000001
0.8793000000000001,278050.61066666676
0.8794000000000001,278107.4853333334
0.8795000000000001,278164.3600000001
0.8796,278221.2346666667
0.8797,278278.1093333334
0.8798,278334.98400000005
0.8799,278391.85866666667
0.88,278448.7333333334
0.8801,278505.608
0.8802000000000001,278562.48266666674
0.8803000000000001,278619.3573333334
0.8804000000000001,278676.2320000001
0.8805000000000001,278733.1066666667
0.8806,278789.9813333334
0.8807,278846.856
0.8808,278903.7306666667
0.8809,278960.60533333337
0.881,279017.48000000004
0.8811,279074.3546666667
0.8812000000000001,279131.22933333344
0.8813000000000001,279188.10400000005
0.8814000000000001,279244.9786666668
0.8815000000000001,279301.8533333334
0.8816,279358.72800000006
0.8817,279415.60266666673
0.8818,279472.47733333334
0.8819,279529.3520000001
0.882,279586.2266666667
0.8821,279643.10133333335
0.8822000000000001,279699.9760000001
0.8823000000000001,279756.85066666675
0.8824000000000001,279813.72533333336
0.8825000000000001,279870.6000000001
0.8826,279927.4746666667
0.8827,279984.3493333334
0.8828,280041.22400000005
0.8829,280098.0986666667
0.883,280154.9733333334
0.8831,280211.848
0.8832000000000001,280268.7226666667
0.8833000000000001,280325.59733333346
0.8834000000000001,280382.47200000007
0.8835000000000001,280439.34666666674
0.8836,280496.2213333334
0.8837,280553.096
0.8838,280609.97066666675
0.8839,280666.84533333336
0.884,280723.72000000003
0.8841,280780.5946666667
0.8842000000000001,280837.4693333334
0.8843000000000001,280894.34400000004
0.8844000000000001,280951.21866666677
0.8845000000000001,281008.0933333334
0.8846,281064.96800000005
0.8847,281121.8426666667
0.8848,281178.7173333334
0.8849,281235.59200000006
0.885,281292.4666666667
0.8851,281349.3413333334
0.8852000000000001,281406.2160000001
0.8853000000000001,281463.09066666674
0.8854000000000001,281519.9653333334
0.8855000000000001,281576.8400000001
0.8856,281633.7146666667
0.8857,281690.5893333334
0.8858,281747.46400000004
0.8859,281804.3386666667
0.886,281861.2133333334
0.8861,281918.088
0.8862,281974.9626666667
0.8863000000000001,282031.83733333345
0.8864000000000001,282088.71200000006
0.8865000000000001,282145.5866666667
0.8866,282202.4613333334
0.8867,282259.33600000007
0.8868,282316.21066666674
0.8869,282373.08533333335
0.887,282429.9600000001
0.8871,282486.8346666667
0.8872,282543.70933333336
0.8873000000000001,282600.5840000001
0.8874000000000001,282657.45866666676
0.8875000000000001,282714.3333333334
0.8876000000000001,282771.2080000001
0.8877,282828.0826666667
0.8878,282884.9573333334
0.8879,282941.83200000005
0.888,282998.70666666667
0.8881,283055.5813333334
0.8882,283112.456
0.8883000000000001,283169.33066666673
0.8884000000000001,283226.2053333334
0.8885000000000001,283283.0800000001
0.8886000000000001,283339.9546666667
0.8887,283396.8293333334
0.8888,283453.704
0.8889,283510.5786666667
0.889,283567.45333333337
0.8891,283624.32800000004
0.8892,283681.2026666667
0.8893000000000001,283738.07733333344
0.8894000000000001,283794.95200000005
0.8895000000000001,283851.8266666668
0.8896000000000001,283908.7013333334
0.8897,283965.57600000006
0.8898,284022.45066666673
0.8899,284079.32533333334
0.89,284136.20000000007
0.8901,284193.0746666667
0.8902,284249.94933333335
0.8903000000000001,284306.8240000001
0.8904000000000001,284363.69866666675
0.8905000000000001,284420.57333333336
0.8906000000000001,284477.4480000001
0.8907,284534.3226666667
0.8908,284591.1973333334
0.8909,284648.07200000004
0.891,284704.9466666667
0.8911,284761.8213333334
0.8912,284818.696
0.8913000000000001,284875.5706666667
0.8914000000000001,284932.44533333345
0.8915000000000001,284989.32000000007
0.8916000000000001,285046.19466666674
0.8917,285103.0693333334
0.8918,285159.944
0.8919,285216.81866666675
0.892,285273.69333333336
0.8921,285330.568
0.8922,285387.4426666667
0.8923000000000001,285444.3173333334
0.8924000000000001,285501.19200000004
0.8925000000000001,285558.06666666677
0.8926000000000001,285614.9413333334
0.8927,285671.81600000005
0.8928,285728.6906666667
0.8929,285785.5653333334
0.893,285842.44000000006
0.8931,285899.3146666667
0.8932,285956.1893333334
0.8933000000000001,286013.0640000001
0.8934000000000001,286069.93866666674
0.8935000000000001,286126.8133333334
0.8936000000000001,286183.6880000001
0.8937,286240.5626666667
0.8938,286297.4373333334
0.8939,286354.31200000003
0.894,286411.1866666667
0.8941,286468.0613333334
0.8942,286524.936
0.8943000000000001,286581.8106666667
0.8944000000000001,286638.68533333344
0.8945000000000001,286695.56000000006
0.8946000000000001,286752.4346666667
0.8947,286809.3093333334
0.8948,286866.18400000007
0.8949,286923.05866666674
0.895,286979.93333333335
0.8951,287036.8080000001
0.8952,287093.6826666667
0.8953000000000001,287150.5573333334
0.8954000000000001,287207.4320000001
0.8955000000000001,287264.30666666676
0.8956000000000001,287321.18133333337
0.8957,287378.0560000001
0.8958,287434.9306666667
0.8959,287491.8053333334
0.896,287548.68000000005
0.8961,287605.55466666666
0.8962,287662.4293333334
0.8963000000000001,287719.3040000001
0.8964000000000001,287776.17866666673
0.8965000000000001,287833.0533333334
0.8966000000000001,287889.9280000001
0.8967,287946.8026666667
0.8968,288003.6773333334
0.8969,288060.552
0.897,288117.4266666667
0.8971,288174.30133333337
0.8972,288231.17600000004
0.8973000000000001,288288.05066666676
0.8974000000000001,288344.92533333343
0.8975000000000001,288401.80000000005
0.8976000000000001,288458.6746666668
0.8977,288515.5493333334
0.8978,288572.42400000006
0.8979,288629.2986666667
0.898,288686.17333333334
0.8981,288743.04800000007
0.8982,288799.9226666667
0.8983000000000001,288856.7973333334
0.8984000000000001,288913.6720000001
0.8985000000000001,288970.54666666675
0.8986000000000001,289027.42133333336
0.8987,289084.2960000001
0.8988,289141.1706666667
0.8989,289198.0453333334
0.899,289254.92000000004
0.8991,289311.7946666667
0.8992,289368.6693333334
0.8993,289425.544
0.8994000000000001,289482.4186666667
0.8995000000000001,289539.29333333345
0.8996000000000001,289596.16800000006
0.8997,289653.04266666673
0.8998,289709.9173333334
0.8999,289766.792
0.9,289823.66666666674
0.9001,289880.54133333336
0.9002,289937.416
0.9003,289994.2906666667
0.9004000000000001,290051.1653333334
0.9005000000000001,290108.04000000004
0.9006000000000001,290164.91466666677
0.9007000000000001,290221.7893333334
0.9008,290278.66400000005
0.9009,290335.5386666667
0.901,290392.4133333334
0.9011,290449.28800000006
0.9012,290506.16266666667
0.9013,290563.0373333334
0.9014000000000001,290619.91200000007
0.9015000000000001,290676.78666666674
0.9016000000000001,290733.6613333334
0.9017000000000001,290790.5360000001
0.9018,290847.4106666667
0.9019,290904.2853333334
0.902,290961.16000000003
0.9021,291018.0346666667
0.9022,291074.9093333334
0.9023,291131.784
0.9024000000000001,291188.6586666667
0.9025000000000001,291245.53333333344
0.9026000000000001,291302.40800000005
0.9027000000000001,291359.2826666667
0.9028,291416.1573333334
0.9029,291473.03200000006
0.903,291529.90666666673
0.9031,291586.78133333335
0.9032,291643.6560000001
0.9033,291700.5306666667
0.9034000000000001,291757.4053333334
0.9035000000000001,291814.2800000001
0.9036000000000001,291871.15466666676
0.9037000000000001,291928.02933333337
0.9038,291984.9040000001
0.9039,292041.7786666667
0.904,292098.6533333334
0.9041,292155.52800000005
0.9042,292212.40266666666
0.9043,292269.2773333334
0.9044000000000001,292326.1520000001
0.9045000000000001,292383.02666666673
0.9046000000000001,292439.9013333334
0.9047000000000001,292496.77600000007
0.9048,292553.6506666667
0.9049,292610.5253333334
0.905,292667.4
0.9051,292724.2746666667
0.9052,292781.14933333336
0.9053,292838.02400000003
0.9054000000000001,292894.89866666676
0.9055000000000001,292951.77333333343
0.9056000000000001,293008.64800000004
0.9057000000000001,293065.5226666668
0.9058,293122.3973333334
0.9059,293179.27200000006
0.906,293236.1466666667
0.9061,293293.02133333334
0.9062,293349.89600000007
0.9063,293406.7706666667
0.9064000000000001,293463.6453333334
0.9065000000000001,293520.5200000001
0.9066000000000001,293577.39466666675
0.9067000000000001,293634.26933333336
0.9068,293691.1440000001
0.9069,293748.0186666667
0.907,293804.89333333337
0.9071,293861.76800000004
0.9072,293918.6426666667
0.9073,293975.5173333334
0.9074000000000001,294032.3920000001
0.9075000000000001,294089.2666666667
0.9076000000000001,294146.14133333345
0.9077000000000001,294203.01600000006
0.9078,294259.89066666673
0.9079,294316.7653333334
0.908,294373.64
0.9081,294430.51466666674
0.9082,294487.38933333335
0.9083,294544.264
0.9084000000000001,294601.13866666675
0.9085000000000001,294658.0133333334
0.9086000000000001,294714.88800000004
0.9087000000000001,294771.76266666676
0.9088,294828.6373333334
0.9089,294885.51200000005
0.909,294942.3866666667
0.9091,294999.2613333334
0.9092,295056.13600000006
0.9093,295113.01066666667
0.9094000000000001,295169.8853333334
0.9095000000000001,295226.76000000007
0.9096000000000001,295283.63466666674
0.9097000000000001,295340.5093333334
0.9098,295397.3840000001
0.9099,295454.2586666667
0.91,295511.1333333334
0.9101,295568.00800000003
0.9102,295624.8826666667
0.9103,295681.7573333334
0.9104000000000001,295738.6320000001
0.9105000000000001,295795.5066666667
0.9106000000000001,295852.38133333344
0.9107000000000001,295909.25600000005
0.9108,295966.1306666667
0.9109,296023.0053333334
0.911,296079.88000000006
0.9111,296136.75466666673
0.9112,296193.62933333335
0.9113,296250.5040000001
0.9114000000000001,296307.37866666674
0.9115000000000001,296364.2533333334
0.9116000000000001,296421.1280000001
0.9117000000000001,296478.00266666675
0.9118,296534.87733333337
0.9119,296591.7520000001
0.912,296648.6266666667
0.9121,296705.5013333334
0.9122,296762.37600000005
0.9123,296819.25066666666
0.9124,296876.1253333334
0.9125000000000001,296933.0000000001
0.9126000000000001,296989.8746666667
0.9127000000000001,297046.7493333334
0.9128000000000001,297103.62400000007
0.9129,297160.4986666667
0.913,297217.3733333334
0.9131,297274.248
0.9132,297331.1226666667
0.9133,297387.99733333336
0.9134,297444.87200000003
0.9135000000000001,297501.74666666676
0.9136000000000001,297558.62133333343
0.9137000000000001,297615.49600000004
0.9138000000000001,297672.3706666668
0.9139,297729.2453333334
0.914,297786.12000000005
0.9141,297842.9946666667
0.9142,297899.86933333334
0.9143,297956.74400000006
0.9144,298013.6186666667
0.9145000000000001,298070.4933333334
0.9146000000000001,298127.3680000001
0.9147000000000001,298184.24266666675
0.9148000000000001,298241.11733333336
0.9149,298297.9920000001
0.915,298354.8666666667
0.9151,298411.74133333337
0.9152,298468.61600000004
0.9153,298525.4906666667
0.9154,298582.3653333334
0.9155000000000001,298639.2400000001
0.9156000000000001,298696.1146666667
0.9157000000000001,298752.98933333345
0.9158000000000001,298809.86400000006
0.9159,298866.73866666673
0.916,298923.6133333334
0.9161,298980.488
0.9162,299037.36266666674
0.9163,299094.23733333335
0.9164,299151.112
0.9165000000000001,299207.98666666675
0.9166000000000001,299264.8613333334
0.9167000000000001,299321.73600000003
0.9168000000000001,299378.61066666676
0.9169,299435.4853333334
0.917,299492.36000000004
0.9171,299549.2346666667
0.9172,299606.1093333334
0.9173,299662.98400000005
0.9174,299719.85866666667
0.9175000000000001,299776.7333333334
0.9176000000000001,299833.60800000007
0.9177000000000001,299890.48266666674
0.9178000000000001,299947.3573333334
0.9179,300004.2320000001
0.918,300061.1066666667
0.9181,300117.9813333334
0.9182,300174.856
0.9183,300231.7306666667
0.9184,300288.60533333337
0.9185000000000001,300345.4800000001
0.9186000000000001,300402.3546666667
0.9187000000000001,300459.22933333344
0.9188000000000001,300516.10400000005
0.9189,300572.9786666667
0.919,300629.8533333334
0.9191,300686.72800000006
0.9192,300743.60266666673
0.9193,300800.47733333334
0.9194,300857.3520000001
0.9195000000000001,300914.22666666674
0.9196000000000001,300971.1013333334
0.9197000000000001,301027.9760000001
0.9198000000000001,301084.85066666675
0.9199,301141.72533333336
0.92,301198.6000000001
0.9201,301255.4746666667
0.9202,301312.3493333334
0.9203,301369.22400000005
0.9204,301426.09866666666
0.9205000000000001,301482.9733333334
0.9206000000000001,301539.8480000001
0.9207000000000001,301596.7226666667
0.9208000000000001,301653.5973333334
0.9209,301710.47200000007
0.921,301767.3466666667
0.9211,301824.2213333334
0.9212,301881.096
0.9213,301937.9706666667
0.9214,301994.84533333336
0.9215000000000001,302051.7200000001
0.9216000000000001,302108.59466666676
0.9217000000000001,302165.4693333334
0.9218000000000001,302222.34400000004
0.9219,302279.21866666677
0.922,302336.0933333334
0.9221,302392.96800000005
0.9222,302449.8426666667
0.9223,302506.71733333333
0.9224,302563.59200000006
0.9225000000000001,302620.4666666668
0.9226000000000001,302677.3413333334
0.9227000000000001,302734.2160000001
0.9228000000000001,302791.09066666674
0.9229,302847.96533333336
0.923,302904.8400000001
0.9231,302961.7146666667
0.9232,303018.58933333337
0.9233,303075.46400000004
0.9234,303132.3386666667
0.9235000000000001,303189.21333333344
0.9236000000000001,303246.0880000001
0.9237000000000001,303302.9626666667
0.9238000000000001,303359.83733333345
0.9239,303416.71200000006
0.924,303473.5866666667
0.9241,303530.4613333334
0.9242,303587.336
0.9243,303644.21066666674
0.9244,303701.08533333335
0.9245000000000001,303757.9600000001
0.9246000000000001,303814.83466666675
0.9247000000000001,303871.7093333334
0.9248000000000001,303928.58400000003
0.9249,303985.45866666676
0.925,304042.3333333334
0.9251,304099.20800000004
0.9252,304156.0826666667
0.9253,304212.9573333334
0.9254,304269.83200000005
0.9255,304326.70666666667
0.9256000000000001,304383.5813333334
0.9257000000000001,304440.45600000006
0.9258000000000001,304497.33066666673
0.9259000000000001,304554.2053333334
0.926,304611.0800000001
0.9261,304667.9546666667
0.9262,304724.8293333334
0.9263,304781.704
0.9264,304838.5786666667
0.9265,304895.45333333337
0.9266000000000001,304952.3280000001
0.9267000000000001,305009.2026666667
0.9268000000000001,305066.07733333344
0.9269000000000001,305122.95200000005
0.927,305179.8266666667
0.9271,305236.7013333334
0.9272,305293.57600000006
0.9273,305350.45066666673
0.9274,305407.32533333334
0.9275,305464.20000000007
0.9276000000000001,305521.07466666674
0.9277000000000001,305577.9493333334
0.9278000000000001,305634.8240000001
0.9279000000000001,305691.69866666675
0.928,305748.57333333336
0.9281,305805.4480000001
0.9282,305862.3226666667
0.9283,305919.1973333334
0.9284,305976.07200000004
0.9285,306032.94666666666
0.9286000000000001,306089.8213333334
0.9287000000000001,306146.6960000001
0.9288000000000001,306203.5706666667
0.9289000000000001,306260.4453333334
0.929,306317.32000000007
0.9291,306374.19466666674
0.9292,306431.0693333334
0.9293,306487.944
0.9294,306544.8186666667
0.9295,306601.69333333336
0.9296000000000001,306658.5680000001
0.9297000000000001,306715.44266666676
0.9298000000000001,306772.3173333334
0.9299000000000001,306829.19200000004
0.93,306886.06666666677
0.9301,306942.9413333334
0.9302,306999.81600000005
0.9303,307056.6906666667
0.9304,307113.56533333333
0.9305,307170.44000000006
0.9306000000000001,307227.3146666668
0.9307000000000001,307284.1893333334
0.9308000000000001,307341.0640000001
0.9309000000000001,307397.93866666674
0.931,307454.81333333335
0.9311,307511.6880000001
0.9312,307568.5626666667
0.9313,307625.43733333336
0.9314,307682.31200000003
0.9315,307739.1866666667
0.9316000000000001,307796.06133333343
0.9317000000000001,307852.9360000001
0.9318000000000001,307909.8106666667
0.9319000000000001,307966.68533333344
0.932,308023.56000000006
0.9321,308080.4346666667
0.9322,308137.3093333334
0.9323,308194.184
0.9324,308251.05866666674
0.9325,308307.93333333335
0.9326000000000001,308364.8080000001
0.9327000000000001,308421.68266666675
0.9328000000000001,308478.5573333334
0.9329000000000001,308535.43200000003
0.933,308592.30666666676
0.9331,308649.18133333337
0.9332,308706.05600000004
0.9333,308762.9306666667
0.9334,308819.8053333334
0.9335,308876.68000000005
0.9336000000000001,308933.5546666668
0.9337000000000001,308990.4293333334
0.9338000000000001,309047.30400000006
0.9339000000000001,309104.17866666673
0.934,309161.0533333334
0.9341,309217.9280000001
0.9342,309274.8026666667
0.9343,309331.6773333334
0.9344,309388.552
0.9345,309445.4266666667
0.9346000000000001,309502.3013333334
0.9347000000000001,309559.1760000001
0.9348000000000001,309616.0506666667
0.9349000000000001,309672.92533333343
0.935,309729.80000000005
0.9351,309786.6746666667
0.9352,309843.5493333334
0.9353,309900.42400000006
0.9354,309957.2986666667
0.9355,310014.17333333334
0.9356000000000001,310071.04800000007
0.9357000000000001,310127.92266666674
0.9358000000000001,310184.7973333334
0.9359000000000001,310241.6720000001
0.936,310298.54666666675
0.9361,310355.42133333336
0.9362,310412.2960000001
0.9363,310469.1706666667
0.9364,310526.0453333334
0.9365,310582.92000000004
0.9366000000000001,310639.79466666677
0.9367000000000001,310696.6693333334
0.9368000000000001,310753.5440000001
0.9369000000000001,310810.4186666667
0.937,310867.2933333334
0.9371,310924.16800000006
0.9372,310981.04266666673
0.9373,311037.9173333334
0.9374,311094.792
0.9375,311151.6666666667
0.9376000000000001,311208.5413333334
0.9377000000000001,311265.4160000001
0.9378000000000001,311322.29066666675
0.9379000000000001,311379.1653333334
0.9380000000000001,311436.04000000004
0.9381,311492.91466666677
0.9382,311549.7893333334
0.9383,311606.66400000005
0.9384,311663.5386666667
0.9385,311720.41333333333
0.9386,311777.28800000006
0.9387000000000001,311834.1626666668
0.9388000000000001,311891.0373333334
0.9389000000000001,311947.91200000007
0.9390000000000001,312004.78666666674
0.9391,312061.66133333335
0.9392,312118.5360000001
0.9393,312175.4106666667
0.9394,312232.28533333336
0.9395,312289.16000000003
0.9396,312346.0346666667
0.9397000000000001,312402.90933333343
0.9398000000000001,312459.7840000001
0.9399000000000001,312516.6586666667
0.9400000000000001,312573.53333333344
0.9401,312630.40800000005
0.9402,312687.2826666667
0.9403,312744.1573333334
0.9404,312801.032
0.9405,312857.90666666673
0.9406,312914.78133333335
0.9407000000000001,312971.6560000001
0.9408000000000001,313028.53066666675
0.9409000000000001,313085.4053333334
0.9410000000000001,313142.28
0.9411,313199.15466666676
0.9412,313256.02933333337
0.9413,313312.90400000004
0.9414,313369.7786666667
0.9415,313426.6533333334
0.9416,313483.52800000005
0.9417000000000001,313540.4026666668
0.9418000000000001,313597.2773333334
0.9419000000000001,313654.15200000006
0.9420000000000001,313711.02666666673
0.9421,313767.9013333334
0.9422,313824.77600000007
0.9423,313881.6506666667
0.9424,313938.5253333334
0.9425,313995.4
0.9426,314052.2746666667
0.9427000000000001,314109.1493333334
0.9428000000000001,314166.0240000001
0.9429000000000001,314222.8986666667
0.9430000000000001,314279.77333333343
0.9431,314336.64800000004
0.9432,314393.5226666667
0.9433,314450.3973333334
0.9434,314507.27200000006
0.9435,314564.1466666667
0.9436,314621.02133333334
0.9437000000000001,314677.89600000007
0.9438000000000001,314734.77066666674
0.9439000000000001,314791.6453333334
0.9440000000000001,314848.5200000001
0.9441,314905.39466666675
0.9442,314962.26933333336
0.9443,315019.1440000001
0.9444,315076.0186666667
0.9445,315132.89333333337
0.9446,315189.76800000004
0.9447000000000001,315246.64266666677
0.9448000000000001,315303.5173333334
0.9449000000000001,315360.3920000001
0.9450000000000001,315417.2666666667
0.9451,315474.1413333334
0.9452,315531.01600000006
0.9453,315587.89066666673
0.9454,315644.7653333334
0.9455,315701.64
0.9456,315758.51466666674
0.9457000000000001,315815.3893333334
0.9458000000000001,315872.2640000001
0.9459000000000001,315929.13866666675
0.9460000000000001,315986.0133333334
0.9461,316042.88800000004
0.9462,316099.76266666676
0.9463,316156.6373333334
0.9464,316213.51200000005
0.9465,316270.3866666667
0.9466,316327.2613333333
0.9467000000000001,316384.13600000006
0.9468000000000001,316441.0106666668
0.9469000000000001,316497.8853333334
0.9470000000000001,316554.76000000007
0.9471,316611.63466666674
0.9472,316668.50933333335
0.9473,316725.3840000001
0.9474,316782.2586666667
0.9475,316839.13333333336
0.9476,316896.00800000003
0.9477000000000001,316952.88266666676
0.9478000000000001,317009.75733333343
0.9479000000000001,317066.6320000001
0.9480000000000001,317123.5066666667
0.9481,317180.38133333344
0.9482,317237.25600000005
0.9483,317294.1306666667
0.9484,317351.0053333334
0.9485,317407.88
0.9486,317464.75466666673
0.9487000000000001,317521.62933333346
0.9488000000000001,317578.5040000001
0.9489000000000001,317635.37866666674
0.9490000000000001,317692.2533333334
0.9491,317749.128
0.9492,317806.00266666675
0.9493,317862.87733333337
0.9494,317919.75200000004
0.9495,317976.6266666667
0.9496,318033.5013333334
0.9497000000000001,318090.3760000001
0.9498000000000001,318147.2506666668
0.9499000000000001,318204.1253333334
0.9500000000000001,318261.00000000047
0.9501000000000001,318664.4780000004
0.9502,319067.95600000035
0.9503,319471.4340000003
0.9504,319874.91200000024
0.9505,320278.39000000025
0.9506,320681.8680000002
0.9507000000000001,321085.3460000006
0.9508000000000001,321488.82400000055
0.9509000000000001,321892.3020000005
0.9510000000000001,322295.78000000044
0.9511000000000001,322699.2580000004
0.9512,323102.7360000004
0.9513,323506.2140000003
0.9514,323909.6920000003
0.9515,324313.1700000002
0.9516,324716.64800000016
0.9517,325120.1260000001
0.9518000000000001,325523.6040000005
0.9519000000000001,325927.0820000005
0.9520000000000001,326330.56000000046
0.9521000000000001,326734.0380000004
0.9522,327137.51600000035
0.9523,327540.9940000003
0.9524,327944.47200000024
0.9525,328347.95000000024
0.9526,328751.4280000002
0.9527,329154.90600000013
0.9528000000000001,329558.38400000054
0.9529000000000001,329961.8620000005
0.9530000000000001,330365.34000000043
0.9531000000000001,330768.8180000004
0.9532,331172.2960000004
0.9533,331575.7740000003
0.9534,331979.25200000027
0.9535,332382.7300000002
0.9536,332786.20800000016
0.9537,333189.68600000016
0.9538000000000001,333593.1640000005
0.9539000000000001,333996.6420000005
0.9540000000000001,334400.12000000046
0.9541000000000001,334803.5980000004
0.9542,335207.07600000035
0.9543,335610.5540000003
0.9544,336014.03200000024
0.9545,336417.51000000024
0.9546,336820.9880000002
0.9547,337224.46600000013
0.9548000000000001,337627.94400000054
0.9549000000000001,338031.4220000005
0.9550000000000001,338434.90000000043
0.9551000000000001,338838.3780000004
0.9552,339241.8560000004
0.9553,339645.3340000003
0.9554,340048.81200000027
0.9555,340452.2900000002
0.9556,340855.76800000016
0.9557,341259.24600000016
0.9558000000000001,341662.7240000005
0.9559000000000001,342066.2020000005
0.9560000000000001,342469.68000000046
0.9561000000000001,342873.1580000004
0.9562,343276.63600000035
0.9563,343680.1140000003
0.9564,344083.5920000003
0.9565,344487.07000000024
0.9566,344890.5480000002
0.9567,345294.0260000001
0.9568000000000001,345697.50400000054
0.9569000000000001,346100.9820000005
0.9570000000000001,346504.4600000004
0.9571000000000001,346907.93800000043
0.9572,347311.4160000004
0.9573,347714.8940000003
0.9574,348118.37200000026
0.9575,348521.8500000002
0.9576,348925.32800000015
0.9577,349328.80600000016
0.9578000000000001,349732.28400000057
0.9579000000000001,350135.7620000005
0.9580000000000001,350539.24000000046
0.9581000000000001,350942.7180000004
0.9582,351346.19600000035
0.9583,351749.6740000003
0.9584,352153.1520000003
0.9585,352556.63000000024
0.9586,352960.1080000002
0.9587,353363.5860000001
0.9588000000000001,353767.06400000054
0.9589000000000001,354170.5420000005
0.9590000000000001,354574.0200000004
0.9591000000000001,354977.49800000037
0.9592,355380.9760000004
0.9593,355784.4540000003
0.9594,356187.93200000026
0.9595,356591.4100000002
0.9596,356994.88800000015
0.9597,357398.36600000015
0.9598000000000001,357801.8440000005
0.9599000000000001,358205.3220000005
0.9600000000000001,358608.80000000045
0.9601000000000001,359012.2780000004
0.9602,359415.75600000034
0.9603,359819.2340000003
0.9604,360222.7120000003
0.9605,360626.19000000024
0.9606,361029.6680000002
0.9607,361433.1460000001
0.9608000000000001,361836.62400000053
0.9609000000000001,362240.1020000005
0.9610000000000001,362643.5800000004
0.9611000000000001,363047.0580000004
0.9612,363450.5360000004
0.9613,363854.0140000003
0.9614,364257.49200000026
0.9615,364660.9700000002
0.9616,365064.4480000002
0.9617,365467.92600000015
0.9618000000000001,365871.40400000056
0.9619000000000001,366274.8820000005
0.9620000000000001,366678.36000000045
0.9621000000000001,367081.8380000004
0.9622,367485.31600000034
0.9623,367888.79400000034
0.9624,368292.2720000003
0.9625,368695.75000000023
0.9626,369099.2280000002
0.9627,369502.7060000001
0.9628000000000001,369906.18400000053
0.9629000000000001,370309.6620000005
0.9630000000000001,370713.1400000004
0.9631000000000001,371116.6180000004
0.9632000000000001,371520.09600000037
0.9633,371923.5740000003
0.9634,372327.05200000026
0.9635,372730.5300000002
0.9636,373134.00800000015
0.9637,373537.48600000015
0.9638000000000001,373940.96400000056
0.9639000000000001,374344.4420000005
0.9640000000000001,374747.92000000045
0.9641000000000001,375151.3980000004
0.9642000000000001,375554.87600000034
0.9643,375958.3540000003
0.9644,376361.8320000003
0.9645,376765.31000000023
0.9646,377168.7880000002
0.9647,377572.2660000001
0.9648,377975.74400000006
0.9649000000000001,378379.2220000005
0.9650000000000001,378782.7000000004
0.9651000000000001,379186.1780000004
0.9652000000000001,379589.65600000037
0.9653,379993.1340000003
0.9654,380396.61200000026
0.9655,380800.0900000002
0.9656,381203.5680000002
0.9657,381607.04600000015
0.9658,382010.5240000001
0.9659000000000001,382414.0020000005
0.9660000000000001,382817.48000000045
0.9661000000000001,383220.9580000004
0.9662000000000001,383624.43600000034
0.9663,384027.91400000034
0.9664,384431.3920000003
0.9665,384834.8700000002
0.9666,385238.3480000002
0.9667,385641.8260000001
0.9668,386045.3040000001
0.9669000000000001,386448.7820000005
0.9670000000000001,386852.2600000005
0.9671000000000001,387255.7380000004
0.9672000000000001,387659.21600000036
0.9673,388062.6940000003
0.9674,388466.17200000025
0.9675,388869.65000000026
0.9676,389273.12800000014
0.9677,389676.60600000015
0.9678,390080.0840000001
0.9679000000000001,390483.5620000005
0.9680000000000001,390887.04000000044
0.9681000000000001,391290.5180000004
0.9682000000000001,391693.9960000004
0.9683,392097.4740000003
0.9684,392500.9520000003
0.9685,392904.4300000002
0.9686,393307.90800000017
0.9687,393711.3860000001
0.9688,394114.86400000006
0.9689000000000001,394518.34200000047
0.9690000000000001,394921.8200000004
0.9691000000000001,395325.2980000004
0.9692000000000001,395728.77600000036
0.9693,396132.2540000003
0.9694,396535.73200000025
0.9695,396939.2100000002
0.9696,397342.6880000002
0.9697,397746.16600000014
0.9698,398149.6440000001
0.9699000000000001,398553.1220000005
0.9700000000000001,398956.60000000044
0.9701000000000001,399360.0780000004
0.9702000000000001,399763.55600000033
0.9703,400167.03400000033
0.9704,400570.5120000003
0.9705,400973.9900000002
0.9706,401377.46800000017
0.9707,401780.9460000001
0.9708,402184.4240000001
0.9709000000000001,402587.90200000047
0.9710000000000001,402991.38000000047
0.9711000000000001,403394.8580000004
0.9712000000000001,403798.33600000036
0.9713,404201.8140000003
0.9714,404605.29200000025
0.9715,405008.77000000025
0.9716,405412.2480000002
0.9717,405815.72600000014
0.9718,406219.2040000001
0.9719000000000001,406622.6820000005
0.9720000000000001,407026.16000000044
0.9721000000000001,407429.6380000004
0.9722000000000001,407833.1160000004
0.9723,408236.59400000033
0.9724,408640.0720000003
0.9725,409043.5500000002
0.9726,409447.02800000017
0.9727,409850.5060000001
0.9728,410253.98400000005
0.9729000000000001,410657.4620000005
0.9730000000000001,411060.9400000004
0.9731000000000001,411464.4180000004
0.9732000000000001,411867.89600000036
0.9733,412271.3740000003
0.9734,412674.85200000025
0.9735,413078.3300000002
0.9736,413481.8080000002
0.9737,413885.28600000014
0.9738,414288.7640000001
0.9739000000000001,414692.2420000005
0.9740000000000001,415095.72000000044
0.9741000000000001,415499.1980000004
0.9742000000000001,415902.6760000003
0.9743,416306.15400000033
0.9744,416709.6320000003
0.9745,417113.1100000002
0.9746,417516.58800000016
0.9747,417920.0660000001
0.9748,418323.5440000001
0.9749000000000001,418727.02200000046
0.9750000000000001,419130.50000000047
0.9751000000000001,419533.9780000004
0.9752000000000001,419937.45600000035
0.9753000000000001,420340.9340000003
0.9754,420744.41200000024
0.9755,421147.89000000025
0.9756,421551.3680000002
0.9757,421954.84600000014
0.9758,422358.3240000001
0.9759000000000001,422761.8020000005
0.9760000000000001,423165.28000000044
0.9761000000000001,423568.7580000004
0.9762000000000001,423972.2360000004
0.9763000000000001,424375.7140000003
0.9764,424779.1920000003
0.9765,425182.6700000002
0.9766,425586.14800000016
0.9767,425989.62600000016
0.9768,426393.10400000005
0.9769000000000001,426796.5820000005
0.9770000000000001,427200.06000000046
0.9771000000000001,427603.5380000004
0.9772000000000001,428007.01600000035
0.9773000000000001,428410.4940000003
0.9774,428813.9720000003
0.9775,429217.4500000002
0.9776,429620.9280000002
0.9777,430024.40600000013
0.9778,430427.8840000001
0.9779,430831.362
0.9780000000000001,431234.84000000043
0.9781000000000001,431638.3180000004
0.9782000000000001,432041.7960000003
0.9783000000000001,432445.2740000003
0.9784,432848.75200000027
0.9785,433252.2300000002
0.9786,433655.70800000016
0.9787,434059.1860000001
0.9788,434462.6640000001
0.9789,434866.14200000005
0.9790000000000001,435269.62000000046
0.9791000000000001,435673.0980000004
0.9792000000000001,436076.57600000035
0.9793000000000001,436480.0540000003
0.9794,436883.53200000024
0.9795,437287.01000000024
0.9796,437690.4880000002
0.9797,438093.96600000013
0.9798,438497.4440000001
0.9799,438900.922
0.9800000000000001,439304.40000000043
0.9801000000000001,439707.8780000004
0.9802000000000001,440111.3560000004
0.9803000000000001,440514.8340000003
0.9804,440918.31200000027
0.9805,441321.7900000002
0.9806,441725.26800000016
0.9807,442128.74600000016
0.9808,442532.2240000001
0.9809,442935.70200000005
0.9810000000000001,443339.18000000046
0.9811000000000001,443742.6580000004
0.9812000000000001,444146.13600000035
0.9813000000000001,444549.6140000003
0.9814,444953.0920000003
0.9815,445356.57000000024
0.9816,445760.0480000002
0.9817,446163.5260000001
0.9818,446567.0040000001
0.9819,446970.4820000001
0.9820000000000001,447373.9600000004
0.9821000000000001,447777.43800000043
0.9822000000000001,448180.9160000003
0.9823000000000001,448584.3940000003
0.9824,448987.87200000026
0.9825,449391.3500000002
0.9826,449794.8280000002
0.9827,450198.3060000001
0.9828,450601.7840000001
0.9829,451005.26200000005
0.9830000000000001,451408.74000000046
0.9831000000000001,451812.2180000004
0.9832000000000001,452215.69600000035
0.9833000000000001,452619.17400000035
0.9834,453022.65200000023
0.9835,453426.13000000024
0.9836,453829.6080000002
0.9837,454233.0860000001
0.9838,454636.5640000001
0.9839,455040.042
0.9840000000000001,455443.5200000005
0.9841000000000001,455846.99800000037
0.9842000000000001,456250.4760000004
0.9843000000000001,456653.9540000003
0.9844,457057.43200000026
0.9845,457460.9100000002
0.9846,457864.38800000015
0.9847,458267.86600000015
0.9848,458671.3440000001
0.9849,459074.82200000004
0.9850000000000001,459478.30000000045
0.9851000000000001,459881.7780000004
0.9852000000000001,460285.25600000034
0.9853000000000001,460688.7340000003
0.9854,461092.2120000003
0.9855,461495.6900000002
0.9856,461899.1680000002
0.9857,462302.6460000001
0.9858,462706.12400000007
0.9859,463109.6020000001
0.9860000000000001,463513.0800000004
0.9861000000000001,463916.5580000004
0.9862000000000001,464320.0360000003
0.9863000000000001,464723.5140000003
0.9864,465126.99200000026
0.9865,465530.4700000002
0.9866,465933.9480000002
0.9867,466337.4260000001
0.9868,466740.9040000001
0.9869,467144.38200000004
0.9870000000000001,467547.86000000045
0.9871000000000001,467951.3380000004
0.9872000000000001,468354.81600000034
0.9873000000000001,468758.29400000034
0.9874,469161.77200000023
0.9875,469565.25000000023
0.9876,469968.7280000002
0.9877,470372.2060000001
0.9878,470775.6840000001
0.9879,471179.162
0.9880000000000001,471582.6400000005
0.9881000000000001,471986.11800000037
0.9882000000000001,472389.59600000037
0.9883000000000001,472793.0740000003
0.9884000000000001,473196.55200000026
0.9885,473600.03000000026
0.9886,474003.50800000015
0.9887,474406.98600000015
0.9888,474810.4640000001
0.9889,475213.94200000004
0.9890000000000001,475617.42000000045
0.9891000000000001,476020.8980000004
0.9892000000000001,476424.37600000034
0.9893000000000001,476827.8540000003
0.9894000000000001,477231.3320000003
0.9895,477634.81000000023
0.9896,478038.2880000002
0.9897,478441.7660000001
0.9898,478845.24400000006
0.9899,479248.72200000007
0.9900000000000001,479652.2000000004
0.9901000000000001,480055.6780000004
0.9902000000000001,480459.15600000037
0.9903000000000001,480862.6340000003
0.9904000000000001,481266.11200000026
0.9905,481669.5900000002
0.9906,482073.0680000002
0.9907,482476.5460000001
0.9908,482880.0240000001
0.9909,483283.50200000004
0.991,483686.98
0.9911000000000001,484090.4580000004
0.9912000000000001,484493.93600000034
0.9913000000000001,484897.41400000034
0.9914000000000001,485300.8920000002
0.9915,485704.3700000002
0.9916,486107.8480000002
0.9917,486511.3260000001
0.9918,486914.8040000001
0.9919,487318.282
0.992,487721.76
0.9921000000000001,488125.23800000036
0.9922000000000001,488528.71600000036
0.9923000000000001,488932.1940000003
0.9924000000000001,489335.67200000025
0.9925,489739.15000000026
0.9926,490142.62800000014
0.9927,490546.10600000015
0.9928,490949.5840000001
0.9929,491353.06200000003
0.993,491756.54000000004
0.9931000000000001,492160.0180000004
0.9932000000000001,492563.4960000004
0.9933000000000001,492966.9740000003
0.9934000000000001,493370.4520000003
0.9935,493773.9300000002
0.9936,494177.40800000017
0.9937,494580.8860000001
0.9938,494984.36400000006
0.9939,495387.84200000006
0.994,495791.32
0.9941000000000001,496194.7980000004
0.9942000000000001,496598.27600000036
0.9943000000000001,497001.7540000003
0.9944000000000001,497405.23200000025
0.9945,497808.7100000002
0.9946,498212.1880000002
0.9947,498615.6660000001
0.9948,499019.1440000001
0.9949,499422.62200000003
0.995,499826.1
0.9951000000000001,500229.5780000004
0.9952000000000001,500633.05600000033
0.9953000000000001,501036.53400000033
0.9954000000000001,501440.0120000002
0.9955,501843.4900000002
0.9956,502246.96800000017
0.9957,502650.4460000001
0.9958,503053.9240000001
0.9959,503457.402
0.996,503860.88
0.9961000000000001,504264.35800000036
0.9962000000000001,504667.83600000036
0.9963000000000001,505071.3140000003
0.9964000000000001,505474.79200000025
0.9965,505878.27000000025
0.9966,506281.74800000014
0.9967,506685.22600000014
0.9968,507088.7040000001
0.9969,507492.18200000003
0.997,507895.66000000003
0.9971000000000001,508299.1380000004
0.9972000000000001,508702.6160000004
0.9973000000000001,509106.0940000003
0.9974000000000001,509509.5720000003
0.9975,509913.0500000002
0.9976,510316.52800000017
0.9977,510720.00600000017
0.9978,511123.48400000005
0.9979,511526.96200000006
0.998,511930.44
0.9981000000000001,512333.9180000004
0.9982000000000001,512737.39600000036
0.9983000000000001,513140.8740000003
0.9984000000000001,513544.3520000003
0.9985,513947.8300000002
0.9986,514351.3080000002
0.9987,514754.78600000014
0.9988,515158.2640000001
0.9989,515561.742
0.999,515965.22
0.9991000000000001,516368.6980000004
0.9992000000000001,516772.1760000003
0.9993000000000001,517175.65400000033
0.9994000000000001,517579.1320000003
0.9995,517982.6100000002
0.9996,518386.08800000016
0.9997,518789.5660000001
0.9998,519193.0440000001
0.9999,519596.522
1.0,520000.0
