maintenance_id,machine_id,timestamp,maintenance_type,duration_min
WO000000,M17A,2026-04-16 08:10:00,PM,67.9
WO000001,M24B,2026-02-01 23:10:00,PM,31.5
WO000002,M03A,2026-03-17 03:34:00,PM,117.4
WO000003,M20A,2026-07-31 09:17:00,calibration,47.7
WO000004,M03A,2026-05-10 18:44:00,corrective,95.2
WO000005,M21B,2026-05-11 02:07:00,calibration,103.7
WO000006,M21B,2026-08-25 07:07:00,calibration,15.6
WO000007,M27B,2026-01-06 18:48:00,PM,83.7
WO000008,M03B,2026-03-31 15:59:00,corrective,26.0
WO000009,M26A,2026-06-19 00:06:00,inspection,119.2
WO000010,M09A,2026-02-15 05:45:00,PM,111.5
WO000011,M11B,2026-05-14 00:47:00,PM,53.4
WO000012,M22A,2026-04-11 12:00:00,inspection,20.7
WO000013,M12B,2026-10-04 10:25:00,PM,36.7
WO000014,M14A,2026-06-27 04:00:00,PM,25.2
WO000015,M22B,2026-08-16 05:56:00,PM,51.9
WO000016,M20A,2026-08-23 06:00:00,calibration,39.9
WO000017,M26B,2026-01-10 03:18:00,calibration,39.9
WO000018,M17A,2026-10-14 08:40:00,PM,53.5
WO000019,M05B,2026-07-07 20:37:00,PM,13.0
WO000020,M07A,2026-01-24 18:10:00,corrective,15.2
WO000021,M19B,2026-01-05 22:00:00,PM,63.7
WO000022,M18B,2026-10-18 20:48:00,calibration,64.6
WO000023,M02A,2026-02-18 11:11:00,PM,63.8
WO000024,M14B,2026-06-05 14:14:00,calibration,40.3
WO000025,M23A,2026-08-03 11:28:00,PM,32.0
WO000026,M05A,2026-02-23 00:22:00,calibration,20.4
WO000027,M18A,2026-02-20 00:50:00,calibration,38.1
WO000028,M03A,2026-03-20 17:49:00,calibration,110.5
WO000029,M05B,2026-01-13 13:30:00,PM,33.9
WO000030,M21B,2026-01-12 10:33:00,PM,97.6
WO000031,M15A,2026-02-21 10:26:00,inspection,100.1
WO000032,M01B,2026-06-06 18:37:00,PM,65.5
WO000033,M15A,2026-10-03 00:08:00,PM,40.4
WO000034,M04B,2026-10-07 14:56:00,PM,23.7
WO000035,M16A,2026-02-15 02:09:00,PM,104.9
WO000036,M22B,2026-07-03 00:30:00,calibration,25.9
WO000037,M12A,2026-04-24 17:30:00,calibration,165.6
WO000038,M19A,2026-03-17 18:30:00,inspection,23.5
WO000039,M13B,2026-04-29 17:41:00,PM,38.9
WO000040,M03B,2026-03-04 08:17:00,inspection,53.4
WO000041,M05A,2026-01-19 19:20:00,inspection,8.7
WO000042,M10A,2026-09-23 01:44:00,PM,194.5
WO000043,M13B,2026-04-08 03:39:00,corrective,59.7
WO000044,M12B,2026-07-26 13:51:00,inspection,5.0
WO000045,M10B,2026-05-10 10:38:00,calibration,156.1
WO000046,M05A,2026-05-02 16:17:00,PM,117.6
WO000047,M12A,2026-02-25 09:21:00,inspection,51.3
WO000048,M24A,2026-02-16 15:29:00,PM,70.5
WO000049,M07A,2026-08-08 07:27:00,inspection,20.4
WO000050,M04B,2026-08-25 02:11:00,PM,33.4
WO000051,M15A,2026-04-23 13:31:00,corrective,30.9
WO000052,M26B,2026-09-08 07:52:00,inspection,12.1
WO000053,M18B,2026-03-07 19:41:00,corrective,17.5
WO000054,M11A,2026-09-25 06:29:00,corrective,48.1
WO000055,M16A,2026-01-11 04:20:00,calibration,26.9
WO000056,M16A,2026-02-18 06:21:00,PM,35.0
WO000057,M06B,2026-02-02 18:16:00,PM,66.2
WO000058,M18A,2026-02-08 21:26:00,PM,9.0
WO000059,M18A,2026-06-26 04:48:00,PM,74.6
WO000060,M08A,2026-01-26 06:00:00,inspection,80.5
WO000061,M17A,2026-02-15 13:17:00,PM,159.5
WO000062,M07A,2026-05-20 13:15:00,inspection,99.9
WO000063,M22A,2026-02-21 14:38:00,corrective,42.2
WO000064,M27B,2026-02-26 12:52:00,corrective,53.3
WO000065,M17B,2026-08-05 05:45:00,inspection,95.2
WO000066,M11B,2026-05-10 01:43:00,PM,34.6
WO000067,M17A,2026-09-11 10:39:00,calibration,76.1
WO000068,M27B,2026-06-24 01:41:00,PM,17.4
WO000069,M09B,2026-07-02 04:11:00,PM,53.0
WO000070,M16A,2026-04-03 23:26:00,PM,16.0
WO000071,M07A,2026-01-19 06:40:00,PM,140.6
WO000072,M01A,2026-06-14 07:55:00,inspection,28.0
WO000073,M21A,2026-02-08 10:06:00,PM,63.2
WO000074,M09A,2026-10-26 13:15:00,calibration,137.5
WO000075,M21B,2026-10-16 15:05:00,inspection,22.0
WO000076,M10A,2026-06-09 21:55:00,inspection,141.5
WO000077,M18B,2026-07-05 08:32:00,calibration,59.6
WO000078,M07B,2026-05-13 07:03:00,corrective,7.5
WO000079,M27B,2026-05-22 05:49:00,calibration,70.5
WO000080,M26A,2026-07-26 12:00:00,inspection,78.8
WO000081,M02A,2026-04-25 00:19:00,PM,8.1
WO000082,M07A,2026-07-06 22:02:00,PM,23.7
WO000083,M09A,2026-08-24 10:04:00,corrective,46.2
WO000084,M18A,2026-03-25 23:27:00,PM,12.6
WO000085,M23B,2026-04-08 07:02:00,PM,21.7
WO000086,M11A,2026-07-31 05:51:00,inspection,26.7
WO000087,M19B,2026-06-30 20:01:00,corrective,56.9
WO000088,M17B,2026-05-22 13:17:00,corrective,93.4
WO000089,M14A,2026-09-19 11:56:00,PM,29.6
WO000090,M22B,2026-06-01 11:01:00,PM,29.5
WO000091,M18B,2026-06-09 02:49:00,corrective,23.1
WO000092,M23A,2026-09-07 07:48:00,calibration,48.9
WO000093,M06B,2026-10-02 09:51:00,calibration,19.4
WO000094,M13B,2026-06-11 14:52:00,calibration,39.6
WO000095,M16A,2026-01-02 22:20:00,PM,78.6
WO000096,M19A,2026-06-05 21:59:00,corrective,7.4
WO000097,M14A,2026-09-01 02:34:00,PM,93.9
WO000098,M07B,2026-03-24 14:23:00,PM,68.8
WO000099,M09B,2026-09-27 22:39:00,inspection,90.6
WO000100,M02B,2026-03-22 03:29:00,inspection,22.9
WO000101,M14B,2026-05-04 08:33:00,PM,36.2
WO000102,M04B,2026-01-15 21:41:00,calibration,119.8
WO000103,M28A,2026-04-10 19:08:00,corrective,22.5
WO000104,M18B,2026-05-01 06:03:00,calibration,48.0
WO000105,M25B,2026-04-19 21:31:00,corrective,133.3
WO000106,M26A,2026-07-13 14:50:00,inspection,17.1
WO000107,M26A,2026-09-22 08:18:00,PM,51.0
WO000108,M28A,2026-05-12 14:59:00,PM,217.9
WO000109,M19B,2026-07-09 06:56:00,corrective,63.2
WO000110,M23A,2026-07-04 02:38:00,corrective,58.1
WO000111,M12B,2026-05-16 10:42:00,corrective,57.5
WO000112,M12A,2026-05-28 22:46:00,PM,8.7
WO000113,M09A,2026-03-09 12:14:00,PM,16.2
WO000114,M13A,2026-09-06 08:17:00,PM,21.4
WO000115,M19B,2026-01-23 05:40:00,PM,25.8
WO000116,M24B,2026-09-06 05:40:00,PM,97.4
WO000117,M28B,2026-03-24 09:45:00,calibration,41.3
WO000118,M06A,2026-04-27 20:23:00,inspection,10.1
WO000119,M20B,2026-01-03 10:59:00,PM,64.5
WO000120,M08B,2026-09-26 08:34:00,PM,15.7
WO000121,M01A,2026-07-22 15:39:00,corrective,20.8
WO000122,M19B,2026-09-26 08:46:00,PM,67.4
WO000123,M03A,2026-07-09 03:42:00,corrective,72.8
WO000124,M23A,2026-04-02 16:32:00,PM,54.7
WO000125,M15B,2026-04-25 04:28:00,corrective,54.6
WO000126,M25B,2026-05-18 13:20:00,corrective,85.0
WO000127,M09B,2026-08-13 14:25:00,PM,56.8
WO000128,M28A,2026-04-07 02:16:00,PM,33.5
WO000129,M26B,2026-03-28 18:00:00,inspection,67.5
WO000130,M06A,2026-01-15 22:28:00,PM,105.4
WO000131,M05B,2026-10-02 23:47:00,calibration,32.0
WO000132,M08A,2026-09-10 15:55:00,PM,56.4
WO000133,M12A,2026-09-13 20:36:00,inspection,33.8
WO000134,M11B,2026-08-14 16:33:00,PM,48.7
WO000135,M28B,2026-06-17 16:13:00,PM,135.5
WO000136,M03A,2026-07-15 16:50:00,inspection,21.9
WO000137,M21A,2026-05-07 20:56:00,corrective,6.7
WO000138,M27A,2026-06-14 00:07:00,corrective,69.7
WO000139,M07A,2026-05-20 11:27:00,inspection,45.5
WO000140,M10B,2026-02-03 16:02:00,corrective,35.8
WO000141,M01B,2026-08-07 06:14:00,PM,58.3
WO000142,M16B,2026-04-13 08:12:00,corrective,160.6
WO000143,M12A,2026-03-24 16:45:00,corrective,31.4
WO000144,M02A,2026-01-11 01:36:00,PM,70.1
WO000145,M04A,2026-09-23 04:06:00,PM,34.0
WO000146,M18B,2026-03-28 04:21:00,PM,53.2
WO000147,M15B,2026-09-15 17:15:00,PM,42.3
WO000148,M11A,2026-05-20 09:38:00,corrective,79.1
WO000149,M16A,2026-01-01 05:53:00,PM,31.2
WO000150,M11A,2026-02-01 20:56:00,PM,179.8
WO000151,M05B,2026-09-26 08:42:00,inspection,41.7
WO000152,M25B,2026-09-10 19:28:00,inspection,26.9
WO000153,M11A,2026-01-14 12:32:00,calibration,29.8
WO000154,M26B,2026-07-18 12:44:00,PM,5.0
WO000155,M20B,2026-09-30 22:43:00,PM,52.4
WO000156,M10B,2026-10-07 00:09:00,PM,64.5
WO000157,M07A,2026-08-28 08:44:00,corrective,72.1
WO000158,M02A,2026-03-23 04:39:00,inspection,104.2
WO000159,M20B,2026-10-06 06:36:00,PM,30.8
WO000160,M08A,2026-06-11 22:50:00,PM,5.9
WO000161,M11A,2026-09-25 15:16:00,corrective,60.2
WO000162,M09A,2026-02-07 11:49:00,corrective,26.8
WO000163,M22A,2026-08-24 06:53:00,PM,154.2
WO000164,M09A,2026-09-24 19:22:00,PM,30.7
WO000165,M05B,2026-06-24 05:41:00,PM,59.7
WO000166,M01A,2026-05-13 04:32:00,calibration,9.5
WO000167,M14A,2026-01-06 04:41:00,corrective,36.3
WO000168,M11B,2026-10-17 14:32:00,PM,9.6
WO000169,M14A,2026-07-08 00:21:00,PM,51.9
WO000170,M08B,2026-10-15 19:58:00,PM,27.9
WO000171,M21B,2026-06-06 03:03:00,corrective,64.0
WO000172,M27B,2026-03-07 19:18:00,calibration,31.5
WO000173,M23A,2026-03-01 01:14:00,corrective,42.6
WO000174,M26A,2026-05-28 20:42:00,calibration,25.6
WO000175,M05B,2026-08-22 08:37:00,PM,5.0
WO000176,M22A,2026-08-11 05:36:00,inspection,163.3
WO000177,M06A,2026-06-03 22:17:00,PM,40.3
WO000178,M13A,2026-08-06 17:58:00,calibration,64.1
WO000179,M01A,2026-04-20 15:27:00,calibration,110.7
WO000180,M24B,2026-02-18 06:21:00,calibration,49.4
WO000181,M22B,2026-10-25 13:44:00,PM,76.1
WO000182,M06B,2026-07-13 15:11:00,PM,29.5
WO000183,M26B,2026-03-23 14:06:00,corrective,125.4
WO000184,M24A,2026-10-16 10:05:00,inspection,83.3
WO000185,M14B,2026-04-01 10:16:00,PM,23.4
WO000186,M06A,2026-04-19 15:42:00,PM,63.4
WO000187,M28A,2026-07-03 16:30:00,calibration,49.2
WO000188,M14B,2026-07-31 11:13:00,corrective,106.5
WO000189,M17A,2026-06-22 04:41:00,PM,135.4
WO000190,M14B,2026-08-06 11:24:00,PM,92.5
WO000191,M19B,2026-07-20 00:31:00,inspection,81.7
WO000192,M01A,2026-05-15 02:37:00,PM,45.4
WO000193,M15B,2026-08-12 19:29:00,inspection,22.1
WO000194,M14B,2026-08-11 16:04:00,calibration,5.0
WO000195,M26B,2026-01-12 18:44:00,PM,96.4
WO000196,M11B,2026-03-06 13:04:00,corrective,33.0
WO000197,M13B,2026-08-29 06:39:00,inspection,128.0
WO000198,M20A,2026-02-05 14:08:00,calibration,17.1
WO000199,M16B,2026-01-10 18:37:00,calibration,19.3
WO000200,M19B,2026-04-23 12:35:00,corrective,57.6
WO000201,M24A,2026-09-03 13:24:00,PM,39.8
WO000202,M02A,2026-04-05 08:21:00,calibration,52.6
WO000203,M09B,2026-03-07 03:46:00,PM,38.4
WO000204,M13B,2026-01-11 15:05:00,PM,152.0
WO000205,M07A,2026-03-16 03:50:00,PM,5.0
WO000206,M20A,2026-02-15 08:51:00,corrective,7.8
WO000207,M10B,2026-10-18 23:13:00,PM,107.5
WO000208,M26A,2026-03-05 10:08:00,PM,28.5
WO000209,M21A,2026-10-15 00:47:00,PM,49.8
WO000210,M25B,2026-03-28 19:51:00,PM,30.3
WO000211,M08B,2026-04-07 01:18:00,inspection,111.5
WO000212,M28A,2026-08-19 11:00:00,corrective,58.4
WO000213,M15A,2026-10-16 04:10:00,calibration,43.6
WO000214,M11B,2026-03-23 23:09:00,inspection,54.2
WO000215,M07A,2026-05-15 12:32:00,calibration,109.5
WO000216,M28A,2026-01-22 03:07:00,inspection,119.4
WO000217,M19B,2026-01-16 12:55:00,PM,12.8
WO000218,M24A,2026-09-28 14:30:00,PM,26.0
WO000219,M01A,2026-06-10 17:54:00,PM,109.5
WO000220,M27B,2026-04-22 06:52:00,inspection,42.8
WO000221,M17A,2026-06-29 15:21:00,calibration,45.9
WO000222,M27B,2026-09-14 11:35:00,PM,115.7
WO000223,M27A,2026-04-25 05:57:00,PM,16.1
WO000224,M28B,2026-06-27 21:01:00,PM,18.0
WO000225,M12A,2026-02-02 08:54:00,calibration,44.3
WO000226,M16A,2026-06-22 20:06:00,PM,167.4
WO000227,M26B,2026-09-05 22:35:00,PM,124.4
WO000228,M24B,2026-10-15 08:04:00,calibration,32.6
WO000229,M17B,2026-09-11 11:55:00,corrective,24.8
WO000230,M24A,2026-04-16 08:05:00,inspection,36.3
WO000231,M11B,2026-09-13 02:30:00,PM,56.1
WO000232,M27B,2026-08-24 22:53:00,corrective,58.0
WO000233,M01A,2026-04-06 11:19:00,corrective,22.7
WO000234,M11A,2026-06-12 00:42:00,corrective,185.4
WO000235,M16B,2026-08-15 23:06:00,inspection,66.0
WO000236,M05B,2026-02-11 06:58:00,PM,49.8
WO000237,M07B,2026-03-21 01:29:00,PM,76.8
WO000238,M04B,2026-06-21 21:00:00,corrective,119.9
WO000239,M01A,2026-02-13 17:19:00,calibration,22.7
WO000240,M09A,2026-07-06 02:24:00,inspection,19.9
WO000241,M19A,2026-02-16 11:58:00,PM,73.3
WO000242,M14B,2026-10-14 02:47:00,calibration,108.6
WO000243,M16B,2026-01-03 13:32:00,PM,22.8
WO000244,M22B,2026-06-11 20:16:00,inspection,85.3
WO000245,M19B,2026-05-01 02:36:00,inspection,74.5
WO000246,M03A,2026-04-19 21:11:00,inspection,44.4
WO000247,M05A,2026-06-19 18:57:00,PM,24.4
WO000248,M11B,2026-07-10 01:45:00,corrective,31.1
WO000249,M10B,2026-09-05 19:00:00,calibration,115.8
WO000250,M14A,2026-04-27 01:37:00,inspection,25.7
WO000251,M04A,2026-04-05 01:50:00,PM,48.2
WO000252,M10B,2026-05-16 13:22:00,inspection,158.3
WO000253,M09A,2026-03-18 14:48:00,corrective,41.2
WO000254,M16A,2026-01-16 16:52:00,PM,140.1
WO000255,M24B,2026-04-07 19:53:00,PM,72.5
WO000256,M01B,2026-05-27 22:08:00,PM,68.1
WO000257,M25A,2026-04-21 02:46:00,PM,65.2
WO000258,M24B,2026-07-03 08:35:00,inspection,87.8
WO000259,M09B,2026-07-15 12:22:00,calibration,37.7
WO000260,M22B,2026-10-03 14:33:00,PM,128.1
WO000261,M04A,2026-04-03 00:29:00,calibration,104.4
WO000262,M14B,2026-03-30 16:19:00,corrective,135.1
WO000263,M20B,2026-01-05 05:24:00,calibration,52.8
WO000264,M07B,2026-03-24 07:35:00,inspection,219.5
WO000265,M04B,2026-03-10 09:53:00,corrective,6.5
WO000266,M03A,2026-03-03 19:38:00,PM,79.5
WO000267,M02A,2026-09-23 17:30:00,PM,39.2
WO000268,M07A,2026-01-21 13:21:00,calibration,26.5
WO000269,M19A,2026-10-12 19:56:00,PM,41.3
WO000270,M08A,2026-09-04 22:11:00,PM,28.4
WO000271,M10B,2026-09-06 10:33:00,calibration,38.0
WO000272,M23B,2026-08-09 01:47:00,calibration,53.0
WO000273,M09A,2026-06-25 15:14:00,PM,61.3
WO000274,M14B,2026-07-05 07:20:00,PM,39.1
WO000275,M02A,2026-04-02 12:58:00,calibration,10.3
WO000276,M23A,2026-04-09 14:27:00,PM,64.5
WO000277,M18B,2026-06-15 22:20:00,calibration,26.2
WO000278,M24B,2026-10-26 14:23:00,PM,117.8
WO000279,M12B,2026-10-24 06:47:00,corrective,31.4
WO000280,M17B,2026-08-09 23:11:00,inspection,150.4
WO000281,M16A,2026-07-24 01:46:00,PM,44.8
WO000282,M10B,2026-08-26 19:54:00,inspection,32.0
WO000283,M04B,2026-08-12 08:16:00,corrective,82.2
WO000284,M01A,2026-05-02 01:25:00,corrective,27.3
WO000285,M18B,2026-08-12 12:57:00,calibration,24.3
WO000286,M22B,2026-03-27 01:28:00,PM,34.5
WO000287,M26A,2026-04-29 07:29:00,PM,90.8
WO000288,M20A,2026-05-12 07:56:00,inspection,25.7
WO000289,M01B,2026-03-30 18:22:00,inspection,67.2
WO000290,M01A,2026-04-15 01:30:00,corrective,72.0
WO000291,M04A,2026-01-16 19:11:00,PM,68.4
WO000292,M10B,2026-08-01 05:07:00,PM,71.4
WO000293,M24B,2026-03-09 03:10:00,corrective,23.6
WO000294,M08A,2026-03-18 20:10:00,corrective,17.9
WO000295,M25B,2026-03-16 12:48:00,inspection,59.2
WO000296,M15A,2026-01-21 11:08:00,calibration,23.2
WO000297,M12B,2026-07-08 03:00:00,PM,66.7
WO000298,M03A,2026-06-03 05:34:00,PM,110.1
WO000299,M02B,2026-03-14 01:54:00,calibration,89.8
WO000300,M15B,2026-02-11 04:22:00,calibration,33.9
WO000301,M11A,2026-05-24 15:16:00,PM,71.7
WO000302,M05B,2026-08-06 19:10:00,PM,8.8
WO000303,M16B,2026-05-05 20:50:00,corrective,92.5
WO000304,M18B,2026-08-30 12:49:00,corrective,50.0
WO000305,M15B,2026-09-11 19:39:00,inspection,29.4
WO000306,M15A,2026-08-26 14:25:00,PM,20.2
WO000307,M18A,2026-02-14 13:16:00,PM,12.8
WO000308,M07A,2026-01-03 05:30:00,PM,6.5
WO000309,M21A,2026-04-10 08:27:00,inspection,49.1
WO000310,M17A,2026-03-20 09:46:00,PM,52.6
WO000311,M10B,2026-04-10 07:14:00,calibration,56.4
WO000312,M21A,2026-06-16 01:10:00,PM,83.0
WO000313,M04A,2026-03-11 15:33:00,inspection,48.7
WO000314,M20B,2026-02-11 01:48:00,corrective,49.0
WO000315,M23B,2026-02-25 15:22:00,calibration,85.2
WO000316,M02A,2026-09-15 18:55:00,PM,49.5
WO000317,M28B,2026-10-16 08:27:00,PM,118.3
WO000318,M28B,2026-07-16 04:40:00,PM,72.4
WO000319,M26A,2026-01-18 17:21:00,inspection,30.2
WO000320,M06B,2026-04-27 09:44:00,PM,56.3
WO000321,M06B,2026-04-03 11:02:00,inspection,20.7
WO000322,M03B,2026-09-05 02:44:00,inspection,84.6
WO000323,M23B,2026-07-27 11:09:00,calibration,93.9
WO000324,M01A,2026-03-13 15:07:00,PM,45.6
WO000325,M23B,2026-03-03 13:17:00,corrective,48.9
WO000326,M21A,2026-03-22 04:45:00,PM,94.0
WO000327,M12A,2026-01-13 06:22:00,PM,104.1
WO000328,M05A,2026-01-31 04:24:00,PM,98.2
WO000329,M06B,2026-01-22 18:45:00,PM,44.7
WO000330,M26B,2026-06-21 02:46:00,corrective,44.5
WO000331,M21B,2026-07-23 07:40:00,PM,37.3
WO000332,M02A,2026-04-02 22:17:00,inspection,53.6
WO000333,M16A,2026-07-31 06:11:00,inspection,76.5
WO000334,M09A,2026-10-08 20:04:00,PM,69.3
WO000335,M23B,2026-02-26 13:17:00,PM,25.9
WO000336,M13B,2026-04-19 01:45:00,PM,97.6
WO000337,M23A,2026-06-02 06:27:00,PM,5.0
WO000338,M25B,2026-01-14 21:01:00,PM,50.9
WO000339,M04B,2026-01-07 19:48:00,inspection,32.5
WO000340,M09B,2026-10-01 05:49:00,PM,71.2
WO000341,M19A,2026-01-03 16:26:00,inspection,30.6
WO000342,M02B,2026-05-15 19:27:00,corrective,35.1
WO000343,M18B,2026-05-02 12:14:00,calibration,50.0
WO000344,M08A,2026-03-13 06:39:00,PM,17.0
WO000345,M02A,2026-05-21 15:53:00,PM,54.3
WO000346,M04B,2026-09-12 00:21:00,PM,77.0
WO000347,M27B,2026-03-05 06:14:00,PM,34.6
WO000348,M21A,2026-01-27 12:13:00,PM,52.6
WO000349,M04B,2026-05-13 05:32:00,PM,23.4
WO000350,M27B,2026-08-05 11:48:00,corrective,121.6
WO000351,M03B,2026-02-20 11:35:00,calibration,54.7
WO000352,M12B,2026-10-15 19:08:00,PM,20.9
WO000353,M21B,2026-05-04 13:16:00,PM,34.4
WO000354,M10A,2026-02-11 09:50:00,inspection,16.8
WO000355,M02A,2026-06-29 03:28:00,calibration,18.0
WO000356,M09B,2026-02-15 15:03:00,PM,30.0
WO000357,M28A,2026-10-14 05:20:00,PM,67.1
WO000358,M23B,2026-03-01 18:15:00,inspection,26.0
WO000359,M15A,2026-08-23 23:27:00,inspection,16.5
WO000360,M22A,2026-02-01 16:52:00,PM,39.5
WO000361,M15B,2026-07-26 13:58:00,corrective,120.4
WO000362,M08A,2026-05-07 22:54:00,calibration,55.9
WO000363,M09A,2026-05-11 02:46:00,PM,73.8
WO000364,M14A,2026-10-17 17:52:00,PM,15.2
WO000365,M15B,2026-02-27 13:37:00,corrective,94.9
WO000366,M16A,2026-03-18 04:25:00,calibration,24.0
WO000367,M17B,2026-06-11 19:25:00,calibration,115.6
WO000368,M12B,2026-05-03 00:08:00,calibration,86.7
WO000369,M19A,2026-07-10 22:51:00,PM,73.5
WO000370,M20B,2026-06-24 06:31:00,PM,38.5
WO000371,M15A,2026-10-26 22:32:00,inspection,35.8
WO000372,M09A,2026-01-07 16:46:00,calibration,60.3
WO000373,M08B,2026-09-23 03:48:00,calibration,19.6
WO000374,M03A,2026-01-31 20:16:00,PM,233.0
WO000375,M14A,2026-04-15 23:53:00,corrective,10.3
WO000376,M14A,2026-10-21 09:53:00,inspection,135.1
WO000377,M24A,2026-06-03 07:52:00,PM,91.6
WO000378,M02A,2026-09-24 01:55:00,PM,50.4
WO000379,M28B,2026-06-01 04:34:00,PM,98.3
WO000380,M19A,2026-07-07 08:16:00,PM,48.1
WO000381,M25B,2026-02-02 23:28:00,inspection,60.2
WO000382,M28A,2026-09-06 01:54:00,PM,7.5
WO000383,M25B,2026-09-24 23:09:00,PM,101.0
WO000384,M23B,2026-04-02 10:28:00,inspection,76.9
WO000385,M21B,2026-05-24 10:30:00,PM,130.8
WO000386,M22B,2026-02-01 16:19:00,calibration,94.7
WO000387,M19A,2026-07-08 05:56:00,corrective,69.7
WO000388,M02A,2026-07-10 00:31:00,PM,34.3
WO000389,M15B,2026-01-19 08:10:00,PM,6.3
WO000390,M19A,2026-09-06 12:58:00,corrective,17.7
WO000391,M09B,2026-03-03 21:13:00,corrective,84.5
WO000392,M21B,2026-08-30 09:00:00,inspection,83.8
WO000393,M21A,2026-05-12 03:13:00,PM,39.1
WO000394,M19B,2026-09-15 15:47:00,PM,32.2
WO000395,M15B,2026-07-29 13:08:00,PM,165.3
WO000396,M28A,2026-03-17 08:26:00,PM,42.0
WO000397,M24B,2026-03-23 22:02:00,calibration,75.6
WO000398,M13B,2026-05-03 18:15:00,inspection,32.7
WO000399,M27B,2026-08-12 23:40:00,inspection,42.9
WO000400,M06A,2026-03-14 05:31:00,PM,32.4
WO000401,M01B,2026-07-12 03:51:00,PM,61.3
WO000402,M19B,2026-06-25 09:22:00,PM,69.1
WO000403,M27B,2026-08-15 12:06:00,PM,41.8
WO000404,M13A,2026-02-03 10:30:00,corrective,200.7
WO000405,M25B,2026-08-20 15:15:00,inspection,24.3
WO000406,M25A,2026-02-28 10:43:00,PM,8.0
WO000407,M13B,2026-02-21 02:30:00,corrective,17.3
WO000408,M21B,2026-07-12 03:34:00,corrective,274.8
WO000409,M02A,2026-06-21 03:16:00,PM,33.0
WO000410,M21A,2026-04-15 00:14:00,PM,15.3
WO000411,M16B,2026-03-16 00:15:00,corrective,21.9
WO000412,M12A,2026-08-09 13:10:00,calibration,25.1
WO000413,M28A,2026-02-07 16:05:00,PM,26.6
WO000414,M06B,2026-06-21 06:32:00,PM,145.4
WO000415,M20A,2026-10-13 02:37:00,PM,106.9
WO000416,M02B,2026-07-29 08:16:00,PM,35.1
WO000417,M26B,2026-04-26 22:25:00,PM,105.5
WO000418,M22B,2026-04-15 16:05:00,inspection,24.4
WO000419,M17B,2026-07-21 02:08:00,corrective,30.6
WO000420,M25A,2026-07-27 17:17:00,corrective,86.3
WO000421,M09A,2026-03-30 10:11:00,PM,44.5
WO000422,M25A,2026-08-23 08:34:00,PM,116.8
WO000423,M20A,2026-08-24 00:15:00,PM,88.7
WO000424,M19B,2026-04-27 06:45:00,calibration,29.3
WO000425,M16B,2026-04-10 01:09:00,PM,89.9
WO000426,M12A,2026-10-24 07:10:00,corrective,24.7
WO000427,M13B,2026-08-13 05:46:00,PM,39.5
WO000428,M05B,2026-07-22 03:19:00,PM,58.6
WO000429,M16B,2026-04-28 01:37:00,PM,84.6
WO000430,M02B,2026-03-01 16:13:00,inspection,55.5
WO000431,M19B,2026-09-08 09:44:00,corrective,172.1
WO000432,M06B,2026-01-05 15:58:00,corrective,66.9
WO000433,M05B,2026-09-30 20:05:00,PM,98.6
WO000434,M25B,2026-07-02 06:48:00,PM,57.9
WO000435,M13B,2026-03-28 07:53:00,PM,47.5
WO000436,M12B,2026-01-22 16:19:00,calibration,28.6
WO000437,M05A,2026-10-09 14:33:00,PM,26.7
WO000438,M06B,2026-06-19 14:43:00,corrective,144.7
WO000439,M11B,2026-01-21 23:18:00,calibration,55.2
WO000440,M16A,2026-07-19 09:53:00,PM,102.6
WO000441,M19B,2026-03-12 08:16:00,PM,79.0
WO000442,M22B,2026-03-16 06:51:00,inspection,108.5
WO000443,M10A,2026-07-17 04:49:00,PM,16.9
WO000444,M14B,2026-08-17 12:08:00,PM,54.9
WO000445,M05A,2026-09-26 17:41:00,calibration,21.4
WO000446,M26A,2026-01-03 19:20:00,calibration,5.0
WO000447,M11B,2026-05-02 18:06:00,PM,75.6
WO000448,M13A,2026-10-13 17:27:00,PM,21.3
WO000449,M25A,2026-08-24 16:32:00,PM,27.5
WO000450,M10B,2026-05-03 06:18:00,calibration,33.7
WO000451,M04B,2026-01-20 01:15:00,corrective,65.1
WO000452,M14A,2026-01-25 22:30:00,corrective,25.7
WO000453,M20A,2026-06-10 02:11:00,calibration,57.2
WO000454,M23A,2026-03-05 16:59:00,corrective,131.9
WO000455,M22A,2026-02-28 05:37:00,calibration,90.7
WO000456,M13B,2026-06-21 23:47:00,PM,19.7
WO000457,M10A,2026-06-14 17:12:00,PM,99.6
WO000458,M23B,2026-03-08 21:01:00,inspection,35.6
WO000459,M25B,2026-05-23 09:09:00,inspection,51.8
WO000460,M08A,2026-07-27 09:53:00,calibration,75.4
WO000461,M20A,2026-05-05 23:37:00,PM,16.8
WO000462,M13A,2026-02-18 10:57:00,corrective,20.1
WO000463,M04A,2026-04-13 07:37:00,PM,79.7
WO000464,M08B,2026-02-21 01:06:00,inspection,46.9
WO000465,M15A,2026-09-13 16:15:00,corrective,18.3
WO000466,M20A,2026-04-03 14:21:00,PM,45.8
WO000467,M09A,2026-04-07 15:17:00,PM,26.2
WO000468,M05A,2026-08-02 21:36:00,corrective,26.2
WO000469,M13B,2026-09-15 18:17:00,calibration,56.8
WO000470,M25B,2026-01-31 16:39:00,PM,63.0
WO000471,M25B,2026-06-30 07:16:00,inspection,91.1
WO000472,M10B,2026-06-04 02:05:00,PM,21.9
WO000473,M23A,2026-05-08 09:58:00,PM,28.1
WO000474,M22A,2026-10-04 18:14:00,corrective,47.8
WO000475,M25B,2026-04-15 05:42:00,inspection,63.3
WO000476,M13A,2026-10-13 11:22:00,corrective,141.3
WO000477,M11A,2026-10-02 03:06:00,PM,28.6
WO000478,M18B,2026-08-20 05:59:00,corrective,50.7
WO000479,M05A,2026-01-23 05:27:00,corrective,38.7
WO000480,M19A,2026-03-02 14:59:00,calibration,45.5
WO000481,M24A,2026-10-03 22:55:00,corrective,12.5
WO000482,M15A,2026-04-09 02:04:00,PM,19.8
WO000483,M13B,2026-01-09 04:38:00,corrective,16.4
WO000484,M28B,2026-04-07 16:38:00,inspection,82.6
WO000485,M06A,2026-02-19 01:02:00,PM,73.5
WO000486,M06A,2026-05-05 17:10:00,PM,90.3
WO000487,M03A,2026-09-06 18:45:00,calibration,24.3
WO000488,M01A,2026-10-12 05:15:00,corrective,46.5
WO000489,M17A,2026-10-04 17:18:00,inspection,29.9
WO000490,M07A,2026-03-05 22:59:00,PM,34.4
WO000491,M24A,2026-08-29 12:53:00,corrective,110.1
WO000492,M01A,2026-10-25 21:47:00,calibration,64.5
WO000493,M20A,2026-06-12 22:27:00,PM,53.2
WO000494,M07A,2026-06-21 14:55:00,inspection,45.8
WO000495,M11A,2026-10-24 00:18:00,inspection,5.0
WO000496,M20B,2026-01-19 23:01:00,PM,35.5
WO000497,M03A,2026-05-17 02:56:00,corrective,18.8
WO000498,M01A,2026-08-23 13:04:00,corrective,5.6
WO000499,M25B,2026-05-13 15:21:00,corrective,79.0
WO000500,M10B,2026-02-19 04:59:00,corrective,162.1
WO000501,M08B,2026-09-28 19:00:00,PM,45.7
WO000502,M28B,2026-08-23 11:11:00,calibration,30.2
WO000503,M28B,2026-04-07 07:21:00,inspection,28.1
WO000504,M21B,2026-04-21 18:00:00,calibration,71.6
WO000505,M06A,2026-10-11 00:29:00,PM,142.6
WO000506,M24B,2026-02-16 08:24:00,PM,75.2
WO000507,M15B,2026-07-06 06:33:00,PM,20.9
WO000508,M19A,2026-09-07 21:25:00,inspection,160.8
WO000509,M09A,2026-06-16 18:44:00,corrective,11.2
WO000510,M08A,2026-04-19 18:57:00,PM,30.8
WO000511,M08B,2026-01-21 12:26:00,PM,103.5
WO000512,M16B,2026-09-21 20:15:00,PM,34.3
WO000513,M10A,2026-06-01 10:00:00,PM,9.4
WO000514,M03B,2026-05-14 20:55:00,PM,51.8
WO000515,M16B,2026-01-15 12:17:00,corrective,20.7
WO000516,M18B,2026-06-11 14:33:00,corrective,85.6
WO000517,M20A,2026-02-03 08:59:00,PM,60.9
WO000518,M09B,2026-07-02 21:53:00,inspection,111.9
WO000519,M12B,2026-06-12 07:38:00,PM,51.7
WO000520,M25B,2026-02-08 08:11:00,PM,58.5
WO000521,M01B,2026-02-02 05:27:00,calibration,18.2
WO000522,M08A,2026-10-07 09:01:00,corrective,36.0
WO000523,M20B,2026-06-29 12:49:00,PM,53.0
WO000524,M08A,2026-07-04 15:22:00,PM,140.6
WO000525,M27B,2026-06-03 18:11:00,PM,35.0
WO000526,M14A,2026-03-17 06:53:00,corrective,95.7
WO000527,M02A,2026-04-25 12:14:00,corrective,36.5
WO000528,M15A,2026-03-28 14:46:00,calibration,83.4
WO000529,M07A,2026-03-25 02:10:00,PM,49.4
WO000530,M12A,2026-09-11 12:29:00,PM,24.5
WO000531,M21B,2026-03-28 23:41:00,calibration,49.8
WO000532,M25B,2026-10-08 06:25:00,PM,37.1
WO000533,M04B,2026-06-24 01:58:00,PM,26.1
WO000534,M01B,2026-10-24 01:08:00,PM,66.2
WO000535,M02B,2026-10-14 15:59:00,PM,46.6
WO000536,M04B,2026-07-12 14:42:00,PM,57.2
WO000537,M22A,2026-10-23 17:59:00,inspection,36.3
WO000538,M25A,2026-01-29 10:42:00,inspection,53.1
WO000539,M24B,2026-04-16 19:04:00,corrective,97.8
WO000540,M18A,2026-02-08 17:19:00,calibration,149.9
WO000541,M06A,2026-03-03 16:58:00,PM,93.6
WO000542,M23B,2026-07-07 09:11:00,PM,46.9
WO000543,M07B,2026-01-14 08:02:00,corrective,43.8
WO000544,M26A,2026-05-03 17:41:00,corrective,58.3
WO000545,M02B,2026-01-19 02:08:00,calibration,30.3
WO000546,M11A,2026-01-09 16:41:00,PM,30.1
WO000547,M26B,2026-03-09 21:34:00,corrective,42.1
WO000548,M20B,2026-03-16 11:58:00,corrective,52.2
WO000549,M21A,2026-04-09 10:23:00,corrective,23.3
WO000550,M17A,2026-06-16 06:02:00,calibration,45.4
WO000551,M09B,2026-07-01 06:26:00,calibration,106.9
WO000552,M19B,2026-10-04 03:09:00,corrective,61.1
WO000553,M08B,2026-03-06 21:24:00,PM,108.2
WO000554,M10A,2026-01-02 07:26:00,inspection,186.8
WO000555,M07A,2026-06-23 03:10:00,inspection,54.9
WO000556,M12A,2026-10-07 12:36:00,calibration,77.6
WO000557,M13B,2026-08-21 14:49:00,PM,39.2
WO000558,M09A,2026-07-13 09:13:00,corrective,61.8
WO000559,M10B,2026-09-16 23:29:00,corrective,87.6
WO000560,M15A,2026-09-17 11:37:00,PM,53.0
WO000561,M24B,2026-03-10 12:20:00,inspection,33.0
WO000562,M16A,2026-06-14 04:39:00,corrective,73.1
WO000563,M12A,2026-08-10 08:52:00,inspection,70.2
WO000564,M11A,2026-04-08 05:54:00,PM,47.0
WO000565,M07A,2026-03-25 12:10:00,corrective,83.1
WO000566,M27B,2026-06-18 19:01:00,PM,74.3
WO000567,M16A,2026-09-29 09:15:00,PM,64.0
WO000568,M05B,2026-06-14 22:28:00,corrective,59.0
WO000569,M22B,2026-01-20 00:38:00,PM,41.5
WO000570,M06A,2026-08-20 17:36:00,corrective,27.7
WO000571,M21B,2026-10-16 11:05:00,PM,7.9
WO000572,M02B,2026-05-03 17:30:00,corrective,40.9
WO000573,M21B,2026-07-14 19:38:00,corrective,68.7
WO000574,M06A,2026-08-15 00:12:00,PM,72.3
WO000575,M25A,2026-02-02 01:33:00,PM,65.8
WO000576,M18B,2026-07-22 04:31:00,PM,46.0
WO000577,M12A,2026-07-22 23:13:00,PM,124.6
WO000578,M21A,2026-03-06 23:53:00,PM,116.7
WO000579,M26A,2026-03-12 00:24:00,PM,113.3
WO000580,M10A,2026-06-08 21:13:00,PM,141.9
WO000581,M08A,2026-01-26 15:26:00,corrective,18.2
WO000582,M18A,2026-07-14 04:15:00,corrective,72.7
WO000583,M20A,2026-09-16 12:09:00,corrective,23.7
WO000584,M14B,2026-01-13 03:25:00,PM,104.8
WO000585,M01A,2026-06-02 13:41:00,corrective,48.0
WO000586,M07B,2026-02-26 09:43:00,inspection,9.4
WO000587,M17A,2026-05-13 09:14:00,PM,18.7
WO000588,M21B,2026-03-17 03:20:00,calibration,50.9
WO000589,M23B,2026-06-15 04:35:00,inspection,9.3
WO000590,M22B,2026-05-29 04:09:00,PM,59.1
WO000591,M26B,2026-09-20 00:44:00,corrective,14.5
WO000592,M26A,2026-06-23 00:47:00,corrective,26.9
WO000593,M19A,2026-05-05 07:26:00,calibration,55.0
WO000594,M26B,2026-08-19 12:45:00,corrective,101.2
WO000595,M26B,2026-05-09 06:32:00,PM,7.8
WO000596,M17B,2026-03-23 22:30:00,PM,234.1
WO000597,M08B,2026-09-25 20:00:00,corrective,37.4
WO000598,M07A,2026-07-19 13:18:00,calibration,85.6
WO000599,M28A,2026-03-11 02:39:00,PM,33.8
WO000600,M16A,2026-07-11 07:05:00,corrective,111.6
WO000601,M28A,2026-05-26 15:47:00,PM,19.0
WO000602,M19B,2026-06-23 18:35:00,PM,52.0
WO000603,M07A,2026-01-24 23:22:00,inspection,43.4
WO000604,M11B,2026-06-14 06:32:00,corrective,37.1
WO000605,M28A,2026-07-03 00:37:00,corrective,10.2
WO000606,M11B,2026-05-22 00:17:00,inspection,38.9
WO000607,M28A,2026-01-26 10:27:00,calibration,129.1
WO000608,M10A,2026-10-20 00:21:00,corrective,102.0
WO000609,M16B,2026-08-14 19:23:00,PM,69.1
WO000610,M23B,2026-05-01 18:33:00,corrective,103.7
WO000611,M04A,2026-07-17 06:01:00,PM,30.9
WO000612,M20A,2026-04-25 07:05:00,calibration,26.0
WO000613,M20B,2026-10-06 10:22:00,corrective,92.8
WO000614,M24B,2026-03-14 17:43:00,inspection,28.8
WO000615,M08A,2026-10-05 19:50:00,corrective,87.6
WO000616,M11A,2026-06-17 23:22:00,inspection,151.0
WO000617,M23A,2026-03-22 16:49:00,PM,91.4
WO000618,M12A,2026-05-01 12:34:00,corrective,8.4
WO000619,M26A,2026-02-06 06:46:00,calibration,21.5
WO000620,M19B,2026-09-23 20:51:00,corrective,149.2
WO000621,M17A,2026-06-22 05:47:00,corrective,61.7
WO000622,M03A,2026-01-23 08:25:00,PM,116.7
WO000623,M04B,2026-01-19 01:05:00,PM,77.2
WO000624,M08A,2026-05-28 12:19:00,corrective,88.5
WO000625,M06B,2026-01-05 06:04:00,calibration,33.7
WO000626,M01A,2026-08-06 12:42:00,inspection,89.6
WO000627,M11B,2026-09-28 14:23:00,corrective,85.9
WO000628,M07B,2026-01-29 05:17:00,corrective,42.8
WO000629,M03A,2026-06-20 09:20:00,corrective,25.4
WO000630,M09B,2026-03-11 03:39:00,inspection,78.4
WO000631,M16B,2026-07-21 05:00:00,PM,23.9
WO000632,M28A,2026-10-02 16:36:00,PM,35.5
WO000633,M21B,2026-05-20 23:53:00,PM,43.1
WO000634,M16A,2026-06-13 04:34:00,corrective,34.9
WO000635,M13A,2026-04-29 17:14:00,PM,106.8
WO000636,M07B,2026-01-25 23:18:00,PM,92.0
WO000637,M23B,2026-07-25 13:50:00,PM,135.2
WO000638,M02A,2026-08-09 03:07:00,PM,10.5
WO000639,M28B,2026-06-04 11:05:00,PM,24.9
WO000640,M04A,2026-08-03 12:49:00,inspection,30.1
WO000641,M23A,2026-07-10 21:17:00,calibration,57.0
WO000642,M11B,2026-08-28 02:18:00,inspection,46.9
WO000643,M03A,2026-09-10 09:30:00,PM,32.4
WO000644,M12B,2026-07-19 18:36:00,PM,44.6
WO000645,M27B,2026-05-29 22:41:00,calibration,77.0
WO000646,M22B,2026-04-25 02:16:00,inspection,6.8
WO000647,M06B,2026-02-11 21:28:00,PM,153.3
WO000648,M05B,2026-02-08 09:47:00,calibration,89.5
WO000649,M07B,2026-04-14 07:20:00,corrective,11.0
WO000650,M06A,2026-05-22 00:42:00,calibration,53.8
WO000651,M25B,2026-04-11 12:10:00,corrective,81.4
WO000652,M24B,2026-08-22 00:22:00,corrective,5.0
WO000653,M06B,2026-10-19 10:22:00,corrective,31.6
WO000654,M09A,2026-09-03 10:54:00,calibration,160.8
WO000655,M16A,2026-10-22 08:16:00,PM,22.1
WO000656,M28A,2026-04-10 05:18:00,corrective,70.4
WO000657,M23A,2026-02-08 20:06:00,PM,78.7
WO000658,M23B,2026-07-14 10:25:00,corrective,43.7
WO000659,M09A,2026-03-27 19:46:00,PM,72.0
WO000660,M02B,2026-02-11 00:29:00,inspection,47.7
WO000661,M15B,2026-03-04 15:18:00,PM,37.2
WO000662,M28A,2026-03-30 07:11:00,calibration,67.9
WO000663,M26A,2026-02-11 14:30:00,inspection,80.6
WO000664,M20B,2026-02-14 10:26:00,PM,14.7
WO000665,M03B,2026-02-27 23:59:00,PM,12.2
WO000666,M18B,2026-01-10 09:56:00,corrective,5.0
WO000667,M24A,2026-07-09 19:32:00,inspection,43.0
WO000668,M24A,2026-07-19 15:25:00,PM,51.5
WO000669,M19A,2026-03-20 04:02:00,PM,5.0
WO000670,M26A,2026-08-30 19:36:00,PM,90.9
WO000671,M27B,2026-07-04 08:16:00,PM,136.0
WO000672,M04B,2026-03-16 03:49:00,corrective,46.9
WO000673,M23A,2026-10-27 12:47:00,corrective,128.0
WO000674,M23B,2026-10-20 21:31:00,PM,88.5
WO000675,M24B,2026-06-25 01:56:00,corrective,102.1
WO000676,M04A,2026-05-05 16:15:00,inspection,76.7
WO000677,M15B,2026-06-15 06:04:00,PM,144.5
WO000678,M20A,2026-08-31 03:19:00,inspection,33.2
WO000679,M26B,2026-07-07 22:44:00,inspection,150.3
WO000680,M07A,2026-01-13 07:02:00,corrective,84.1
WO000681,M15B,2026-02-19 07:11:00,corrective,25.0
WO000682,M25A,2026-04-30 18:18:00,PM,34.9
WO000683,M23B,2026-08-06 06:46:00,corrective,53.3
WO000684,M26B,2026-02-12 16:33:00,inspection,96.0
WO000685,M09A,2026-07-03 19:05:00,corrective,5.0
WO000686,M18B,2026-10-03 04:48:00,calibration,63.6
WO000687,M02A,2026-08-17 02:53:00,corrective,32.0
WO000688,M05B,2026-04-19 02:54:00,PM,59.3
WO000689,M19A,2026-01-17 18:31:00,inspection,16.1
WO000690,M22B,2026-03-01 21:33:00,corrective,59.9
WO000691,M04A,2026-05-11 14:13:00,calibration,122.0
WO000692,M02B,2026-10-02 13:09:00,corrective,33.8
WO000693,M24B,2026-02-21 10:15:00,corrective,30.5
WO000694,M14A,2026-06-17 05:20:00,PM,75.2
WO000695,M02B,2026-02-19 03:52:00,calibration,52.3
WO000696,M13B,2026-07-19 16:27:00,calibration,61.5
WO000697,M27B,2026-08-13 02:03:00,PM,134.8
WO000698,M27A,2026-05-15 18:17:00,PM,46.7
WO000699,M18A,2026-02-03 03:55:00,calibration,10.9
WO000700,M02A,2026-09-18 10:14:00,calibration,19.7
WO000701,M10A,2026-04-20 10:17:00,PM,146.1
WO000702,M27A,2026-10-14 10:08:00,calibration,65.5
WO000703,M02A,2026-04-27 21:11:00,PM,23.7
WO000704,M27B,2026-08-09 10:47:00,calibration,35.7
WO000705,M09A,2026-10-09 07:22:00,inspection,96.1
WO000706,M03B,2026-05-16 10:23:00,PM,58.0
WO000707,M26A,2026-09-25 08:27:00,inspection,66.8
WO000708,M26A,2026-04-26 20:44:00,PM,56.9
WO000709,M06B,2026-03-21 08:20:00,PM,27.3
WO000710,M19A,2026-01-15 18:08:00,PM,29.6
WO000711,M02B,2026-02-26 10:20:00,PM,28.5
WO000712,M11B,2026-01-12 00:15:00,PM,100.7
WO000713,M10B,2026-10-07 12:48:00,inspection,111.3
WO000714,M16A,2026-02-07 01:28:00,PM,137.1
WO000715,M11B,2026-01-21 17:22:00,PM,15.8
WO000716,M09A,2026-09-13 20:13:00,PM,129.2
WO000717,M24A,2026-03-04 09:12:00,PM,9.7
WO000718,M21A,2026-10-10 21:41:00,PM,62.6
WO000719,M23A,2026-09-04 07:22:00,inspection,38.7
WO000720,M25B,2026-10-25 06:39:00,PM,61.7
WO000721,M23B,2026-06-06 00:25:00,corrective,175.2
WO000722,M23A,2026-10-05 00:30:00,PM,104.4
WO000723,M26A,2026-06-12 12:51:00,PM,65.2
WO000724,M10A,2026-10-26 05:47:00,PM,28.9
WO000725,M01B,2026-01-12 12:52:00,corrective,83.8
WO000726,M18A,2026-10-10 16:48:00,inspection,67.6
WO000727,M20A,2026-04-01 19:53:00,PM,88.8
WO000728,M15A,2026-02-08 19:59:00,PM,73.2
WO000729,M09B,2026-08-02 21:26:00,calibration,58.2
WO000730,M11A,2026-09-28 00:11:00,inspection,72.7
WO000731,M24B,2026-05-31 17:52:00,PM,60.5
WO000732,M17B,2026-04-28 00:37:00,PM,174.9
WO000733,M12A,2026-04-14 07:09:00,inspection,5.0
WO000734,M19A,2026-07-14 15:43:00,corrective,5.0
WO000735,M24A,2026-09-23 00:47:00,inspection,176.7
WO000736,M07B,2026-08-08 17:48:00,inspection,155.7
WO000737,M04B,2026-05-19 07:53:00,inspection,20.0
WO000738,M04B,2026-06-21 11:08:00,calibration,37.5
WO000739,M22B,2026-10-19 11:50:00,corrective,80.3
WO000740,M25A,2026-04-26 23:15:00,calibration,35.6
WO000741,M20A,2026-02-01 14:20:00,PM,16.5
WO000742,M25B,2026-02-16 01:26:00,PM,39.1
WO000743,M08B,2026-04-23 00:26:00,corrective,81.9
WO000744,M03B,2026-07-14 23:19:00,PM,28.4
WO000745,M09A,2026-08-16 11:05:00,calibration,83.6
WO000746,M20B,2026-05-10 20:31:00,corrective,24.4
WO000747,M16A,2026-01-16 06:56:00,inspection,69.3
WO000748,M20B,2026-10-01 15:56:00,PM,60.1
WO000749,M04B,2026-10-12 02:46:00,inspection,41.6
WO000750,M20A,2026-08-03 03:57:00,PM,35.0
WO000751,M24A,2026-03-21 09:40:00,PM,107.1
WO000752,M07B,2026-03-19 16:44:00,calibration,73.4
WO000753,M19B,2026-09-11 05:43:00,inspection,60.5
WO000754,M06A,2026-03-04 08:48:00,calibration,24.0
WO000755,M19A,2026-07-25 03:19:00,corrective,78.7
WO000756,M01A,2026-03-19 16:34:00,corrective,83.3
WO000757,M23B,2026-01-29 16:17:00,PM,17.6
WO000758,M07A,2026-08-19 22:47:00,corrective,60.0
WO000759,M10B,2026-01-18 14:44:00,corrective,64.4
WO000760,M16B,2026-03-08 08:39:00,PM,201.7
WO000761,M18B,2026-06-18 18:03:00,PM,42.7
WO000762,M05A,2026-07-02 09:44:00,PM,56.0
WO000763,M19B,2026-08-18 01:57:00,calibration,106.6
WO000764,M25B,2026-09-18 03:41:00,corrective,8.6
WO000765,M13B,2026-07-17 17:26:00,PM,92.2
WO000766,M02B,2026-10-13 02:13:00,PM,40.2
WO000767,M27A,2026-04-06 07:30:00,PM,199.4
WO000768,M25A,2026-04-28 08:13:00,calibration,103.9
WO000769,M23B,2026-01-04 16:22:00,PM,97.4
WO000770,M03A,2026-01-12 12:05:00,PM,26.9
WO000771,M03B,2026-03-16 07:54:00,calibration,95.0
WO000772,M04B,2026-06-07 02:51:00,corrective,82.8
WO000773,M06A,2026-05-09 00:57:00,PM,49.3
WO000774,M13B,2026-07-23 01:10:00,PM,79.5
WO000775,M13B,2026-08-23 11:19:00,calibration,37.3
WO000776,M01B,2026-02-13 00:10:00,PM,42.3
WO000777,M23A,2026-04-29 01:02:00,corrective,36.1
WO000778,M14B,2026-05-26 05:57:00,corrective,23.8
WO000779,M07B,2026-09-01 21:37:00,corrective,13.9
WO000780,M19B,2026-08-09 14:21:00,corrective,26.0
WO000781,M19B,2026-03-08 12:20:00,calibration,23.2
WO000782,M08A,2026-10-04 06:28:00,PM,107.5
WO000783,M06B,2026-09-09 21:42:00,PM,58.1
WO000784,M13B,2026-02-21 04:37:00,PM,32.2
WO000785,M23B,2026-07-24 21:47:00,inspection,23.9
WO000786,M21A,2026-05-24 09:51:00,PM,72.6
WO000787,M20A,2026-03-21 04:50:00,PM,64.9
WO000788,M06A,2026-10-24 13:26:00,corrective,64.8
WO000789,M08B,2026-02-22 03:52:00,corrective,41.2
WO000790,M23A,2026-03-23 13:38:00,inspection,31.2
WO000791,M05A,2026-03-27 04:03:00,corrective,75.8
WO000792,M02B,2026-02-27 00:02:00,PM,8.9
WO000793,M24A,2026-05-21 02:17:00,inspection,35.0
WO000794,M12B,2026-04-17 12:10:00,inspection,73.1
WO000795,M15A,2026-01-30 07:21:00,PM,34.3
WO000796,M01A,2026-08-04 22:19:00,calibration,95.3
WO000797,M25A,2026-09-23 02:20:00,calibration,21.8
WO000798,M28A,2026-07-03 20:42:00,PM,69.7
WO000799,M07B,2026-06-20 19:17:00,calibration,43.8
WO000800,M17B,2026-04-06 23:04:00,PM,28.5
WO000801,M27A,2026-01-29 00:41:00,PM,32.6
WO000802,M09A,2026-03-09 04:40:00,corrective,17.6
WO000803,M22A,2026-05-17 08:48:00,corrective,30.5
WO000804,M13A,2026-04-27 07:59:00,PM,47.5
WO000805,M22A,2026-01-22 22:13:00,calibration,92.9
WO000806,M06A,2026-02-13 15:05:00,corrective,24.0
WO000807,M18A,2026-07-31 16:42:00,PM,83.5
WO000808,M11B,2026-02-12 15:53:00,PM,85.5
WO000809,M12B,2026-10-01 19:55:00,corrective,56.8
WO000810,M14A,2026-07-07 08:33:00,calibration,80.1
WO000811,M07A,2026-05-25 16:42:00,calibration,61.0
WO000812,M11A,2026-09-01 06:31:00,PM,92.5
WO000813,M02B,2026-02-26 21:03:00,calibration,23.1
WO000814,M16A,2026-01-06 12:23:00,PM,11.9
WO000815,M21B,2026-01-15 05:25:00,PM,95.9
WO000816,M25A,2026-04-07 16:51:00,PM,47.9
WO000817,M20B,2026-06-15 06:02:00,PM,47.6
WO000818,M28B,2026-05-16 01:49:00,PM,68.4
WO000819,M08A,2026-01-19 03:36:00,inspection,44.1
WO000820,M12B,2026-10-24 01:32:00,PM,14.0
WO000821,M12A,2026-08-22 00:17:00,calibration,175.4
WO000822,M28B,2026-06-28 16:38:00,corrective,47.3
WO000823,M20B,2026-09-01 03:59:00,PM,37.8
WO000824,M10B,2026-02-24 18:40:00,PM,99.9
WO000825,M03B,2026-01-05 12:48:00,corrective,160.8
WO000826,M02A,2026-07-04 20:18:00,PM,96.1
WO000827,M09B,2026-01-15 10:43:00,PM,119.9
WO000828,M25B,2026-03-16 02:52:00,corrective,50.8
WO000829,M18B,2026-06-05 01:52:00,calibration,14.2
WO000830,M08B,2026-05-24 13:22:00,corrective,21.4
WO000831,M18A,2026-03-24 11:42:00,PM,21.3
WO000832,M07A,2026-07-16 20:37:00,PM,36.6
WO000833,M03A,2026-09-17 15:45:00,PM,56.5
WO000834,M27B,2026-02-04 19:32:00,corrective,16.5
WO000835,M05B,2026-08-21 14:33:00,corrective,68.5
WO000836,M09A,2026-04-08 12:45:00,calibration,124.3
WO000837,M17B,2026-01-23 21:50:00,corrective,43.4
WO000838,M26B,2026-01-29 13:23:00,PM,86.3
WO000839,M05B,2026-05-22 02:24:00,calibration,85.6
WO000840,M10B,2026-03-22 07:08:00,calibration,112.5
WO000841,M22B,2026-08-07 06:33:00,corrective,52.6
WO000842,M02A,2026-02-23 09:57:00,corrective,42.5
WO000843,M21B,2026-09-01 02:47:00,PM,31.5
WO000844,M03B,2026-03-22 16:42:00,inspection,72.1
WO000845,M10A,2026-09-07 16:54:00,calibration,146.1
WO000846,M01A,2026-08-01 03:18:00,PM,57.6
WO000847,M09B,2026-06-17 01:44:00,PM,17.0
WO000848,M21A,2026-06-26 09:41:00,PM,110.9
WO000849,M20A,2026-03-06 07:32:00,inspection,88.1
WO000850,M02A,2026-06-07 21:33:00,PM,43.1
WO000851,M11B,2026-06-28 13:47:00,corrective,65.6
WO000852,M02A,2026-01-18 21:51:00,calibration,19.1
WO000853,M21B,2026-01-29 08:39:00,inspection,31.7
WO000854,M12A,2026-01-28 11:02:00,corrective,18.8
WO000855,M07A,2026-02-15 20:44:00,corrective,50.2
WO000856,M12A,2026-06-14 14:32:00,PM,8.3
WO000857,M23B,2026-07-22 18:53:00,inspection,94.2
WO000858,M25A,2026-04-11 17:37:00,PM,30.1
WO000859,M12B,2026-07-08 15:00:00,PM,45.6
WO000860,M03A,2026-10-14 19:32:00,corrective,139.0
WO000861,M07B,2026-05-18 04:55:00,inspection,72.8
WO000862,M10B,2026-07-30 18:55:00,PM,35.6
WO000863,M16B,2026-10-20 17:27:00,calibration,120.8
WO000864,M04B,2026-01-19 23:25:00,PM,104.4
WO000865,M21B,2026-05-29 00:43:00,calibration,68.0
WO000866,M24A,2026-08-22 07:59:00,PM,49.0
WO000867,M27A,2026-07-30 11:46:00,calibration,28.0
WO000868,M09A,2026-07-21 21:57:00,inspection,56.4
WO000869,M24B,2026-08-02 19:56:00,PM,82.3
WO000870,M07A,2026-09-28 08:57:00,corrective,15.8
WO000871,M15B,2026-07-30 02:50:00,PM,44.9
WO000872,M21B,2026-04-02 09:41:00,PM,171.8
WO000873,M19A,2026-08-27 09:04:00,calibration,62.2
WO000874,M21A,2026-06-18 03:33:00,calibration,20.5
WO000875,M18B,2026-01-26 10:51:00,PM,31.8
WO000876,M13A,2026-06-11 23:03:00,calibration,42.1
WO000877,M05A,2026-01-20 11:11:00,inspection,103.9
WO000878,M21A,2026-08-15 12:06:00,corrective,18.2
WO000879,M28A,2026-07-31 02:42:00,inspection,44.3
WO000880,M21A,2026-02-13 21:03:00,PM,17.7
WO000881,M07B,2026-10-09 13:32:00,PM,33.5
WO000882,M01B,2026-02-03 20:58:00,PM,73.9
WO000883,M07A,2026-09-23 16:15:00,inspection,138.8
WO000884,M28B,2026-02-16 11:20:00,corrective,11.4
WO000885,M15B,2026-07-20 11:53:00,PM,26.3
WO000886,M20B,2026-04-21 18:48:00,inspection,146.7
WO000887,M19B,2026-08-15 13:27:00,corrective,45.8
WO000888,M04B,2026-08-14 11:00:00,corrective,33.3
WO000889,M22B,2026-02-15 00:17:00,PM,75.9
WO000890,M28B,2026-02-05 07:19:00,PM,16.4
WO000891,M10A,2026-08-30 03:37:00,inspection,29.2
WO000892,M19B,2026-04-30 09:55:00,inspection,61.8
WO000893,M15A,2026-04-08 14:57:00,PM,74.0
WO000894,M09B,2026-01-11 03:51:00,calibration,71.3
WO000895,M21A,2026-09-17 14:48:00,corrective,40.9
WO000896,M04B,2026-03-10 10:51:00,corrective,57.4
WO000897,M22A,2026-07-11 17:19:00,calibration,158.0
WO000898,M22A,2026-01-12 15:13:00,PM,107.5
WO000899,M25A,2026-09-12 18:29:00,PM,44.2
WO000900,M02B,2026-05-21 11:59:00,calibration,56.7
WO000901,M20B,2026-01-14 01:22:00,PM,59.8
WO000902,M03B,2026-01-21 07:14:00,corrective,31.5
WO000903,M25A,2026-05-29 00:12:00,corrective,126.7
WO000904,M07B,2026-05-06 21:33:00,calibration,130.9
WO000905,M01B,2026-01-08 21:19:00,PM,66.9
WO000906,M25B,2026-08-28 20:33:00,PM,51.5
WO000907,M27A,2026-08-08 02:29:00,PM,50.4
WO000908,M09A,2026-06-01 03:46:00,corrective,16.3
WO000909,M13B,2026-09-20 05:50:00,PM,77.7
WO000910,M11B,2026-02-16 04:42:00,corrective,85.4
WO000911,M09A,2026-07-01 14:34:00,PM,76.7
WO000912,M06B,2026-01-02 09:52:00,PM,19.9
WO000913,M24B,2026-02-04 21:28:00,PM,14.4
WO000914,M02A,2026-02-13 10:41:00,PM,36.5
WO000915,M09B,2026-07-09 08:04:00,PM,115.7
WO000916,M07B,2026-05-31 23:18:00,corrective,49.8
WO000917,M24B,2026-01-26 13:39:00,corrective,153.4
WO000918,M16A,2026-10-24 06:30:00,PM,5.3
WO000919,M02A,2026-06-16 03:08:00,PM,22.1
WO000920,M28A,2026-01-07 07:27:00,calibration,82.9
WO000921,M20B,2026-02-15 08:19:00,corrective,40.9
WO000922,M05B,2026-04-03 19:10:00,inspection,133.3
WO000923,M15A,2026-07-17 21:01:00,calibration,118.5
WO000924,M27A,2026-06-05 20:11:00,PM,139.8
WO000925,M23A,2026-04-25 22:31:00,PM,40.1
WO000926,M27B,2026-01-20 05:21:00,PM,29.2
WO000927,M27A,2026-09-10 18:31:00,inspection,62.3
WO000928,M06A,2026-04-23 12:54:00,inspection,131.3
WO000929,M21B,2026-08-17 22:21:00,corrective,59.8
WO000930,M22B,2026-10-13 11:09:00,calibration,96.5
WO000931,M20B,2026-03-29 20:11:00,PM,14.4
WO000932,M22B,2026-09-11 13:08:00,inspection,48.2
WO000933,M06A,2026-10-25 18:07:00,calibration,145.8
WO000934,M21A,2026-04-20 04:18:00,calibration,15.9
WO000935,M08A,2026-09-13 09:46:00,inspection,65.6
WO000936,M13A,2026-10-08 17:58:00,inspection,28.0
WO000937,M05B,2026-05-16 10:25:00,PM,113.4
WO000938,M01B,2026-06-23 07:02:00,corrective,74.9
WO000939,M06B,2026-08-30 05:29:00,inspection,14.5
WO000940,M17B,2026-06-06 03:27:00,PM,29.6
WO000941,M24A,2026-10-07 21:22:00,corrective,20.2
WO000942,M02B,2026-09-14 09:26:00,inspection,24.1
WO000943,M26A,2026-07-14 06:46:00,corrective,51.7
WO000944,M11A,2026-10-04 14:11:00,corrective,22.9
WO000945,M22A,2026-06-07 09:10:00,corrective,50.6
WO000946,M20B,2026-04-09 10:02:00,inspection,44.4
WO000947,M24B,2026-10-04 17:31:00,inspection,57.0
WO000948,M10B,2026-08-04 21:30:00,PM,82.9
WO000949,M23B,2026-08-23 00:24:00,PM,29.0
WO000950,M14A,2026-08-23 14:24:00,PM,93.6
WO000951,M12B,2026-04-10 10:27:00,calibration,50.1
WO000952,M02B,2026-06-16 16:40:00,inspection,69.3
WO000953,M03B,2026-01-06 02:52:00,PM,29.3
WO000954,M07B,2026-05-24 05:03:00,PM,116.2
WO000955,M24A,2026-02-14 11:48:00,corrective,76.6
WO000956,M07A,2026-01-13 11:25:00,calibration,12.6
WO000957,M11A,2026-10-03 22:26:00,PM,73.7
WO000958,M22B,2026-04-06 17:32:00,corrective,83.8
WO000959,M15B,2026-07-19 04:05:00,inspection,55.1
WO000960,M21B,2026-03-16 11:33:00,corrective,72.2
WO000961,M23A,2026-06-16 15:02:00,inspection,11.5
WO000962,M03A,2026-04-03 00:27:00,PM,153.0
WO000963,M07B,2026-04-28 22:24:00,calibration,178.5
WO000964,M01B,2026-03-07 01:06:00,PM,14.9
WO000965,M18B,2026-01-18 22:08:00,PM,63.3
WO000966,M15A,2026-07-18 02:28:00,PM,30.1
WO000967,M28A,2026-07-14 17:42:00,PM,135.0
WO000968,M05B,2026-06-24 04:37:00,corrective,18.9
WO000969,M25B,2026-04-15 16:10:00,PM,66.4
WO000970,M19B,2026-09-13 10:36:00,PM,18.6
WO000971,M16A,2026-03-29 08:22:00,PM,66.0
WO000972,M17B,2026-08-01 07:17:00,PM,52.0
WO000973,M27B,2026-05-23 17:57:00,calibration,36.4
WO000974,M01B,2026-06-26 16:22:00,PM,38.4
WO000975,M13B,2026-05-05 21:18:00,inspection,99.7
WO000976,M21B,2026-09-04 04:02:00,PM,32.7
WO000977,M07A,2026-09-04 08:01:00,calibration,29.0
WO000978,M12B,2026-08-28 10:36:00,PM,26.4
WO000979,M16B,2026-07-06 22:23:00,PM,144.0
WO000980,M04A,2026-04-03 15:57:00,corrective,19.9
WO000981,M09B,2026-10-08 09:57:00,PM,24.8
WO000982,M28A,2026-02-21 21:11:00,calibration,42.0
WO000983,M18A,2026-07-20 08:23:00,corrective,130.5
WO000984,M11B,2026-04-24 18:54:00,PM,58.2
WO000985,M27A,2026-08-26 01:39:00,calibration,8.9
WO000986,M23A,2026-09-07 13:09:00,corrective,139.8
WO000987,M28A,2026-05-04 03:21:00,corrective,26.0
WO000988,M09B,2026-08-14 22:36:00,PM,34.2
WO000989,M05B,2026-07-06 19:59:00,PM,7.3
WO000990,M10B,2026-01-26 06:34:00,PM,71.7
WO000991,M01B,2026-09-26 05:13:00,corrective,28.0
WO000992,M27A,2026-04-28 08:31:00,corrective,53.9
WO000993,M09B,2026-10-10 05:35:00,corrective,21.6
WO000994,M14A,2026-03-20 03:50:00,inspection,42.7
WO000995,M11A,2026-04-26 03:23:00,corrective,115.0
WO000996,M25A,2026-07-14 05:54:00,inspection,12.4
WO000997,M14B,2026-10-12 16:28:00,calibration,9.6
WO000998,M25B,2026-09-22 17:46:00,PM,45.2
WO000999,M10A,2026-07-19 15:00:00,PM,62.5
WO001000,M28A,2026-08-27 08:15:00,corrective,15.1
WO001001,M05A,2026-10-26 01:33:00,PM,87.0
WO001002,M24B,2026-05-05 00:08:00,PM,102.0
WO001003,M02A,2026-10-21 02:00:00,corrective,60.3
WO001004,M12A,2026-03-29 16:36:00,corrective,131.4
WO001005,M06B,2026-06-15 02:30:00,inspection,21.7
WO001006,M10A,2026-08-03 13:00:00,PM,35.4
WO001007,M13A,2026-01-26 22:28:00,calibration,81.1
WO001008,M22A,2026-01-05 16:59:00,inspection,63.7
WO001009,M27A,2026-08-29 00:39:00,PM,13.7
WO001010,M09A,2026-08-27 17:14:00,corrective,45.2
WO001011,M14A,2026-01-10 16:50:00,corrective,32.7
WO001012,M01A,2026-04-12 21:03:00,inspection,94.7
WO001013,M24A,2026-05-26 03:48:00,PM,43.8
WO001014,M13A,2026-06-27 17:30:00,PM,21.6
WO001015,M19B,2026-05-19 10:38:00,calibration,45.8
WO001016,M12B,2026-05-13 00:05:00,corrective,204.8
WO001017,M05B,2026-02-17 00:39:00,corrective,39.7
WO001018,M27A,2026-05-07 06:45:00,PM,44.8
WO001019,M18B,2026-06-01 10:18:00,PM,106.1
WO001020,M21A,2026-02-04 08:34:00,inspection,33.1
WO001021,M24A,2026-06-24 23:58:00,PM,86.8
WO001022,M09A,2026-01-24 19:42:00,corrective,136.0
WO001023,M07B,2026-01-24 04:33:00,PM,33.8
WO001024,M02B,2026-08-09 21:12:00,calibration,61.0
WO001025,M21B,2026-05-28 01:26:00,calibration,49.5
WO001026,M11A,2026-04-20 09:41:00,PM,107.9
WO001027,M22B,2026-09-03 13:59:00,PM,29.6
WO001028,M27B,2026-09-08 15:41:00,corrective,16.6
WO001029,M17A,2026-10-08 17:49:00,PM,28.0
WO001030,M09A,2026-04-05 18:24:00,PM,105.8
WO001031,M27A,2026-03-29 16:59:00,PM,36.9
WO001032,M02B,2026-03-28 05:11:00,PM,52.9
WO001033,M10A,2026-08-20 13:23:00,PM,71.9
WO001034,M08A,2026-08-11 21:31:00,corrective,48.8
WO001035,M10B,2026-03-03 01:33:00,corrective,113.1
WO001036,M19B,2026-08-20 21:53:00,corrective,46.9
WO001037,M27A,2026-02-08 02:24:00,calibration,16.7
WO001038,M01A,2026-07-18 04:01:00,inspection,19.6
WO001039,M24A,2026-01-20 03:32:00,corrective,12.8
WO001040,M17A,2026-01-20 01:20:00,PM,41.2
WO001041,M15B,2026-01-24 05:32:00,inspection,23.8
WO001042,M10A,2026-09-17 18:37:00,calibration,28.6
WO001043,M20B,2026-10-26 21:04:00,inspection,78.7
WO001044,M25B,2026-05-31 10:57:00,PM,35.9
WO001045,M06A,2026-09-22 11:58:00,inspection,63.8
WO001046,M03B,2026-02-27 17:51:00,PM,54.6
WO001047,M17A,2026-10-15 14:58:00,inspection,22.0
WO001048,M08A,2026-08-18 22:43:00,calibration,47.9
WO001049,M09A,2026-10-05 21:12:00,PM,101.4
WO001050,M04A,2026-06-06 13:06:00,corrective,50.3
WO001051,M15A,2026-01-04 13:35:00,PM,50.9
WO001052,M18B,2026-09-05 12:13:00,PM,108.3
WO001053,M25A,2026-02-01 03:09:00,PM,98.2
WO001054,M22A,2026-09-13 14:15:00,calibration,7.5
WO001055,M05A,2026-10-23 05:44:00,inspection,31.2
WO001056,M18A,2026-08-15 02:27:00,corrective,23.4
WO001057,M25B,2026-06-11 13:12:00,corrective,39.5
WO001058,M21B,2026-04-17 10:26:00,PM,23.3
WO001059,M14A,2026-06-03 20:42:00,corrective,39.8
WO001060,M02B,2026-10-17 02:41:00,PM,13.1
WO001061,M12B,2026-01-12 05:03:00,PM,30.8
WO001062,M15B,2026-05-20 12:54:00,PM,29.8
WO001063,M05A,2026-01-12 16:59:00,PM,115.0
WO001064,M26A,2026-07-19 18:26:00,inspection,12.1
WO001065,M06A,2026-04-21 16:40:00,PM,107.4
WO001066,M03B,2026-01-26 06:12:00,corrective,27.9
WO001067,M23B,2026-06-18 23:27:00,calibration,135.7
WO001068,M07B,2026-06-05 16:08:00,PM,115.4
WO001069,M13A,2026-05-23 04:49:00,PM,40.8
WO001070,M12A,2026-02-12 05:13:00,PM,70.4
WO001071,M08B,2026-01-18 20:54:00,PM,65.6
WO001072,M02B,2026-09-28 00:42:00,corrective,71.4
WO001073,M01A,2026-03-25 20:03:00,PM,95.3
WO001074,M19A,2026-10-20 19:14:00,PM,129.7
WO001075,M21A,2026-08-11 08:45:00,corrective,119.3
WO001076,M06B,2026-01-15 17:28:00,corrective,73.8
WO001077,M15B,2026-03-19 19:24:00,PM,19.8
WO001078,M13A,2026-09-16 16:10:00,corrective,41.3
WO001079,M17A,2026-02-01 18:10:00,calibration,78.5
WO001080,M17A,2026-06-25 02:36:00,PM,161.3
WO001081,M24B,2026-08-20 04:18:00,inspection,61.3
WO001082,M13A,2026-01-15 04:10:00,PM,56.4
WO001083,M17A,2026-04-01 13:25:00,inspection,36.7
WO001084,M18A,2026-04-08 13:49:00,corrective,21.4
WO001085,M02A,2026-01-18 04:32:00,PM,24.3
WO001086,M13A,2026-03-16 10:25:00,PM,15.6
WO001087,M17A,2026-06-15 09:59:00,corrective,42.0
WO001088,M09A,2026-04-10 08:38:00,PM,26.0
WO001089,M14B,2026-07-20 19:43:00,PM,63.5
WO001090,M04B,2026-03-19 04:58:00,corrective,29.0
WO001091,M28A,2026-05-24 13:34:00,calibration,8.9
WO001092,M01B,2026-10-23 05:11:00,corrective,93.7
WO001093,M02B,2026-07-22 09:42:00,PM,47.0
WO001094,M02A,2026-05-26 14:31:00,corrective,46.6
WO001095,M23B,2026-04-24 01:02:00,inspection,77.9
WO001096,M17B,2026-01-20 03:37:00,corrective,45.3
WO001097,M14B,2026-07-30 09:26:00,PM,58.1
WO001098,M13B,2026-10-21 02:05:00,PM,25.2
WO001099,M04B,2026-10-27 21:31:00,calibration,84.2
WO001100,M14B,2026-09-17 14:30:00,PM,26.4
WO001101,M12A,2026-08-05 05:20:00,corrective,59.3
WO001102,M02A,2026-07-05 00:55:00,corrective,62.7
WO001103,M02B,2026-04-26 16:55:00,PM,201.9
WO001104,M15A,2026-07-01 05:19:00,corrective,29.7
WO001105,M21A,2026-06-03 14:17:00,PM,67.4
WO001106,M21A,2026-09-07 13:10:00,corrective,82.0
WO001107,M26B,2026-06-18 10:00:00,calibration,39.0
WO001108,M28A,2026-01-11 23:40:00,corrective,153.8
WO001109,M24B,2026-07-09 03:38:00,inspection,18.8
WO001110,M19A,2026-08-17 18:03:00,PM,82.0
WO001111,M06B,2026-07-18 15:23:00,calibration,28.6
WO001112,M12A,2026-07-14 10:25:00,PM,117.7
WO001113,M03A,2026-07-28 19:28:00,PM,25.6
WO001114,M16B,2026-03-10 05:52:00,inspection,36.6
WO001115,M02A,2026-10-09 23:10:00,PM,146.1
WO001116,M25B,2026-01-03 23:23:00,PM,65.5
WO001117,M19A,2026-06-20 15:53:00,PM,139.0
WO001118,M13A,2026-10-11 01:27:00,PM,11.9
WO001119,M13B,2026-06-09 19:15:00,calibration,65.3
WO001120,M05A,2026-10-17 07:58:00,PM,37.4
WO001121,M18B,2026-08-04 18:16:00,PM,95.9
WO001122,M03B,2026-07-04 10:23:00,PM,49.3
WO001123,M16B,2026-09-23 08:03:00,corrective,45.8
WO001124,M11B,2026-02-27 08:05:00,corrective,43.9
WO001125,M06A,2026-10-03 13:41:00,inspection,15.8
WO001126,M06B,2026-08-11 20:36:00,inspection,28.2
WO001127,M10B,2026-06-11 11:29:00,PM,27.7
WO001128,M08A,2026-07-12 16:14:00,inspection,29.4
WO001129,M09A,2026-06-06 22:40:00,PM,118.4
WO001130,M07B,2026-10-26 19:01:00,PM,70.6
WO001131,M18A,2026-08-09 17:16:00,calibration,10.3
WO001132,M19B,2026-08-18 12:43:00,PM,53.6
WO001133,M01A,2026-08-11 17:19:00,PM,52.8
WO001134,M15B,2026-01-25 12:13:00,PM,48.5
WO001135,M05B,2026-07-21 02:19:00,inspection,64.1
WO001136,M25B,2026-06-01 22:44:00,calibration,195.2
WO001137,M12B,2026-04-12 19:33:00,inspection,144.8
WO001138,M07A,2026-01-07 13:45:00,PM,38.9
WO001139,M11B,2026-10-10 23:08:00,corrective,74.0
WO001140,M08A,2026-10-13 21:05:00,inspection,50.4
WO001141,M13A,2026-06-22 19:52:00,corrective,36.0
WO001142,M08A,2026-04-26 04:20:00,corrective,131.7
WO001143,M11B,2026-09-07 19:39:00,inspection,12.3
WO001144,M26A,2026-03-12 20:55:00,corrective,51.0
WO001145,M17B,2026-05-11 14:44:00,PM,14.3
WO001146,M04B,2026-05-29 08:09:00,inspection,32.7
WO001147,M14B,2026-01-17 17:37:00,PM,44.9
WO001148,M13B,2026-03-09 20:01:00,PM,93.7
WO001149,M11A,2026-01-11 08:57:00,inspection,6.8
WO001150,M03A,2026-03-27 18:41:00,PM,42.5
WO001151,M10B,2026-06-23 22:13:00,corrective,113.7
WO001152,M12B,2026-02-18 02:46:00,PM,117.2
WO001153,M22B,2026-04-22 23:04:00,calibration,15.7
WO001154,M04B,2026-03-02 04:02:00,inspection,94.7
WO001155,M27A,2026-05-06 22:13:00,calibration,30.6
WO001156,M06B,2026-05-28 08:16:00,PM,41.5
WO001157,M18B,2026-09-29 06:59:00,PM,115.3
WO001158,M07A,2026-10-05 00:10:00,calibration,105.0
WO001159,M01A,2026-07-12 23:38:00,inspection,83.1
WO001160,M10B,2026-04-15 06:50:00,corrective,49.1
WO001161,M11B,2026-10-23 00:00:00,calibration,129.2
WO001162,M18A,2026-08-25 16:05:00,corrective,19.8
WO001163,M18A,2026-10-07 13:45:00,PM,72.2
WO001164,M13B,2026-03-20 10:01:00,PM,8.8
WO001165,M23B,2026-02-24 14:05:00,PM,5.0
WO001166,M10A,2026-07-05 09:37:00,PM,55.4
WO001167,M06B,2026-01-19 05:10:00,PM,73.7
WO001168,M09A,2026-09-13 10:02:00,PM,70.9
WO001169,M17A,2026-10-22 21:57:00,corrective,26.5
WO001170,M13A,2026-08-01 06:44:00,PM,47.1
WO001171,M16A,2026-04-21 09:48:00,inspection,48.0
WO001172,M16A,2026-10-08 21:35:00,PM,25.7
WO001173,M12A,2026-03-31 18:53:00,calibration,23.9
WO001174,M16A,2026-03-18 15:14:00,PM,61.3
WO001175,M24A,2026-07-26 01:40:00,corrective,46.2
WO001176,M22B,2026-04-17 11:53:00,calibration,16.7
WO001177,M25A,2026-06-07 20:11:00,PM,57.0
WO001178,M06A,2026-06-28 06:36:00,inspection,108.5
WO001179,M22B,2026-10-05 06:50:00,PM,36.2
WO001180,M27B,2026-08-09 06:23:00,PM,53.9
WO001181,M23A,2026-06-01 11:08:00,PM,63.4
WO001182,M22B,2026-03-17 20:28:00,PM,52.9
WO001183,M05A,2026-10-25 01:13:00,PM,91.4
WO001184,M24B,2026-10-05 14:47:00,PM,70.1
WO001185,M02A,2026-03-01 12:19:00,inspection,51.6
WO001186,M26B,2026-09-27 08:57:00,PM,48.0
WO001187,M26B,2026-01-31 11:18:00,PM,60.0
WO001188,M13A,2026-08-26 03:59:00,PM,44.6
WO001189,M08B,2026-03-18 01:24:00,calibration,58.2
WO001190,M10B,2026-03-03 03:53:00,PM,78.8
WO001191,M24A,2026-09-18 03:23:00,PM,54.6
WO001192,M05B,2026-10-13 21:04:00,PM,73.0
WO001193,M27A,2026-05-31 10:42:00,PM,75.9
WO001194,M10A,2026-02-16 00:23:00,PM,32.7
WO001195,M06A,2026-10-23 22:18:00,PM,26.5
WO001196,M01B,2026-10-27 00:33:00,inspection,31.6
WO001197,M15A,2026-10-02 17:47:00,PM,70.9
WO001198,M17A,2026-10-26 02:23:00,corrective,147.3
WO001199,M10B,2026-02-06 02:52:00,corrective,41.9
WO001200,M08B,2026-04-25 12:35:00,corrective,92.6
WO001201,M27A,2026-04-16 09:51:00,corrective,48.6
WO001202,M20A,2026-07-10 10:17:00,calibration,7.8
WO001203,M04A,2026-05-24 08:58:00,calibration,61.1
WO001204,M11A,2026-02-25 18:31:00,inspection,184.9
WO001205,M02B,2026-05-20 02:40:00,PM,23.9
WO001206,M24A,2026-08-23 07:26:00,corrective,229.8
WO001207,M10A,2026-07-03 07:15:00,corrective,46.2
WO001208,M01B,2026-06-14 06:52:00,inspection,24.3
WO001209,M05B,2026-01-20 23:49:00,calibration,45.5
WO001210,M05A,2026-01-14 08:16:00,PM,120.2
WO001211,M20A,2026-06-10 08:18:00,inspection,60.9
WO001212,M18A,2026-06-29 21:10:00,inspection,14.8
WO001213,M18B,2026-10-20 11:19:00,calibration,26.7
WO001214,M27A,2026-06-17 15:41:00,PM,100.0
WO001215,M13B,2026-10-26 07:26:00,corrective,35.6
WO001216,M04B,2026-07-06 16:44:00,calibration,12.9
WO001217,M14B,2026-03-10 05:34:00,PM,50.7
WO001218,M03B,2026-04-10 00:51:00,corrective,70.2
WO001219,M09A,2026-05-03 06:05:00,PM,55.8
WO001220,M08A,2026-07-17 22:50:00,PM,22.3
WO001221,M06A,2026-06-26 23:03:00,corrective,87.7
WO001222,M28B,2026-03-17 07:24:00,PM,167.8
WO001223,M13A,2026-10-22 06:10:00,corrective,25.7
WO001224,M02A,2026-01-18 21:32:00,PM,35.4
WO001225,M15B,2026-09-16 08:34:00,PM,34.6
WO001226,M16A,2026-03-29 02:55:00,calibration,83.0
WO001227,M05A,2026-09-23 06:44:00,PM,45.7
WO001228,M10A,2026-09-23 20:01:00,corrective,52.3
WO001229,M02B,2026-06-11 19:47:00,inspection,111.5
WO001230,M19A,2026-10-14 01:39:00,PM,98.8
WO001231,M19B,2026-07-05 04:25:00,inspection,132.0
WO001232,M07A,2026-04-13 09:17:00,corrective,66.7
WO001233,M11B,2026-08-03 21:31:00,corrective,49.1
WO001234,M24B,2026-01-17 17:02:00,PM,89.0
WO001235,M17A,2026-09-21 13:47:00,PM,25.5
WO001236,M11A,2026-04-06 01:47:00,PM,107.0
WO001237,M10B,2026-09-02 13:24:00,corrective,93.3
WO001238,M11A,2026-02-06 06:53:00,corrective,112.4
WO001239,M08A,2026-03-15 05:08:00,PM,117.5
WO001240,M23A,2026-01-06 02:05:00,calibration,18.5
WO001241,M19B,2026-03-14 20:30:00,PM,17.3
WO001242,M01A,2026-01-28 22:51:00,PM,50.8
WO001243,M05A,2026-01-17 17:27:00,PM,86.4
WO001244,M17A,2026-02-04 14:25:00,PM,48.6
WO001245,M05B,2026-02-02 03:12:00,corrective,38.9
WO001246,M19B,2026-09-08 22:14:00,corrective,26.1
WO001247,M21A,2026-03-22 21:59:00,inspection,63.1
WO001248,M20A,2026-08-18 04:28:00,PM,7.8
WO001249,M12B,2026-07-26 23:12:00,PM,31.5
WO001250,M18A,2026-03-15 07:24:00,calibration,85.8
WO001251,M25B,2026-01-09 09:33:00,inspection,46.7
WO001252,M06B,2026-06-21 09:53:00,calibration,33.8
WO001253,M08A,2026-08-12 23:50:00,PM,154.6
WO001254,M21A,2026-06-03 06:54:00,inspection,29.9
WO001255,M13A,2026-07-06 10:39:00,corrective,17.8
WO001256,M25B,2026-09-12 06:53:00,PM,17.0
WO001257,M18B,2026-04-16 19:15:00,PM,69.4
WO001258,M06A,2026-02-09 08:37:00,PM,64.3
WO001259,M08B,2026-03-04 02:07:00,PM,33.1
WO001260,M17B,2026-08-22 23:13:00,PM,21.6
WO001261,M04B,2026-04-06 18:37:00,inspection,29.1
WO001262,M07A,2026-05-18 22:07:00,PM,67.3
WO001263,M03B,2026-05-05 07:22:00,corrective,17.0
WO001264,M13B,2026-08-23 15:35:00,corrective,83.1
WO001265,M27B,2026-04-29 00:13:00,PM,103.8
WO001266,M08B,2026-03-03 02:30:00,corrective,25.8
WO001267,M06B,2026-10-21 08:59:00,PM,90.8
WO001268,M05A,2026-04-07 19:56:00,inspection,56.0
WO001269,M15A,2026-01-22 13:34:00,PM,30.6
WO001270,M26A,2026-06-24 23:47:00,corrective,15.1
WO001271,M11A,2026-05-10 10:44:00,corrective,43.4
WO001272,M14A,2026-03-17 19:57:00,inspection,22.3
WO001273,M04B,2026-10-07 20:52:00,PM,21.7
WO001274,M15A,2026-09-23 19:53:00,inspection,91.9
WO001275,M08B,2026-02-17 05:48:00,corrective,41.9
WO001276,M24A,2026-06-23 10:47:00,PM,70.9
WO001277,M01A,2026-07-06 06:20:00,corrective,49.5
WO001278,M18A,2026-04-23 21:21:00,PM,87.4
WO001279,M11B,2026-05-10 16:15:00,calibration,63.6
WO001280,M10A,2026-07-30 16:46:00,PM,47.5
WO001281,M25A,2026-01-12 08:10:00,PM,46.6
WO001282,M06A,2026-02-11 09:35:00,corrective,92.7
WO001283,M07A,2026-07-25 22:20:00,PM,38.6
WO001284,M09B,2026-01-21 15:28:00,calibration,109.3
WO001285,M08B,2026-08-05 23:00:00,PM,84.6
WO001286,M05A,2026-09-22 03:56:00,calibration,133.3
WO001287,M28A,2026-09-14 02:13:00,PM,44.5
WO001288,M05B,2026-05-04 08:42:00,PM,47.7
WO001289,M27A,2026-03-02 14:49:00,PM,71.6
WO001290,M05A,2026-02-23 04:43:00,PM,97.9
WO001291,M25A,2026-02-27 11:49:00,PM,29.0
WO001292,M04B,2026-04-27 22:49:00,corrective,36.1
WO001293,M02B,2026-07-01 09:05:00,PM,46.1
WO001294,M07A,2026-02-05 22:51:00,PM,53.0
WO001295,M17B,2026-08-05 06:54:00,calibration,39.9
WO001296,M23B,2026-08-22 01:15:00,corrective,32.9
WO001297,M01A,2026-02-01 00:45:00,inspection,95.5
WO001298,M02A,2026-05-03 09:10:00,PM,26.6
WO001299,M07B,2026-01-03 01:25:00,PM,71.2
WO001300,M14B,2026-04-05 08:50:00,PM,19.3
WO001301,M12A,2026-05-11 18:43:00,corrective,30.0
WO001302,M11A,2026-01-02 11:02:00,PM,56.0
WO001303,M26B,2026-10-15 20:19:00,PM,89.7
WO001304,M21B,2026-02-20 02:34:00,inspection,71.5
WO001305,M04A,2026-03-25 18:58:00,PM,174.0
WO001306,M21A,2026-06-13 04:30:00,calibration,23.3
WO001307,M06A,2026-04-10 03:06:00,PM,19.3
WO001308,M20A,2026-10-26 22:30:00,PM,158.2
WO001309,M19A,2026-03-31 15:56:00,PM,21.1
WO001310,M09B,2026-05-10 00:16:00,inspection,15.6
WO001311,M27A,2026-09-07 02:44:00,calibration,71.8
WO001312,M25A,2026-01-16 12:35:00,PM,39.3
WO001313,M24B,2026-02-05 02:57:00,inspection,39.7
WO001314,M28A,2026-09-01 15:38:00,PM,48.6
WO001315,M01B,2026-06-10 08:07:00,PM,97.1
WO001316,M01B,2026-01-17 21:46:00,corrective,19.2
WO001317,M04A,2026-06-29 17:23:00,PM,78.2
WO001318,M14B,2026-02-18 20:13:00,PM,98.7
WO001319,M01B,2026-09-20 21:43:00,inspection,66.2
WO001320,M16B,2026-08-23 06:13:00,corrective,81.8
WO001321,M28B,2026-04-28 23:35:00,PM,24.5
WO001322,M18B,2026-02-02 12:28:00,inspection,48.2
WO001323,M18B,2026-04-25 10:02:00,PM,101.1
WO001324,M19A,2026-02-01 13:59:00,calibration,30.7
WO001325,M06A,2026-02-25 00:09:00,inspection,93.3
WO001326,M21B,2026-10-14 17:05:00,PM,79.8
WO001327,M07B,2026-07-21 12:41:00,inspection,42.4
WO001328,M08A,2026-06-13 07:14:00,corrective,16.8
WO001329,M25A,2026-02-06 01:07:00,PM,58.5
WO001330,M19B,2026-09-08 22:27:00,inspection,253.9
WO001331,M21B,2026-10-06 07:11:00,corrective,41.8
WO001332,M11B,2026-04-16 21:49:00,PM,53.4
WO001333,M16B,2026-04-06 08:36:00,PM,135.4
WO001334,M17A,2026-03-13 18:27:00,PM,61.1
WO001335,M01A,2026-10-13 17:35:00,inspection,54.4
WO001336,M08B,2026-01-02 11:43:00,PM,51.1
WO001337,M08B,2026-09-16 01:04:00,PM,76.1
WO001338,M02B,2026-08-28 02:34:00,corrective,17.0
WO001339,M23B,2026-02-19 00:06:00,calibration,149.2
WO001340,M17B,2026-05-01 21:22:00,inspection,51.2
WO001341,M03A,2026-04-29 13:16:00,corrective,9.0
WO001342,M12B,2026-07-03 14:39:00,PM,23.7
WO001343,M06B,2026-09-26 04:32:00,PM,59.9
WO001344,M14A,2026-07-08 17:16:00,PM,8.9
WO001345,M07B,2026-07-29 13:22:00,PM,114.0
WO001346,M18A,2026-02-06 19:26:00,calibration,127.6
WO001347,M06B,2026-01-17 21:14:00,PM,64.9
WO001348,M19A,2026-07-04 19:11:00,PM,19.9
WO001349,M02B,2026-01-08 00:16:00,PM,62.7
WO001350,M02B,2026-10-10 05:30:00,PM,238.5
WO001351,M07B,2026-07-27 08:45:00,corrective,19.8
WO001352,M22B,2026-09-22 23:53:00,PM,38.4
WO001353,M15A,2026-06-02 05:49:00,PM,73.0
WO001354,M26B,2026-10-14 02:01:00,PM,123.8
WO001355,M20B,2026-03-13 17:18:00,inspection,48.5
WO001356,M26A,2026-04-11 01:38:00,corrective,47.7
WO001357,M07A,2026-06-27 23:32:00,calibration,134.8
WO001358,M27B,2026-07-23 03:33:00,PM,174.7
WO001359,M02A,2026-09-14 10:17:00,corrective,97.6
WO001360,M22A,2026-05-04 06:17:00,PM,54.4
WO001361,M23A,2026-08-20 15:18:00,PM,64.1
WO001362,M02B,2026-07-08 15:22:00,PM,57.7
WO001363,M22A,2026-06-25 10:45:00,PM,87.7
WO001364,M07A,2026-04-17 04:05:00,corrective,40.5
WO001365,M06A,2026-04-25 01:51:00,PM,76.0
WO001366,M19B,2026-01-11 07:46:00,inspection,149.4
WO001367,M05B,2026-10-22 12:10:00,calibration,43.3
WO001368,M03B,2026-05-21 16:07:00,PM,113.0
WO001369,M17B,2026-07-02 02:50:00,PM,58.0
WO001370,M22A,2026-08-30 20:54:00,calibration,10.3
WO001371,M21B,2026-09-26 23:04:00,PM,18.1
WO001372,M23B,2026-06-15 17:32:00,calibration,30.1
WO001373,M04A,2026-06-24 03:32:00,PM,62.8
WO001374,M05A,2026-01-20 15:13:00,PM,81.1
WO001375,M05B,2026-09-25 17:25:00,PM,7.6
WO001376,M12A,2026-01-30 19:16:00,PM,65.0
WO001377,M03A,2026-08-20 13:48:00,PM,43.3
WO001378,M11B,2026-04-26 15:16:00,corrective,57.5
WO001379,M07A,2026-09-26 02:52:00,PM,56.0
WO001380,M28A,2026-04-27 15:51:00,PM,97.4
WO001381,M04A,2026-09-02 07:41:00,calibration,55.8
WO001382,M03B,2026-04-09 21:36:00,PM,69.7
WO001383,M20A,2026-10-05 09:31:00,calibration,126.1
WO001384,M25B,2026-05-27 03:08:00,corrective,46.5
WO001385,M20A,2026-05-20 13:16:00,PM,53.8
WO001386,M04A,2026-10-10 23:19:00,calibration,28.7
WO001387,M03B,2026-08-29 22:05:00,PM,77.9
WO001388,M21A,2026-01-22 16:53:00,corrective,148.4
WO001389,M20B,2026-02-01 02:15:00,PM,41.4
WO001390,M23B,2026-09-22 09:11:00,PM,235.7
WO001391,M06A,2026-10-05 16:55:00,corrective,105.4
WO001392,M12A,2026-07-06 08:56:00,calibration,22.4
WO001393,M26B,2026-10-18 10:56:00,PM,46.4
WO001394,M12A,2026-09-23 13:02:00,PM,98.6
WO001395,M11B,2026-07-15 12:10:00,PM,40.9
WO001396,M23B,2026-09-03 13:22:00,calibration,85.9
WO001397,M11B,2026-01-05 17:46:00,inspection,72.6
WO001398,M25B,2026-08-06 17:40:00,inspection,44.1
WO001399,M23B,2026-04-13 11:22:00,PM,27.9
WO001400,M04B,2026-05-29 23:40:00,calibration,27.0
WO001401,M09B,2026-03-20 16:57:00,corrective,23.2
WO001402,M20A,2026-07-10 09:30:00,corrective,66.6
WO001403,M23A,2026-08-14 17:14:00,inspection,96.1
WO001404,M18B,2026-01-18 13:10:00,PM,37.4
WO001405,M24A,2026-01-24 01:37:00,PM,56.4
WO001406,M12B,2026-09-17 09:41:00,PM,39.5
WO001407,M19B,2026-02-01 07:10:00,calibration,71.5
WO001408,M13B,2026-06-14 01:26:00,PM,155.1
WO001409,M23A,2026-05-28 02:46:00,calibration,82.2
WO001410,M24A,2026-06-05 19:20:00,calibration,79.4
WO001411,M02A,2026-08-21 01:10:00,PM,81.1
WO001412,M11B,2026-06-18 09:08:00,PM,85.7
WO001413,M21A,2026-03-11 21:55:00,PM,30.4
WO001414,M26A,2026-09-28 22:31:00,inspection,57.6
WO001415,M21A,2026-01-13 15:40:00,inspection,123.5
WO001416,M02B,2026-04-08 22:03:00,corrective,112.0
WO001417,M28A,2026-05-07 06:08:00,inspection,122.7
WO001418,M07A,2026-06-27 18:41:00,PM,44.2
WO001419,M15A,2026-01-12 14:13:00,PM,5.0
WO001420,M14B,2026-10-27 02:19:00,PM,25.2
WO001421,M07B,2026-05-20 06:24:00,calibration,10.9
WO001422,M02B,2026-04-06 06:49:00,PM,68.3
WO001423,M19B,2026-08-23 21:50:00,calibration,68.9
WO001424,M22B,2026-10-25 02:00:00,inspection,67.4
WO001425,M08B,2026-02-12 09:45:00,PM,94.6
WO001426,M15A,2026-05-02 01:33:00,corrective,53.4
WO001427,M22B,2026-02-05 21:26:00,PM,47.5
WO001428,M08B,2026-03-31 17:49:00,corrective,30.6
WO001429,M20A,2026-08-31 10:22:00,PM,52.6
WO001430,M22B,2026-08-05 09:52:00,PM,10.8
WO001431,M11B,2026-08-27 14:35:00,PM,28.4
WO001432,M11A,2026-07-01 19:50:00,PM,100.5
WO001433,M08B,2026-10-07 12:45:00,PM,34.3
WO001434,M24A,2026-05-09 20:34:00,PM,22.3
WO001435,M06A,2026-07-17 03:03:00,PM,126.1
WO001436,M15A,2026-10-09 10:12:00,PM,5.0
WO001437,M15A,2026-07-27 03:04:00,corrective,132.3
WO001438,M02B,2026-01-11 13:00:00,PM,83.8
WO001439,M13A,2026-04-21 21:30:00,corrective,69.6
WO001440,M11B,2026-06-12 22:19:00,corrective,92.3
WO001441,M22B,2026-04-25 16:56:00,PM,20.2
WO001442,M06A,2026-06-05 09:39:00,corrective,62.8
WO001443,M28A,2026-03-04 15:04:00,calibration,114.7
WO001444,M11A,2026-03-06 19:43:00,PM,5.4
WO001445,M18A,2026-08-12 03:38:00,corrective,66.5
WO001446,M01B,2026-05-02 04:08:00,corrective,92.7
WO001447,M27A,2026-02-17 11:14:00,PM,25.1
WO001448,M24B,2026-08-26 18:09:00,corrective,40.6
WO001449,M19A,2026-01-20 17:33:00,inspection,29.6
WO001450,M28A,2026-07-01 07:48:00,PM,8.3
WO001451,M14B,2026-02-16 14:57:00,PM,226.7
WO001452,M26A,2026-06-27 06:36:00,PM,86.8
WO001453,M08B,2026-05-03 10:28:00,inspection,9.6
WO001454,M27B,2026-05-10 00:05:00,corrective,20.2
WO001455,M22A,2026-07-18 08:55:00,corrective,49.3
WO001456,M10A,2026-04-19 16:11:00,calibration,39.3
WO001457,M28A,2026-08-17 20:05:00,PM,22.6
WO001458,M06B,2026-05-11 21:18:00,corrective,67.1
WO001459,M27B,2026-10-08 04:53:00,corrective,51.6
WO001460,M27B,2026-10-23 00:05:00,corrective,35.0
WO001461,M24B,2026-02-27 16:42:00,calibration,70.2
WO001462,M16B,2026-09-11 09:38:00,calibration,59.4
WO001463,M23A,2026-09-28 15:52:00,PM,113.2
WO001464,M17A,2026-01-20 02:13:00,inspection,37.6
WO001465,M04B,2026-07-22 17:51:00,inspection,62.5
WO001466,M14A,2026-04-20 15:26:00,PM,34.4
WO001467,M04A,2026-01-03 00:40:00,PM,95.8
WO001468,M05B,2026-07-23 02:41:00,corrective,19.7
WO001469,M18A,2026-05-06 04:03:00,calibration,105.7
WO001470,M06B,2026-05-19 13:43:00,PM,33.3
WO001471,M28B,2026-09-09 09:53:00,PM,83.0
WO001472,M25B,2026-09-26 15:31:00,PM,88.5
WO001473,M22B,2026-02-23 05:33:00,inspection,53.0
WO001474,M05B,2026-03-31 10:32:00,PM,14.2
WO001475,M19B,2026-01-15 14:34:00,PM,65.1
WO001476,M16A,2026-05-22 17:56:00,calibration,199.2
WO001477,M11A,2026-03-20 01:48:00,PM,20.6
WO001478,M05A,2026-03-26 02:30:00,inspection,33.1
WO001479,M06B,2026-03-24 07:24:00,PM,54.7
WO001480,M06A,2026-03-28 06:44:00,inspection,60.3
WO001481,M21B,2026-06-04 11:19:00,corrective,79.1
WO001482,M26B,2026-04-02 18:03:00,corrective,37.0
WO001483,M18B,2026-09-18 11:49:00,PM,80.0
WO001484,M28B,2026-03-01 09:47:00,corrective,74.3
WO001485,M26A,2026-02-09 08:56:00,PM,19.8
WO001486,M21B,2026-05-15 05:33:00,inspection,15.7
WO001487,M08A,2026-07-06 05:24:00,calibration,54.6
WO001488,M11A,2026-02-05 15:37:00,PM,60.9
WO001489,M04A,2026-06-24 22:56:00,PM,41.3
WO001490,M18A,2026-02-14 04:55:00,PM,18.2
WO001491,M24A,2026-03-26 21:51:00,corrective,56.4
WO001492,M20B,2026-02-20 01:08:00,corrective,88.2
WO001493,M24A,2026-10-26 16:08:00,calibration,36.1
WO001494,M05A,2026-09-11 09:24:00,corrective,29.9
WO001495,M09B,2026-03-27 12:35:00,corrective,53.4
WO001496,M07B,2026-09-14 14:51:00,PM,34.5
WO001497,M21A,2026-01-18 06:34:00,corrective,47.6
WO001498,M17B,2026-10-07 04:51:00,PM,45.8
WO001499,M24A,2026-04-01 10:13:00,corrective,71.6
WO001500,M08A,2026-06-22 07:15:00,corrective,34.8
WO001501,M14A,2026-10-16 12:59:00,calibration,122.5
WO001502,M13B,2026-08-24 16:04:00,PM,16.4
WO001503,M04B,2026-10-01 03:48:00,PM,79.6
WO001504,M11A,2026-10-02 09:43:00,corrective,18.9
WO001505,M24B,2026-02-12 17:26:00,PM,29.7
WO001506,M06A,2026-06-27 23:59:00,PM,103.2
WO001507,M03B,2026-03-20 10:08:00,PM,26.1
WO001508,M03B,2026-10-24 10:45:00,corrective,79.4
WO001509,M06B,2026-05-03 16:19:00,PM,41.3
WO001510,M19B,2026-02-18 16:59:00,corrective,17.0
WO001511,M02B,2026-08-11 01:14:00,calibration,34.7
WO001512,M18B,2026-04-20 01:10:00,PM,34.5
WO001513,M12A,2026-10-08 22:57:00,PM,23.8
WO001514,M12B,2026-05-27 18:20:00,PM,106.7
WO001515,M11A,2026-04-03 17:40:00,corrective,148.2
WO001516,M11A,2026-10-13 15:43:00,calibration,17.1
WO001517,M26A,2026-09-19 09:58:00,PM,162.5
WO001518,M14B,2026-06-04 14:42:00,PM,11.9
WO001519,M23A,2026-09-22 15:01:00,corrective,24.9
WO001520,M05B,2026-05-14 00:12:00,PM,90.9
WO001521,M12A,2026-06-03 04:22:00,PM,69.0
WO001522,M05A,2026-07-05 06:06:00,PM,56.6
WO001523,M10B,2026-01-20 04:50:00,PM,39.0
WO001524,M27A,2026-07-27 04:10:00,PM,13.6
WO001525,M25A,2026-06-08 00:09:00,PM,38.7
WO001526,M17B,2026-03-03 03:50:00,calibration,69.4
WO001527,M26A,2026-09-08 08:23:00,PM,55.5
WO001528,M14A,2026-10-02 21:09:00,calibration,5.0
WO001529,M18B,2026-09-20 12:04:00,calibration,42.9
WO001530,M13B,2026-01-21 04:03:00,corrective,74.8
WO001531,M05A,2026-03-13 06:49:00,inspection,69.2
WO001532,M20A,2026-02-25 11:13:00,PM,47.2
WO001533,M18A,2026-09-23 11:58:00,PM,70.8
WO001534,M19B,2026-08-23 07:55:00,PM,62.2
WO001535,M01B,2026-02-04 02:09:00,calibration,60.3
WO001536,M28A,2026-10-14 06:44:00,calibration,18.3
WO001537,M08A,2026-09-05 13:52:00,inspection,79.1
WO001538,M17A,2026-05-26 08:33:00,PM,148.7
WO001539,M27B,2026-07-19 05:15:00,PM,41.0
WO001540,M23A,2026-08-10 18:02:00,calibration,9.4
WO001541,M10A,2026-05-02 22:59:00,PM,88.0
WO001542,M09B,2026-10-09 18:02:00,inspection,63.8
WO001543,M17B,2026-06-30 05:05:00,inspection,24.8
WO001544,M21A,2026-01-06 02:02:00,corrective,65.6
WO001545,M24A,2026-06-27 05:38:00,corrective,5.5
WO001546,M02A,2026-05-14 05:22:00,calibration,41.4
WO001547,M18A,2026-06-14 00:16:00,PM,93.9
WO001548,M01B,2026-01-23 08:49:00,corrective,51.2
WO001549,M03A,2026-04-09 20:02:00,corrective,61.9
WO001550,M18A,2026-05-06 12:23:00,corrective,81.1
WO001551,M13B,2026-05-26 05:01:00,PM,86.9
WO001552,M08A,2026-08-20 03:39:00,inspection,115.4
WO001553,M19B,2026-08-26 22:01:00,calibration,20.0
WO001554,M23B,2026-03-09 07:22:00,corrective,35.9
WO001555,M02A,2026-07-07 15:21:00,PM,55.9
WO001556,M05A,2026-01-21 08:28:00,calibration,95.5
WO001557,M11A,2026-03-10 18:21:00,corrective,39.8
WO001558,M14A,2026-05-17 11:24:00,corrective,70.8
WO001559,M26B,2026-10-15 09:00:00,calibration,60.7
WO001560,M25B,2026-09-12 22:51:00,PM,5.0
WO001561,M03B,2026-10-03 01:22:00,PM,60.3
WO001562,M25A,2026-06-18 18:59:00,calibration,18.2
WO001563,M20A,2026-09-16 13:04:00,corrective,42.5
WO001564,M19A,2026-06-26 02:08:00,PM,86.0
WO001565,M28B,2026-07-19 06:28:00,calibration,47.6
WO001566,M14A,2026-08-23 10:52:00,PM,131.1
WO001567,M28A,2026-10-23 03:30:00,PM,19.1
WO001568,M14B,2026-08-18 07:33:00,inspection,46.3
WO001569,M14B,2026-01-23 10:11:00,corrective,119.3
WO001570,M24A,2026-06-26 14:17:00,inspection,162.5
WO001571,M27B,2026-03-12 12:29:00,PM,78.7
WO001572,M28A,2026-09-16 04:52:00,calibration,46.1
WO001573,M01B,2026-05-25 10:44:00,PM,38.5
WO001574,M04B,2026-08-24 02:58:00,PM,77.4
WO001575,M15B,2026-01-27 12:16:00,inspection,121.8
WO001576,M25B,2026-04-18 00:37:00,corrective,84.5
WO001577,M15A,2026-06-04 16:03:00,PM,7.9
WO001578,M03A,2026-07-09 01:16:00,inspection,64.0
WO001579,M17A,2026-03-08 16:46:00,calibration,152.9
WO001580,M08A,2026-05-27 14:58:00,PM,136.5
WO001581,M13B,2026-08-13 13:39:00,inspection,59.6
WO001582,M19A,2026-03-14 21:57:00,PM,73.3
WO001583,M23B,2026-05-16 01:49:00,PM,69.1
WO001584,M02A,2026-08-10 21:39:00,PM,84.0
WO001585,M12A,2026-03-26 03:28:00,calibration,80.4
WO001586,M05A,2026-07-22 10:11:00,PM,104.9
WO001587,M24A,2026-03-28 21:27:00,calibration,44.7
WO001588,M01B,2026-05-11 07:28:00,PM,56.7
WO001589,M22B,2026-04-27 11:04:00,calibration,80.1
WO001590,M23B,2026-02-20 10:35:00,PM,23.4
WO001591,M20A,2026-10-06 15:00:00,corrective,34.6
WO001592,M14B,2026-04-25 08:23:00,calibration,85.9
WO001593,M02B,2026-04-16 03:44:00,corrective,39.9
WO001594,M04A,2026-10-24 02:44:00,PM,7.5
WO001595,M26A,2026-04-03 12:43:00,PM,49.5
WO001596,M21B,2026-01-25 16:37:00,PM,90.5
WO001597,M28A,2026-05-16 20:11:00,PM,183.5
WO001598,M09A,2026-04-06 17:20:00,inspection,71.5
WO001599,M09B,2026-06-02 16:09:00,corrective,68.3
WO001600,M18B,2026-02-09 08:20:00,PM,38.7
WO001601,M11A,2026-08-12 01:31:00,calibration,12.2
WO001602,M09B,2026-05-01 20:44:00,calibration,53.8
WO001603,M24A,2026-05-11 10:42:00,PM,42.5
WO001604,M19A,2026-09-12 11:03:00,calibration,32.8
WO001605,M05A,2026-09-12 22:46:00,PM,113.3
WO001606,M21B,2026-04-04 19:02:00,corrective,129.5
WO001607,M04B,2026-07-04 23:46:00,PM,28.8
WO001608,M19B,2026-06-10 09:52:00,PM,67.2
WO001609,M17B,2026-03-20 02:32:00,corrective,79.1
WO001610,M06A,2026-09-22 17:37:00,PM,171.1
WO001611,M19B,2026-02-22 23:29:00,PM,37.3
WO001612,M21B,2026-09-15 05:25:00,PM,130.1
WO001613,M11B,2026-01-30 05:16:00,PM,88.3
WO001614,M26A,2026-05-28 18:14:00,PM,46.2
WO001615,M28B,2026-02-17 10:21:00,calibration,77.0
WO001616,M27B,2026-09-06 16:03:00,PM,6.9
WO001617,M21A,2026-05-21 00:28:00,PM,30.5
WO001618,M26A,2026-08-30 20:48:00,PM,115.6
WO001619,M18A,2026-03-24 06:54:00,PM,26.4
WO001620,M16B,2026-04-14 22:35:00,corrective,82.0
WO001621,M19B,2026-06-24 05:13:00,calibration,49.3
WO001622,M16B,2026-07-10 02:13:00,inspection,34.8
WO001623,M06B,2026-05-28 13:17:00,calibration,125.2
WO001624,M28A,2026-09-02 08:46:00,PM,14.4
WO001625,M06B,2026-09-11 22:11:00,PM,86.1
WO001626,M03A,2026-02-28 15:08:00,PM,64.1
WO001627,M02A,2026-08-05 21:47:00,PM,103.2
WO001628,M22B,2026-02-06 14:53:00,PM,5.6
WO001629,M25B,2026-08-12 01:08:00,corrective,68.8
WO001630,M26A,2026-06-25 07:47:00,calibration,73.6
WO001631,M17A,2026-10-03 12:52:00,corrective,32.3
WO001632,M22A,2026-08-21 19:46:00,calibration,31.5
WO001633,M27A,2026-05-20 08:21:00,corrective,37.4
WO001634,M27B,2026-05-20 23:22:00,corrective,15.0
WO001635,M11B,2026-07-25 13:23:00,corrective,30.8
WO001636,M02A,2026-01-01 13:22:00,PM,146.9
WO001637,M22B,2026-09-27 08:03:00,PM,65.7
WO001638,M24A,2026-09-10 22:27:00,inspection,42.2
WO001639,M14B,2026-05-21 00:13:00,calibration,136.1
WO001640,M01A,2026-01-28 13:54:00,PM,29.7
WO001641,M06B,2026-07-30 01:26:00,PM,31.5
WO001642,M18A,2026-06-05 05:55:00,PM,93.6
WO001643,M10A,2026-02-07 07:29:00,PM,74.6
WO001644,M17A,2026-05-15 18:02:00,PM,28.1
WO001645,M06B,2026-06-16 22:42:00,PM,185.3
WO001646,M26B,2026-10-24 06:40:00,corrective,39.8
WO001647,M18A,2026-02-17 06:13:00,PM,81.4
WO001648,M20A,2026-03-05 21:14:00,PM,21.5
WO001649,M10A,2026-10-10 22:27:00,inspection,44.3
WO001650,M04B,2026-04-28 07:17:00,calibration,35.1
WO001651,M27B,2026-01-10 09:29:00,PM,64.3
WO001652,M26B,2026-05-30 01:53:00,PM,36.8
WO001653,M24B,2026-04-02 05:16:00,corrective,46.0
WO001654,M04A,2026-03-31 22:24:00,PM,51.2
WO001655,M05A,2026-06-10 02:21:00,corrective,31.0
WO001656,M21B,2026-08-31 17:21:00,PM,173.7
WO001657,M22B,2026-07-28 06:44:00,calibration,47.2
WO001658,M12A,2026-02-28 04:38:00,corrective,43.0
WO001659,M28B,2026-07-22 08:13:00,PM,34.0
WO001660,M18A,2026-10-25 07:59:00,calibration,62.1
WO001661,M17B,2026-01-28 12:35:00,PM,41.8
WO001662,M19B,2026-08-19 14:58:00,PM,70.2
WO001663,M18A,2026-04-16 16:57:00,corrective,163.1
WO001664,M24B,2026-06-25 22:10:00,calibration,36.9
WO001665,M02A,2026-06-14 11:00:00,PM,13.4
WO001666,M13B,2026-04-10 23:13:00,corrective,16.4
WO001667,M21A,2026-08-02 14:19:00,PM,130.8
WO001668,M07B,2026-10-10 04:34:00,corrective,55.8
WO001669,M23B,2026-10-13 15:34:00,PM,26.6
WO001670,M11A,2026-05-18 06:23:00,PM,28.9
WO001671,M06B,2026-04-30 06:15:00,PM,44.9
WO001672,M26B,2026-08-05 08:11:00,PM,114.0
WO001673,M05A,2026-10-11 13:45:00,PM,44.9
WO001674,M07B,2026-07-19 01:19:00,calibration,69.1
WO001675,M05A,2026-07-13 18:44:00,corrective,188.3
WO001676,M10B,2026-05-27 15:21:00,corrective,108.4
WO001677,M16B,2026-10-05 07:29:00,PM,92.4
WO001678,M04A,2026-06-26 15:01:00,inspection,102.1
WO001679,M08A,2026-05-19 18:03:00,corrective,64.3
WO001680,M16A,2026-10-05 04:43:00,corrective,87.1
WO001681,M06B,2026-01-27 00:55:00,PM,17.0
WO001682,M25A,2026-07-21 06:21:00,corrective,16.3
WO001683,M12B,2026-08-08 14:53:00,PM,54.7
WO001684,M28A,2026-05-08 10:06:00,calibration,40.9
WO001685,M07A,2026-03-16 19:05:00,PM,45.7
WO001686,M01B,2026-01-05 20:55:00,PM,50.0
WO001687,M15B,2026-06-11 22:31:00,calibration,33.1
WO001688,M23A,2026-05-22 06:35:00,corrective,6.5
WO001689,M28A,2026-07-03 05:26:00,calibration,51.5
WO001690,M08A,2026-07-30 17:40:00,corrective,56.7
WO001691,M12B,2026-05-29 17:18:00,PM,36.4
WO001692,M19A,2026-06-05 15:55:00,corrective,5.0
WO001693,M11A,2026-04-03 04:55:00,inspection,26.8
WO001694,M19A,2026-04-09 19:04:00,corrective,45.4
WO001695,M19A,2026-06-10 01:47:00,inspection,68.8
WO001696,M05B,2026-10-13 12:19:00,PM,27.9
WO001697,M14A,2026-07-05 11:14:00,corrective,74.6
WO001698,M01B,2026-01-21 01:38:00,PM,27.9
WO001699,M09B,2026-10-14 21:34:00,PM,54.9
WO001700,M17A,2026-07-13 10:01:00,corrective,9.7
WO001701,M20B,2026-08-01 17:55:00,PM,104.1
WO001702,M01B,2026-06-05 09:10:00,PM,44.2
WO001703,M05B,2026-04-18 17:39:00,calibration,122.1
WO001704,M13A,2026-06-14 01:03:00,PM,27.2
WO001705,M10A,2026-05-08 02:01:00,inspection,45.3
WO001706,M26B,2026-01-10 12:39:00,PM,43.1
WO001707,M08B,2026-01-06 20:57:00,PM,9.3
WO001708,M02A,2026-10-17 00:12:00,PM,13.3
WO001709,M02B,2026-03-21 11:12:00,PM,45.4
WO001710,M25A,2026-03-20 13:55:00,corrective,79.9
WO001711,M19A,2026-09-14 19:12:00,corrective,51.9
WO001712,M23A,2026-02-04 08:46:00,PM,5.0
WO001713,M21A,2026-01-03 20:37:00,corrective,32.6
WO001714,M14A,2026-04-20 22:52:00,inspection,92.5
WO001715,M20A,2026-06-25 06:28:00,PM,23.3
WO001716,M01A,2026-03-01 17:01:00,inspection,10.6
WO001717,M20B,2026-08-25 12:28:00,calibration,13.0
WO001718,M04B,2026-07-25 21:30:00,corrective,17.6
WO001719,M10A,2026-08-27 00:36:00,PM,74.8
WO001720,M02A,2026-08-18 03:52:00,PM,6.5
WO001721,M07B,2026-06-10 20:01:00,PM,38.5
WO001722,M28A,2026-07-04 08:50:00,corrective,33.5
WO001723,M17B,2026-04-08 02:41:00,inspection,17.2
WO001724,M08B,2026-03-21 23:18:00,inspection,22.7
WO001725,M11B,2026-06-04 01:56:00,corrective,102.0
WO001726,M23B,2026-09-08 02:34:00,PM,103.5
WO001727,M11A,2026-02-15 09:12:00,calibration,59.1
WO001728,M21B,2026-02-10 02:15:00,calibration,14.9
WO001729,M18B,2026-09-26 23:25:00,PM,59.0
WO001730,M12B,2026-08-02 06:01:00,inspection,165.1
WO001731,M11B,2026-09-11 06:58:00,PM,12.9
WO001732,M18B,2026-01-12 07:18:00,corrective,56.7
WO001733,M03A,2026-04-14 18:12:00,inspection,56.3
WO001734,M01A,2026-10-24 15:04:00,PM,16.4
WO001735,M13B,2026-10-11 13:03:00,corrective,65.0
WO001736,M07B,2026-06-28 00:19:00,PM,40.8
WO001737,M12A,2026-08-04 02:20:00,PM,73.7
WO001738,M14B,2026-02-04 17:27:00,PM,175.5
WO001739,M14B,2026-03-14 09:12:00,corrective,23.4
WO001740,M18A,2026-04-06 02:41:00,PM,23.7
WO001741,M26B,2026-04-02 13:13:00,corrective,69.8
WO001742,M20A,2026-10-16 22:25:00,inspection,48.4
WO001743,M22B,2026-02-04 07:23:00,PM,35.1
WO001744,M10A,2026-02-26 00:09:00,PM,112.6
WO001745,M07B,2026-07-23 05:17:00,corrective,65.6
WO001746,M17A,2026-01-03 22:36:00,PM,55.7
WO001747,M18B,2026-07-11 09:03:00,PM,41.1
WO001748,M22A,2026-04-01 20:33:00,PM,117.7
WO001749,M01A,2026-01-18 21:50:00,calibration,35.0
WO001750,M17A,2026-09-02 23:59:00,corrective,55.8
WO001751,M22A,2026-05-18 11:26:00,PM,53.6
WO001752,M21A,2026-02-23 01:59:00,corrective,38.3
WO001753,M02B,2026-05-03 22:07:00,PM,45.3
WO001754,M10A,2026-09-01 17:04:00,inspection,59.2
WO001755,M11B,2026-09-05 20:42:00,corrective,58.8
WO001756,M18B,2026-08-29 06:29:00,corrective,17.4
WO001757,M08A,2026-06-26 03:04:00,inspection,33.0
WO001758,M24B,2026-02-25 15:41:00,PM,5.0
WO001759,M24B,2026-05-08 19:18:00,corrective,37.4
WO001760,M22B,2026-04-04 15:42:00,corrective,34.0
WO001761,M26A,2026-07-21 10:21:00,calibration,119.5
WO001762,M26B,2026-08-11 04:57:00,corrective,36.5
WO001763,M27A,2026-01-22 12:10:00,PM,107.0
WO001764,M05B,2026-06-22 05:02:00,PM,21.8
WO001765,M26B,2026-08-04 02:59:00,PM,31.7
WO001766,M08B,2026-10-20 14:45:00,inspection,12.2
WO001767,M17B,2026-06-17 15:37:00,PM,56.4
WO001768,M07A,2026-03-14 04:59:00,PM,27.8
WO001769,M10B,2026-10-14 17:11:00,calibration,79.7
WO001770,M19B,2026-06-16 20:58:00,PM,50.2
WO001771,M18B,2026-09-17 08:19:00,corrective,86.1
WO001772,M02B,2026-04-15 22:28:00,inspection,77.0
WO001773,M06B,2026-10-27 17:46:00,PM,30.2
WO001774,M14B,2026-06-09 04:32:00,corrective,38.6
WO001775,M21A,2026-04-28 09:32:00,calibration,63.0
WO001776,M09B,2026-10-10 08:02:00,corrective,145.6
WO001777,M23A,2026-09-06 14:34:00,corrective,65.1
WO001778,M20A,2026-05-02 12:10:00,corrective,19.6
WO001779,M23B,2026-02-23 18:55:00,PM,56.4
WO001780,M12A,2026-04-23 22:21:00,inspection,75.4
WO001781,M25A,2026-01-05 05:18:00,inspection,35.3
WO001782,M22B,2026-05-02 01:13:00,corrective,100.5
WO001783,M17A,2026-07-01 00:48:00,PM,38.7
WO001784,M11A,2026-10-27 21:23:00,PM,30.2
WO001785,M25A,2026-10-19 03:06:00,inspection,142.5
WO001786,M27B,2026-08-06 00:27:00,calibration,89.9
WO001787,M06B,2026-06-25 17:19:00,PM,81.0
WO001788,M11A,2026-10-03 00:41:00,calibration,15.0
WO001789,M10A,2026-10-17 01:54:00,inspection,52.3
WO001790,M11A,2026-04-15 09:24:00,PM,27.0
WO001791,M27B,2026-08-22 19:00:00,PM,67.9
WO001792,M14B,2026-07-04 11:54:00,PM,59.7
WO001793,M03A,2026-03-16 05:09:00,inspection,95.5
WO001794,M05A,2026-03-14 14:38:00,corrective,148.0
WO001795,M16B,2026-08-24 03:09:00,corrective,33.0
WO001796,M03A,2026-08-15 17:24:00,PM,84.9
WO001797,M01A,2026-05-28 16:19:00,corrective,35.4
WO001798,M20B,2026-04-11 09:16:00,PM,26.8
WO001799,M12A,2026-01-11 01:40:00,calibration,35.1
WO001800,M17A,2026-09-20 06:07:00,inspection,41.1
WO001801,M07A,2026-04-01 22:43:00,PM,54.4
WO001802,M27B,2026-10-20 15:12:00,PM,21.4
WO001803,M24A,2026-08-30 18:02:00,calibration,34.0
WO001804,M02A,2026-07-13 07:50:00,corrective,72.7
WO001805,M10B,2026-03-12 18:22:00,corrective,62.8
WO001806,M10A,2026-09-06 05:29:00,inspection,78.4
WO001807,M24B,2026-07-10 06:21:00,PM,51.9
WO001808,M05A,2026-07-25 17:49:00,PM,43.4
WO001809,M14A,2026-01-11 06:36:00,PM,29.4
WO001810,M12A,2026-04-18 00:37:00,PM,38.0
WO001811,M02B,2026-04-22 07:55:00,PM,116.6
WO001812,M07B,2026-01-09 17:50:00,PM,94.4
WO001813,M25B,2026-07-23 08:06:00,PM,52.2
WO001814,M21B,2026-03-19 19:51:00,corrective,39.5
WO001815,M25B,2026-02-22 05:59:00,corrective,186.5
WO001816,M20A,2026-03-01 23:40:00,corrective,27.2
WO001817,M13A,2026-02-14 16:42:00,PM,15.2
WO001818,M14A,2026-09-29 04:55:00,PM,95.4
WO001819,M19A,2026-07-06 15:08:00,inspection,55.6
WO001820,M05B,2026-02-18 12:22:00,corrective,155.5
WO001821,M28A,2026-10-01 23:59:00,corrective,47.9
WO001822,M03A,2026-01-30 16:12:00,PM,42.8
WO001823,M28A,2026-03-07 14:36:00,PM,121.1
WO001824,M24A,2026-06-09 07:56:00,PM,50.5
WO001825,M07A,2026-01-22 20:59:00,PM,241.3
WO001826,M07B,2026-10-13 12:46:00,inspection,90.0
WO001827,M11A,2026-07-27 12:42:00,PM,68.2
WO001828,M13A,2026-03-10 03:16:00,corrective,13.0
WO001829,M18A,2026-02-08 13:07:00,PM,59.0
WO001830,M17A,2026-09-01 08:34:00,PM,9.9
WO001831,M20A,2026-08-28 22:11:00,PM,23.6
WO001832,M28A,2026-08-15 15:31:00,corrective,127.0
WO001833,M03B,2026-04-01 13:49:00,PM,46.4
WO001834,M28B,2026-03-17 19:23:00,inspection,85.3
WO001835,M08A,2026-07-31 11:58:00,corrective,44.2
WO001836,M28B,2026-07-23 17:07:00,inspection,14.3
WO001837,M18B,2026-10-02 16:46:00,inspection,108.7
WO001838,M22B,2026-09-19 12:44:00,corrective,55.3
WO001839,M24B,2026-04-26 21:55:00,inspection,32.1
WO001840,M16A,2026-02-28 17:30:00,PM,52.1
WO001841,M28B,2026-02-03 18:55:00,PM,33.9
WO001842,M13B,2026-02-22 22:04:00,PM,53.3
WO001843,M11A,2026-05-11 06:51:00,corrective,20.9
WO001844,M23B,2026-05-02 03:41:00,PM,37.1
WO001845,M03B,2026-08-27 04:31:00,inspection,35.7
WO001846,M26B,2026-08-25 21:40:00,corrective,26.5
WO001847,M03A,2026-06-30 13:07:00,corrective,53.3
WO001848,M01B,2026-09-06 01:55:00,inspection,68.2
WO001849,M16A,2026-07-11 19:04:00,PM,19.8
WO001850,M27A,2026-08-10 16:26:00,PM,161.1
WO001851,M14A,2026-07-24 20:42:00,corrective,49.2
WO001852,M17B,2026-08-10 03:50:00,PM,19.3
WO001853,M08B,2026-06-18 18:46:00,PM,28.2
WO001854,M13B,2026-03-08 13:21:00,inspection,231.0
WO001855,M12A,2026-07-25 03:50:00,PM,132.0
WO001856,M23B,2026-10-27 14:08:00,PM,88.1
WO001857,M01A,2026-03-31 15:25:00,PM,51.1
WO001858,M28A,2026-06-25 10:56:00,PM,106.1
WO001859,M12A,2026-01-13 19:31:00,corrective,21.4
WO001860,M16B,2026-08-08 20:50:00,PM,53.7
WO001861,M11B,2026-08-05 19:22:00,corrective,59.2
WO001862,M20B,2026-08-06 12:05:00,PM,43.8
WO001863,M23A,2026-09-02 23:29:00,PM,42.9
WO001864,M15B,2026-09-23 19:30:00,PM,45.5
WO001865,M27B,2026-06-29 15:24:00,PM,62.4
WO001866,M13A,2026-06-23 20:04:00,PM,81.6
WO001867,M08B,2026-08-06 07:50:00,calibration,15.2
WO001868,M15A,2026-04-20 12:59:00,inspection,67.2
WO001869,M13B,2026-03-27 00:09:00,calibration,93.4
WO001870,M28B,2026-05-13 03:51:00,PM,68.9
WO001871,M19A,2026-01-16 15:02:00,PM,101.0
WO001872,M09A,2026-09-05 03:52:00,corrective,108.9
WO001873,M16B,2026-04-19 02:24:00,corrective,54.8
WO001874,M01A,2026-04-06 16:39:00,PM,46.2
WO001875,M15A,2026-08-07 18:43:00,corrective,34.9
WO001876,M19B,2026-03-27 01:37:00,inspection,81.9
WO001877,M06A,2026-02-12 13:18:00,corrective,92.2
WO001878,M15B,2026-04-27 21:52:00,PM,69.9
WO001879,M08B,2026-03-22 09:17:00,PM,13.4
WO001880,M18A,2026-07-11 03:20:00,calibration,17.4
WO001881,M23B,2026-02-18 19:46:00,PM,33.5
WO001882,M21B,2026-06-21 09:04:00,corrective,81.2
WO001883,M11B,2026-06-30 10:55:00,PM,25.7
WO001884,M08A,2026-10-16 05:28:00,corrective,27.3
WO001885,M19B,2026-08-31 00:15:00,corrective,100.0
WO001886,M28A,2026-08-15 06:39:00,corrective,56.0
WO001887,M11A,2026-07-08 05:45:00,inspection,87.5
WO001888,M17B,2026-09-01 08:33:00,PM,65.1
WO001889,M14B,2026-02-20 08:11:00,calibration,81.6
WO001890,M26B,2026-02-24 17:49:00,corrective,33.6
WO001891,M22B,2026-02-25 11:18:00,PM,66.6
WO001892,M27A,2026-05-07 00:21:00,PM,62.6
WO001893,M24B,2026-09-01 02:13:00,inspection,93.5
WO001894,M10A,2026-05-04 09:36:00,inspection,133.4
WO001895,M09A,2026-01-15 08:15:00,PM,20.2
WO001896,M08A,2026-10-07 12:39:00,PM,54.3
WO001897,M14B,2026-04-04 17:32:00,corrective,40.5
WO001898,M24B,2026-03-05 20:30:00,PM,82.4
WO001899,M18B,2026-02-13 19:53:00,inspection,127.4
WO001900,M17A,2026-05-28 07:48:00,PM,24.8
WO001901,M26A,2026-08-12 23:39:00,corrective,122.1
WO001902,M11A,2026-03-11 15:00:00,inspection,44.4
WO001903,M13A,2026-06-17 02:20:00,calibration,32.8
WO001904,M04A,2026-03-22 04:08:00,inspection,157.5
WO001905,M22A,2026-06-21 02:59:00,PM,47.7
WO001906,M25A,2026-10-04 08:23:00,calibration,69.3
WO001907,M26B,2026-05-14 03:34:00,calibration,22.3
WO001908,M20B,2026-03-24 17:25:00,inspection,84.9
WO001909,M09A,2026-03-31 15:15:00,calibration,37.3
WO001910,M10A,2026-07-05 17:32:00,PM,13.9
WO001911,M20A,2026-06-19 20:18:00,PM,231.6
WO001912,M28A,2026-05-13 19:23:00,calibration,27.0
WO001913,M15A,2026-04-09 16:56:00,PM,61.5
WO001914,M03A,2026-07-18 05:13:00,PM,33.8
WO001915,M04A,2026-08-25 08:47:00,calibration,42.5
WO001916,M24A,2026-07-26 00:56:00,corrective,124.5
WO001917,M26B,2026-07-03 19:49:00,PM,88.8
WO001918,M15B,2026-09-17 19:11:00,calibration,81.5
WO001919,M28B,2026-01-07 11:51:00,corrective,60.5
WO001920,M07A,2026-03-18 03:25:00,corrective,32.2
WO001921,M28B,2026-05-30 08:45:00,calibration,31.9
WO001922,M08A,2026-05-23 06:05:00,inspection,24.2
WO001923,M10A,2026-08-30 22:29:00,PM,51.5
WO001924,M20B,2026-04-12 06:30:00,PM,45.1
WO001925,M06A,2026-06-10 02:54:00,PM,35.8
WO001926,M12B,2026-08-31 21:07:00,corrective,65.7
WO001927,M24B,2026-02-01 05:13:00,PM,51.2
WO001928,M01A,2026-04-18 09:51:00,PM,41.1
WO001929,M16B,2026-06-05 07:53:00,PM,55.2
WO001930,M26B,2026-04-02 19:03:00,corrective,24.7
WO001931,M25A,2026-07-03 19:44:00,corrective,42.3
WO001932,M22A,2026-05-13 11:00:00,PM,12.6
WO001933,M17B,2026-10-25 00:35:00,calibration,61.0
WO001934,M03B,2026-07-31 17:31:00,corrective,25.4
WO001935,M04B,2026-03-19 23:02:00,PM,81.8
WO001936,M16B,2026-08-15 21:51:00,PM,82.4
WO001937,M25A,2026-05-25 19:18:00,corrective,86.2
WO001938,M10A,2026-07-26 22:17:00,corrective,89.3
WO001939,M27B,2026-09-18 06:02:00,PM,49.9
WO001940,M04A,2026-03-18 19:00:00,inspection,64.6
WO001941,M23B,2026-04-06 02:01:00,corrective,46.9
WO001942,M15A,2026-06-14 05:31:00,PM,36.2
WO001943,M02A,2026-04-14 00:04:00,inspection,212.6
WO001944,M13B,2026-10-21 12:23:00,PM,53.7
WO001945,M18A,2026-01-04 10:16:00,PM,146.8
WO001946,M13B,2026-03-18 00:44:00,PM,64.9
WO001947,M23A,2026-03-30 02:30:00,corrective,54.9
WO001948,M01A,2026-03-08 14:31:00,PM,39.7
WO001949,M25B,2026-05-08 19:53:00,corrective,51.4
WO001950,M15A,2026-03-22 05:39:00,PM,65.7
WO001951,M24B,2026-08-01 06:42:00,PM,31.3
WO001952,M23A,2026-04-27 19:01:00,PM,91.9
WO001953,M25B,2026-01-30 17:09:00,inspection,82.5
WO001954,M23A,2026-04-04 04:12:00,inspection,23.2
WO001955,M02B,2026-09-22 05:52:00,PM,65.9
WO001956,M06A,2026-04-03 02:17:00,PM,133.5
WO001957,M04B,2026-02-28 05:06:00,corrective,24.8
WO001958,M24B,2026-06-01 09:31:00,PM,119.0
WO001959,M25A,2026-01-31 03:29:00,corrective,100.2
WO001960,M08B,2026-09-21 20:21:00,PM,78.5
WO001961,M21A,2026-06-15 15:09:00,inspection,32.8
WO001962,M14B,2026-09-01 02:27:00,PM,15.2
WO001963,M25A,2026-10-04 10:22:00,PM,150.0
WO001964,M10B,2026-06-21 07:31:00,corrective,83.1
WO001965,M03A,2026-04-10 06:22:00,inspection,45.0
WO001966,M02B,2026-04-24 20:47:00,corrective,44.6
WO001967,M02B,2026-08-05 16:39:00,PM,168.1
WO001968,M27A,2026-04-06 02:30:00,PM,72.5
WO001969,M12B,2026-05-06 20:57:00,inspection,28.8
WO001970,M22A,2026-10-26 20:31:00,calibration,80.3
WO001971,M23B,2026-02-28 13:25:00,PM,54.2
WO001972,M02B,2026-04-25 09:14:00,corrective,75.3
WO001973,M08A,2026-10-10 11:34:00,corrective,50.4
WO001974,M11B,2026-01-21 01:56:00,corrective,5.0
WO001975,M20B,2026-01-09 10:12:00,PM,5.0
WO001976,M14A,2026-05-05 17:51:00,PM,8.5
WO001977,M08A,2026-09-23 02:32:00,PM,58.3
WO001978,M21A,2026-07-29 21:04:00,PM,39.1
WO001979,M17A,2026-04-16 16:16:00,PM,45.9
WO001980,M22B,2026-03-24 07:58:00,PM,173.4
WO001981,M05B,2026-03-11 18:05:00,corrective,18.4
WO001982,M25A,2026-03-18 01:14:00,calibration,47.8
WO001983,M22A,2026-03-20 17:46:00,PM,108.2
WO001984,M21A,2026-09-15 01:37:00,PM,28.1
WO001985,M20B,2026-08-22 01:34:00,inspection,42.2
WO001986,M11B,2026-04-20 17:59:00,inspection,23.6
WO001987,M10A,2026-07-10 19:41:00,inspection,30.1
WO001988,M04B,2026-01-08 08:53:00,calibration,28.2
WO001989,M19B,2026-07-31 22:36:00,inspection,54.6
WO001990,M02B,2026-09-11 18:57:00,corrective,12.0
WO001991,M19B,2026-05-08 04:05:00,PM,73.6
WO001992,M05A,2026-10-20 16:01:00,PM,53.6
WO001993,M23B,2026-05-01 18:39:00,corrective,91.2
WO001994,M06B,2026-03-04 12:52:00,corrective,30.0
WO001995,M23A,2026-03-10 14:56:00,calibration,105.6
WO001996,M01A,2026-04-18 16:49:00,inspection,55.2
WO001997,M05A,2026-02-01 18:48:00,inspection,98.4
WO001998,M05A,2026-08-15 19:04:00,corrective,76.8
WO001999,M20A,2026-01-05 22:09:00,corrective,125.8
WO002000,M02A,2026-01-18 10:26:00,PM,168.8
WO002001,M11A,2026-02-21 04:59:00,PM,43.1
WO002002,M26B,2026-07-04 13:53:00,inspection,80.1
WO002003,M11B,2026-08-14 12:17:00,calibration,57.1
WO002004,M27A,2026-01-17 16:01:00,PM,26.4
WO002005,M16B,2026-01-17 12:48:00,PM,17.9
WO002006,M23B,2026-02-02 02:47:00,PM,86.3
WO002007,M05A,2026-01-22 11:35:00,corrective,57.9
WO002008,M15A,2026-03-23 10:34:00,PM,27.6
WO002009,M02A,2026-07-13 18:36:00,inspection,14.9
WO002010,M03B,2026-10-09 23:57:00,PM,25.5
WO002011,M12A,2026-02-15 00:06:00,calibration,28.3
WO002012,M12A,2026-06-18 15:48:00,calibration,37.2
WO002013,M05B,2026-04-07 04:15:00,calibration,52.3
WO002014,M20B,2026-05-05 13:54:00,PM,47.2
WO002015,M07B,2026-05-25 03:46:00,PM,35.6
WO002016,M15A,2026-08-25 18:52:00,corrective,32.6
WO002017,M25A,2026-01-01 19:09:00,corrective,27.9
WO002018,M03B,2026-03-04 23:17:00,corrective,39.2
WO002019,M09B,2026-09-25 12:01:00,corrective,41.0
WO002020,M18B,2026-02-20 13:44:00,corrective,77.9
WO002021,M02A,2026-07-31 07:05:00,PM,145.9
WO002022,M06A,2026-06-03 17:32:00,PM,55.9
WO002023,M23A,2026-03-06 07:00:00,PM,113.8
WO002024,M11B,2026-03-06 02:20:00,PM,76.9
WO002025,M13A,2026-02-19 16:28:00,PM,46.7
WO002026,M07A,2026-02-26 21:23:00,PM,26.4
WO002027,M13B,2026-03-25 15:53:00,inspection,94.0
WO002028,M27A,2026-10-19 06:28:00,inspection,48.2
WO002029,M15A,2026-09-11 07:33:00,calibration,15.5
WO002030,M16A,2026-01-20 00:53:00,PM,20.7
WO002031,M20B,2026-03-11 00:56:00,PM,58.2
WO002032,M15A,2026-01-10 18:26:00,inspection,21.3
WO002033,M04A,2026-09-01 15:48:00,calibration,78.8
WO002034,M14A,2026-01-21 07:35:00,PM,10.0
WO002035,M18B,2026-09-30 14:14:00,PM,50.0
WO002036,M13B,2026-07-02 05:25:00,inspection,128.9
WO002037,M21B,2026-08-05 12:47:00,calibration,52.0
WO002038,M01A,2026-01-02 17:08:00,PM,78.0
WO002039,M28A,2026-02-12 18:30:00,PM,72.9
WO002040,M25A,2026-02-09 15:28:00,calibration,23.7
WO002041,M26B,2026-09-06 16:02:00,corrective,16.8
WO002042,M05A,2026-08-09 03:50:00,calibration,127.6
WO002043,M02B,2026-09-11 21:12:00,PM,52.0
WO002044,M02B,2026-08-14 15:23:00,PM,40.7
WO002045,M05A,2026-06-22 09:45:00,corrective,91.0
WO002046,M23A,2026-02-12 07:20:00,inspection,101.3
WO002047,M15B,2026-08-19 16:05:00,calibration,41.2
WO002048,M16B,2026-01-30 11:18:00,PM,23.5
WO002049,M28A,2026-04-06 14:54:00,PM,133.4
WO002050,M27B,2026-03-18 06:34:00,PM,7.0
WO002051,M03B,2026-04-28 00:24:00,PM,72.7
WO002052,M24B,2026-03-01 20:42:00,PM,54.5
WO002053,M01A,2026-08-05 12:05:00,PM,26.9
WO002054,M12B,2026-08-16 03:37:00,calibration,66.0
WO002055,M13B,2026-10-04 18:41:00,PM,73.6
WO002056,M14B,2026-01-08 02:29:00,PM,68.5
WO002057,M01A,2026-03-03 15:11:00,corrective,67.7
WO002058,M17A,2026-04-02 17:35:00,PM,89.8
WO002059,M10B,2026-08-17 21:11:00,corrective,21.1
WO002060,M12A,2026-07-04 02:00:00,PM,14.1
WO002061,M10A,2026-07-23 19:23:00,corrective,54.7
WO002062,M19A,2026-07-25 07:47:00,corrective,37.4
WO002063,M28A,2026-04-06 04:56:00,PM,139.3
WO002064,M09B,2026-07-24 04:30:00,corrective,101.7
WO002065,M14B,2026-02-11 17:05:00,PM,88.0
WO002066,M03B,2026-05-20 05:41:00,PM,159.1
WO002067,M23B,2026-07-06 09:30:00,corrective,45.5
WO002068,M27A,2026-05-10 15:22:00,corrective,79.2
WO002069,M21A,2026-02-20 23:53:00,calibration,33.4
WO002070,M19B,2026-01-07 06:51:00,corrective,29.0
WO002071,M13A,2026-03-13 15:20:00,PM,17.4
WO002072,M20B,2026-07-05 08:24:00,calibration,56.7
WO002073,M11A,2026-01-11 22:41:00,corrective,30.6
WO002074,M03A,2026-03-08 03:57:00,corrective,16.1
WO002075,M28A,2026-07-15 18:18:00,PM,107.2
WO002076,M12A,2026-04-16 00:37:00,corrective,21.2
WO002077,M04B,2026-06-03 18:46:00,PM,105.2
WO002078,M02B,2026-04-07 21:32:00,PM,46.6
WO002079,M14A,2026-06-30 09:14:00,PM,23.8
WO002080,M27A,2026-10-03 18:44:00,corrective,65.7
WO002081,M26A,2026-10-01 17:56:00,calibration,161.0
WO002082,M22A,2026-01-07 04:35:00,PM,68.9
WO002083,M19B,2026-03-26 13:57:00,calibration,26.5
WO002084,M06B,2026-04-03 02:04:00,inspection,31.2
WO002085,M14B,2026-02-21 18:25:00,corrective,99.6
WO002086,M25A,2026-02-03 23:44:00,PM,23.9
WO002087,M21A,2026-08-01 04:48:00,corrective,27.1
WO002088,M28A,2026-08-01 12:16:00,corrective,78.5
WO002089,M20B,2026-08-12 16:34:00,corrective,110.8
WO002090,M01B,2026-04-17 23:12:00,PM,129.7
WO002091,M05A,2026-05-02 21:30:00,corrective,28.0
WO002092,M28B,2026-01-03 13:22:00,PM,24.6
WO002093,M17A,2026-02-19 02:56:00,corrective,149.5
WO002094,M21B,2026-03-22 16:06:00,inspection,113.1
WO002095,M14B,2026-04-25 15:27:00,calibration,6.0
WO002096,M26B,2026-09-08 14:36:00,calibration,43.5
WO002097,M07B,2026-10-16 10:19:00,corrective,35.5
WO002098,M25B,2026-10-09 19:17:00,PM,124.2
WO002099,M19B,2026-07-14 12:13:00,corrective,78.1
WO002100,M27B,2026-03-22 09:35:00,PM,21.4
WO002101,M28A,2026-08-14 07:27:00,PM,85.6
WO002102,M04A,2026-10-15 11:35:00,PM,121.6
WO002103,M03B,2026-02-22 05:30:00,PM,78.8
WO002104,M14B,2026-07-06 02:50:00,PM,60.0
WO002105,M17B,2026-06-21 07:56:00,PM,104.0
WO002106,M12B,2026-10-26 20:26:00,inspection,7.8
WO002107,M14B,2026-05-14 02:13:00,PM,31.2
WO002108,M06B,2026-07-18 16:16:00,PM,5.0
WO002109,M05A,2026-04-29 13:03:00,PM,53.1
WO002110,M04A,2026-06-28 17:39:00,inspection,202.6
WO002111,M01B,2026-06-29 16:17:00,inspection,35.9
WO002112,M14A,2026-05-07 20:14:00,PM,63.6
WO002113,M28A,2026-08-04 19:43:00,PM,88.2
WO002114,M26B,2026-05-21 09:57:00,PM,84.9
WO002115,M09B,2026-07-14 17:04:00,inspection,67.8
WO002116,M21A,2026-05-04 21:03:00,inspection,30.1
WO002117,M20A,2026-01-03 02:35:00,calibration,266.0
WO002118,M28A,2026-10-27 22:41:00,corrective,10.4
WO002119,M21B,2026-10-15 23:13:00,corrective,10.0
WO002120,M13A,2026-01-26 12:24:00,inspection,34.2
WO002121,M20A,2026-10-06 05:48:00,PM,78.7
WO002122,M08A,2026-02-02 15:15:00,calibration,37.2
WO002123,M27A,2026-01-23 11:52:00,PM,6.9
WO002124,M17A,2026-04-25 15:56:00,inspection,97.9
WO002125,M16A,2026-05-26 10:07:00,corrective,111.2
WO002126,M05A,2026-03-02 08:39:00,inspection,41.3
WO002127,M13B,2026-07-21 07:28:00,PM,100.4
WO002128,M07A,2026-06-30 23:59:00,PM,108.3
WO002129,M16A,2026-07-23 05:03:00,PM,56.7
WO002130,M28A,2026-06-07 18:37:00,PM,27.6
WO002131,M25A,2026-07-23 16:16:00,corrective,116.4
WO002132,M27A,2026-07-04 09:43:00,PM,31.3
WO002133,M23B,2026-02-03 08:25:00,calibration,8.3
WO002134,M08A,2026-02-12 03:01:00,corrective,24.0
WO002135,M20A,2026-02-04 22:27:00,PM,78.8
WO002136,M07A,2026-10-05 23:47:00,inspection,129.6
WO002137,M06A,2026-03-28 23:21:00,PM,106.8
WO002138,M05A,2026-05-05 20:01:00,calibration,42.3
WO002139,M13B,2026-07-30 00:08:00,PM,51.4
WO002140,M24A,2026-02-17 10:54:00,inspection,16.9
WO002141,M06B,2026-09-06 10:08:00,corrective,148.5
WO002142,M17A,2026-09-26 05:30:00,PM,71.5
WO002143,M16B,2026-02-22 13:33:00,corrective,9.8
WO002144,M21B,2026-01-01 09:48:00,PM,49.6
WO002145,M04B,2026-04-05 02:15:00,corrective,83.1
WO002146,M27A,2026-02-25 08:54:00,PM,34.9
WO002147,M11B,2026-01-27 01:06:00,corrective,133.1
WO002148,M11B,2026-05-04 12:36:00,PM,12.9
WO002149,M20A,2026-03-20 16:55:00,calibration,72.0
WO002150,M05B,2026-05-13 07:50:00,calibration,320.7
WO002151,M23A,2026-04-01 18:31:00,corrective,40.1
WO002152,M27A,2026-06-17 18:18:00,calibration,123.6
WO002153,M16A,2026-05-09 22:58:00,PM,40.5
WO002154,M09B,2026-05-15 08:13:00,corrective,33.3
WO002155,M23B,2026-10-07 08:38:00,calibration,54.6
WO002156,M15B,2026-01-11 22:52:00,PM,27.0
WO002157,M06A,2026-07-10 12:01:00,PM,75.2
WO002158,M24A,2026-09-13 01:08:00,PM,60.9
WO002159,M07B,2026-04-04 15:07:00,PM,94.8
WO002160,M18A,2026-06-25 17:37:00,corrective,76.9
WO002161,M17B,2026-10-15 03:04:00,corrective,29.9
WO002162,M17A,2026-04-12 06:55:00,PM,34.9
WO002163,M17A,2026-02-06 08:28:00,PM,116.1
WO002164,M01B,2026-07-21 00:26:00,PM,17.6
WO002165,M13A,2026-08-07 08:10:00,PM,83.8
WO002166,M24B,2026-07-08 04:07:00,PM,54.1
WO002167,M11B,2026-05-29 03:43:00,PM,45.5
WO002168,M04A,2026-03-03 09:25:00,PM,24.5
WO002169,M17B,2026-10-17 21:31:00,PM,157.2
WO002170,M12B,2026-05-08 20:03:00,PM,66.5
WO002171,M05B,2026-09-26 20:16:00,PM,49.1
WO002172,M08A,2026-07-13 13:05:00,inspection,49.4
WO002173,M04A,2026-01-06 17:17:00,PM,109.7
WO002174,M27B,2026-09-30 13:45:00,corrective,26.5
WO002175,M01A,2026-05-23 00:13:00,PM,104.2
WO002176,M14A,2026-08-06 10:21:00,inspection,35.6
WO002177,M14A,2026-09-06 03:31:00,calibration,10.8
WO002178,M24B,2026-08-24 17:20:00,PM,118.0
WO002179,M11A,2026-04-05 02:59:00,inspection,20.6
WO002180,M15B,2026-05-02 05:20:00,PM,45.8
WO002181,M02B,2026-06-17 06:59:00,inspection,19.9
WO002182,M24B,2026-09-17 19:35:00,PM,161.3
WO002183,M07A,2026-04-18 00:02:00,PM,98.3
WO002184,M15B,2026-03-09 07:55:00,PM,149.8
WO002185,M14B,2026-02-03 06:33:00,PM,46.9
WO002186,M19A,2026-02-04 09:30:00,corrective,26.7
WO002187,M05B,2026-09-03 02:10:00,PM,24.5
WO002188,M02A,2026-05-03 07:27:00,PM,238.0
WO002189,M19B,2026-06-06 11:11:00,PM,25.9
WO002190,M28A,2026-04-30 14:30:00,calibration,162.2
WO002191,M18A,2026-06-14 18:55:00,inspection,110.0
WO002192,M24A,2026-04-07 20:36:00,inspection,12.8
WO002193,M15A,2026-07-06 21:05:00,PM,42.1
WO002194,M19A,2026-04-02 18:10:00,calibration,45.0
WO002195,M03A,2026-04-07 17:28:00,PM,46.0
WO002196,M02B,2026-07-17 00:17:00,PM,105.5
WO002197,M12B,2026-01-31 06:12:00,inspection,60.8
WO002198,M20A,2026-06-22 16:25:00,calibration,25.1
WO002199,M07A,2026-10-24 09:11:00,PM,23.2
WO002200,M11B,2026-06-10 17:21:00,inspection,5.0
WO002201,M01A,2026-03-13 21:08:00,calibration,47.5
WO002202,M17A,2026-06-04 06:06:00,calibration,61.0
WO002203,M20B,2026-07-17 18:07:00,corrective,24.9
WO002204,M27A,2026-04-07 10:17:00,inspection,54.9
WO002205,M18A,2026-09-08 22:21:00,corrective,24.4
WO002206,M21A,2026-09-22 18:29:00,corrective,42.4
WO002207,M08B,2026-07-27 19:38:00,PM,79.7
WO002208,M15A,2026-01-29 08:18:00,corrective,32.1
WO002209,M28A,2026-10-14 21:06:00,corrective,203.5
WO002210,M19A,2026-01-23 15:05:00,PM,99.5
WO002211,M08A,2026-09-25 13:13:00,corrective,15.7
WO002212,M01A,2026-04-02 19:16:00,calibration,32.4
WO002213,M18B,2026-08-29 20:50:00,calibration,44.6
WO002214,M10B,2026-05-10 19:02:00,PM,102.1
WO002215,M07A,2026-09-13 07:12:00,PM,187.7
WO002216,M28A,2026-06-09 20:03:00,corrective,37.6
WO002217,M14A,2026-01-28 23:07:00,PM,54.9
WO002218,M26A,2026-07-19 03:55:00,PM,94.8
WO002219,M08A,2026-06-26 06:42:00,PM,58.5
WO002220,M28B,2026-05-04 11:09:00,PM,143.3
WO002221,M12B,2026-05-31 08:47:00,PM,82.0
WO002222,M27A,2026-05-11 10:54:00,calibration,5.0
WO002223,M11A,2026-01-07 09:31:00,corrective,43.7
WO002224,M12A,2026-04-18 16:13:00,PM,88.3
WO002225,M14B,2026-08-28 23:41:00,corrective,78.0
WO002226,M19B,2026-06-11 01:44:00,calibration,123.0
WO002227,M26B,2026-05-22 20:11:00,inspection,67.0
WO002228,M20B,2026-05-20 13:26:00,inspection,164.8
WO002229,M15A,2026-01-19 16:48:00,calibration,82.3
WO002230,M28A,2026-06-13 01:30:00,PM,40.7
WO002231,M08B,2026-05-18 23:37:00,corrective,24.5
WO002232,M19A,2026-02-27 03:35:00,inspection,59.5
WO002233,M02A,2026-04-30 15:19:00,inspection,31.7
WO002234,M05B,2026-09-12 04:55:00,calibration,26.9
WO002235,M01A,2026-07-05 06:38:00,calibration,93.3
WO002236,M17B,2026-07-04 15:08:00,calibration,56.0
WO002237,M08B,2026-01-26 05:12:00,calibration,69.3
WO002238,M06B,2026-02-08 18:01:00,corrective,103.5
WO002239,M08A,2026-10-17 19:33:00,inspection,40.7
WO002240,M18B,2026-08-16 19:48:00,calibration,133.9
WO002241,M15B,2026-07-24 18:00:00,calibration,35.3
WO002242,M14A,2026-03-31 04:20:00,calibration,75.0
WO002243,M27B,2026-08-21 02:44:00,inspection,16.8
WO002244,M19A,2026-05-18 00:02:00,calibration,86.6
WO002245,M07B,2026-03-14 05:42:00,calibration,65.8
WO002246,M13A,2026-01-23 17:15:00,PM,60.9
WO002247,M17B,2026-03-14 16:27:00,PM,101.8
WO002248,M21A,2026-05-01 04:50:00,corrective,21.5
WO002249,M16A,2026-06-12 21:06:00,calibration,71.8
WO002250,M20B,2026-07-29 23:48:00,inspection,18.1
WO002251,M12A,2026-04-02 08:44:00,corrective,54.2
WO002252,M08A,2026-07-17 14:48:00,corrective,26.8
WO002253,M20B,2026-07-05 09:05:00,corrective,63.0
WO002254,M18A,2026-05-23 14:17:00,inspection,73.9
WO002255,M05B,2026-01-01 18:40:00,corrective,45.2
WO002256,M13A,2026-05-15 07:46:00,inspection,16.4
WO002257,M13B,2026-10-23 19:20:00,corrective,64.7
WO002258,M04A,2026-07-21 18:37:00,corrective,29.8
WO002259,M07B,2026-04-04 13:32:00,corrective,137.8
WO002260,M07B,2026-05-30 15:57:00,PM,41.9
WO002261,M28A,2026-06-14 08:43:00,PM,94.8
WO002262,M03A,2026-07-02 09:04:00,PM,8.1
WO002263,M28B,2026-01-31 10:16:00,corrective,80.1
WO002264,M01A,2026-06-11 09:15:00,corrective,103.0
WO002265,M04A,2026-06-13 00:18:00,corrective,37.1
WO002266,M14A,2026-06-16 02:40:00,PM,76.3
WO002267,M03B,2026-08-07 16:40:00,PM,79.3
WO002268,M16A,2026-04-02 10:25:00,PM,94.3
WO002269,M02A,2026-04-25 00:16:00,calibration,5.0
WO002270,M20A,2026-04-27 11:11:00,corrective,134.3
WO002271,M07A,2026-10-23 01:49:00,corrective,17.8
WO002272,M20A,2026-07-06 10:34:00,corrective,49.8
WO002273,M01A,2026-02-22 11:45:00,inspection,214.3
WO002274,M24A,2026-03-04 06:12:00,PM,25.7
WO002275,M16B,2026-05-16 01:58:00,calibration,100.5
WO002276,M26B,2026-09-09 02:47:00,corrective,42.6
WO002277,M06B,2026-01-27 22:51:00,PM,64.1
WO002278,M04B,2026-01-19 03:24:00,PM,63.7
WO002279,M14A,2026-02-14 18:12:00,corrective,15.5
WO002280,M05A,2026-05-03 05:07:00,PM,26.4
WO002281,M25B,2026-06-01 06:42:00,corrective,22.0
WO002282,M20A,2026-07-14 22:40:00,PM,138.9
WO002283,M22B,2026-10-23 17:31:00,calibration,27.7
WO002284,M09A,2026-05-22 00:27:00,PM,39.1
WO002285,M01A,2026-08-06 05:16:00,PM,154.2
WO002286,M20B,2026-06-28 18:47:00,PM,31.2
WO002287,M23A,2026-07-23 21:15:00,inspection,48.0
WO002288,M20B,2026-08-17 02:30:00,inspection,29.5
WO002289,M15B,2026-03-30 20:05:00,corrective,75.2
WO002290,M06B,2026-01-17 20:07:00,PM,70.5
WO002291,M10B,2026-02-06 21:53:00,PM,90.7
WO002292,M23A,2026-08-08 20:06:00,PM,119.9
WO002293,M14A,2026-01-22 10:17:00,PM,100.0
WO002294,M20A,2026-02-12 06:53:00,inspection,138.4
WO002295,M11A,2026-09-11 12:13:00,PM,24.8
WO002296,M16A,2026-02-15 19:53:00,PM,58.2
WO002297,M11B,2026-10-19 18:11:00,PM,139.9
WO002298,M08A,2026-02-17 20:25:00,PM,24.2
WO002299,M03A,2026-07-07 17:21:00,PM,55.4
WO002300,M17A,2026-08-24 11:39:00,inspection,55.1
WO002301,M26B,2026-09-12 19:50:00,corrective,18.2
WO002302,M21B,2026-01-21 16:37:00,PM,31.2
WO002303,M25B,2026-09-05 10:12:00,corrective,155.9
WO002304,M02A,2026-07-23 15:54:00,corrective,19.2
WO002305,M28B,2026-03-25 09:59:00,corrective,17.5
WO002306,M14A,2026-08-08 20:22:00,inspection,22.1
WO002307,M15A,2026-09-09 05:36:00,PM,42.1
WO002308,M24B,2026-01-02 00:15:00,calibration,134.9
WO002309,M09B,2026-05-22 21:41:00,corrective,51.7
WO002310,M06B,2026-06-02 03:00:00,calibration,45.1
WO002311,M02B,2026-02-01 02:31:00,inspection,105.4
WO002312,M05B,2026-04-30 10:13:00,corrective,5.0
WO002313,M04B,2026-09-29 14:03:00,corrective,80.3
WO002314,M14B,2026-03-07 19:45:00,PM,95.1
WO002315,M27B,2026-09-05 12:04:00,PM,56.0
WO002316,M05A,2026-05-29 18:23:00,inspection,38.0
WO002317,M20B,2026-06-10 13:33:00,PM,74.8
WO002318,M28A,2026-08-18 14:25:00,calibration,41.6
WO002319,M05B,2026-10-23 08:35:00,PM,63.7
WO002320,M19B,2026-05-05 17:52:00,PM,11.3
WO002321,M04A,2026-05-15 06:37:00,corrective,71.6
WO002322,M24A,2026-09-18 15:45:00,corrective,187.9
WO002323,M12B,2026-09-21 01:37:00,PM,36.4
WO002324,M28B,2026-06-25 17:39:00,inspection,48.3
WO002325,M04B,2026-04-19 09:07:00,calibration,40.9
WO002326,M22B,2026-05-08 19:03:00,calibration,24.8
WO002327,M17B,2026-05-04 21:05:00,PM,88.8
WO002328,M11A,2026-02-23 15:50:00,PM,23.5
WO002329,M08B,2026-06-22 15:55:00,PM,48.5
WO002330,M28A,2026-01-21 18:15:00,PM,39.2
WO002331,M26A,2026-07-20 00:49:00,PM,93.8
WO002332,M22A,2026-05-31 22:11:00,PM,39.0
WO002333,M21B,2026-09-06 04:02:00,calibration,60.0
WO002334,M23B,2026-10-09 02:43:00,PM,40.7
WO002335,M10A,2026-08-27 23:22:00,calibration,161.9
WO002336,M04A,2026-03-10 09:33:00,corrective,71.6
WO002337,M10A,2026-05-11 03:35:00,PM,80.0
WO002338,M13B,2026-07-14 03:00:00,PM,36.5
WO002339,M24B,2026-03-11 04:24:00,PM,11.6
WO002340,M16A,2026-03-27 17:29:00,PM,28.5
WO002341,M23A,2026-08-27 17:31:00,PM,128.1
WO002342,M20B,2026-04-23 05:24:00,PM,5.0
WO002343,M03A,2026-05-11 20:57:00,calibration,80.3
WO002344,M12A,2026-01-02 04:51:00,PM,39.3
WO002345,M06A,2026-06-10 12:34:00,PM,79.6
WO002346,M24A,2026-10-26 11:47:00,inspection,33.1
WO002347,M03B,2026-07-10 16:21:00,calibration,74.6
WO002348,M12B,2026-02-16 10:13:00,corrective,24.3
WO002349,M04A,2026-08-06 06:06:00,PM,62.8
WO002350,M09A,2026-05-18 10:29:00,corrective,115.1
WO002351,M01B,2026-07-28 06:11:00,corrective,30.3
WO002352,M11B,2026-02-08 08:02:00,PM,120.0
WO002353,M05B,2026-04-28 17:55:00,PM,68.3
WO002354,M02A,2026-04-08 09:09:00,PM,45.5
WO002355,M19B,2026-01-19 05:34:00,corrective,17.6
WO002356,M10B,2026-05-31 00:04:00,corrective,11.7
WO002357,M07A,2026-10-26 00:01:00,PM,7.9
WO002358,M07B,2026-03-27 13:53:00,inspection,88.9
WO002359,M14B,2026-08-28 18:34:00,PM,122.6
WO002360,M19A,2026-09-17 03:10:00,corrective,71.8
WO002361,M09B,2026-05-10 12:36:00,corrective,130.3
WO002362,M03B,2026-02-13 13:36:00,PM,71.0
WO002363,M25B,2026-06-29 14:46:00,corrective,62.8
WO002364,M12B,2026-05-03 02:52:00,corrective,145.6
WO002365,M06A,2026-04-01 20:57:00,corrective,33.1
WO002366,M23B,2026-09-16 05:19:00,inspection,23.9
WO002367,M17B,2026-07-29 04:13:00,PM,126.8
WO002368,M25A,2026-04-13 05:23:00,calibration,29.5
WO002369,M01A,2026-01-19 17:23:00,PM,81.6
WO002370,M17B,2026-04-01 11:12:00,calibration,52.0
WO002371,M08B,2026-05-17 03:56:00,PM,59.3
WO002372,M22A,2026-09-24 02:47:00,calibration,190.4
WO002373,M19B,2026-06-27 23:58:00,PM,111.7
WO002374,M05A,2026-09-17 13:14:00,corrective,62.1
WO002375,M20B,2026-02-01 22:34:00,inspection,53.6
WO002376,M04A,2026-10-27 15:08:00,inspection,70.9
WO002377,M03A,2026-07-12 10:19:00,inspection,14.3
WO002378,M24B,2026-08-10 04:28:00,PM,29.1
WO002379,M16B,2026-06-10 11:28:00,PM,33.3
WO002380,M10B,2026-09-12 19:30:00,PM,35.7
WO002381,M26B,2026-05-15 18:14:00,PM,84.7
WO002382,M18B,2026-05-11 06:02:00,corrective,86.4
WO002383,M28B,2026-09-19 11:58:00,PM,74.0
WO002384,M02B,2026-01-25 04:35:00,inspection,138.0
WO002385,M01A,2026-06-22 20:28:00,PM,20.6
WO002386,M05A,2026-01-12 09:09:00,PM,86.7
WO002387,M22A,2026-04-19 13:25:00,PM,11.9
WO002388,M25B,2026-07-18 08:20:00,PM,59.2
WO002389,M06B,2026-06-14 14:11:00,calibration,33.0
WO002390,M18A,2026-03-10 08:13:00,corrective,19.4
WO002391,M15A,2026-08-25 11:25:00,calibration,38.4
WO002392,M20B,2026-05-26 21:36:00,PM,5.0
WO002393,M14A,2026-09-01 14:47:00,corrective,18.6
WO002394,M16A,2026-05-28 21:31:00,PM,16.0
WO002395,M05B,2026-07-31 06:01:00,PM,27.8
WO002396,M22A,2026-03-28 04:53:00,inspection,45.5
WO002397,M04A,2026-07-15 00:13:00,PM,64.4
WO002398,M26A,2026-05-02 08:51:00,PM,109.4
WO002399,M14B,2026-08-04 09:04:00,PM,133.6
WO002400,M12A,2026-09-04 09:09:00,corrective,87.3
WO002401,M15B,2026-07-19 20:21:00,inspection,104.4
WO002402,M04B,2026-07-07 18:45:00,PM,49.4
WO002403,M07A,2026-09-30 20:06:00,calibration,103.1
WO002404,M25B,2026-03-29 22:08:00,calibration,58.4
WO002405,M16A,2026-03-12 13:56:00,calibration,91.9
WO002406,M02B,2026-06-01 13:04:00,inspection,26.6
WO002407,M07A,2026-07-27 22:11:00,PM,77.2
WO002408,M13B,2026-03-30 23:16:00,PM,211.6
WO002409,M20A,2026-02-17 06:13:00,corrective,70.9
WO002410,M03B,2026-06-15 23:35:00,calibration,62.9
WO002411,M08A,2026-01-07 15:40:00,calibration,47.4
WO002412,M14B,2026-10-01 10:45:00,PM,63.1
WO002413,M09B,2026-08-18 18:52:00,PM,16.0
WO002414,M13B,2026-01-08 16:55:00,PM,149.6
WO002415,M20B,2026-02-14 05:10:00,PM,8.8
WO002416,M27B,2026-08-16 02:05:00,corrective,22.7
WO002417,M28A,2026-09-08 15:38:00,PM,10.8
WO002418,M14B,2026-04-19 06:03:00,PM,154.8
WO002419,M13A,2026-03-25 15:31:00,calibration,53.9
WO002420,M27A,2026-10-03 19:23:00,calibration,17.5
WO002421,M11B,2026-07-26 01:50:00,PM,97.0
WO002422,M03B,2026-04-23 12:51:00,inspection,8.0
WO002423,M27A,2026-09-14 13:04:00,inspection,121.0
WO002424,M22A,2026-05-28 18:20:00,calibration,19.8
WO002425,M24B,2026-10-25 13:37:00,corrective,109.5
WO002426,M14B,2026-09-09 15:06:00,corrective,112.7
WO002427,M27A,2026-04-07 05:08:00,inspection,89.1
WO002428,M04A,2026-01-06 11:21:00,PM,57.7
WO002429,M12A,2026-09-19 03:37:00,PM,68.8
WO002430,M26A,2026-10-16 03:50:00,inspection,18.4
WO002431,M25A,2026-04-21 06:58:00,inspection,100.6
WO002432,M05A,2026-01-06 07:32:00,PM,53.8
WO002433,M12B,2026-02-07 01:36:00,calibration,17.7
WO002434,M08B,2026-06-03 02:02:00,corrective,23.7
WO002435,M14B,2026-08-11 23:44:00,calibration,33.9
WO002436,M18B,2026-04-18 08:03:00,inspection,41.7
WO002437,M09A,2026-09-12 08:48:00,PM,16.5
WO002438,M12B,2026-08-06 04:29:00,calibration,90.0
WO002439,M19A,2026-05-07 06:32:00,inspection,19.9
WO002440,M04B,2026-02-02 20:59:00,PM,179.2
WO002441,M24A,2026-08-02 05:46:00,PM,227.4
WO002442,M08A,2026-07-05 17:40:00,PM,62.3
WO002443,M13A,2026-05-19 08:02:00,corrective,74.4
WO002444,M18A,2026-07-27 18:43:00,PM,131.6
WO002445,M03B,2026-04-27 13:44:00,inspection,42.7
WO002446,M18A,2026-07-28 00:04:00,inspection,81.4
WO002447,M02B,2026-06-09 00:04:00,corrective,9.4
WO002448,M23B,2026-06-25 01:30:00,corrective,54.7
WO002449,M08A,2026-10-03 03:23:00,inspection,17.9
WO002450,M19A,2026-06-27 23:25:00,inspection,84.3
WO002451,M26B,2026-02-06 21:10:00,PM,92.2
WO002452,M02B,2026-04-10 11:56:00,PM,79.5
WO002453,M13B,2026-04-24 08:59:00,inspection,20.8
WO002454,M15B,2026-02-18 17:16:00,inspection,39.1
WO002455,M19B,2026-09-11 05:17:00,PM,100.3
WO002456,M27B,2026-10-27 03:10:00,PM,17.3
WO002457,M18B,2026-04-19 16:24:00,corrective,9.5
WO002458,M22B,2026-09-04 01:18:00,corrective,17.6
WO002459,M15B,2026-02-25 22:09:00,PM,77.0
WO002460,M26B,2026-03-08 07:34:00,PM,87.7
WO002461,M18B,2026-07-23 00:31:00,PM,46.8
WO002462,M19A,2026-05-30 23:01:00,corrective,29.5
WO002463,M21A,2026-05-24 07:47:00,PM,181.5
WO002464,M06A,2026-08-09 04:43:00,PM,25.4
WO002465,M08A,2026-04-02 03:25:00,PM,174.2
WO002466,M24B,2026-07-04 18:44:00,PM,45.6
WO002467,M05B,2026-04-19 09:39:00,PM,42.7
WO002468,M14B,2026-03-26 02:21:00,PM,41.8
WO002469,M22A,2026-04-17 01:50:00,inspection,15.7
WO002470,M02B,2026-04-13 11:41:00,inspection,41.7
WO002471,M28A,2026-09-12 05:50:00,PM,34.3
WO002472,M20B,2026-08-05 23:47:00,PM,94.7
WO002473,M03A,2026-03-11 15:52:00,calibration,74.6
WO002474,M04A,2026-05-03 18:54:00,inspection,19.5
WO002475,M25A,2026-01-19 14:02:00,PM,29.3
WO002476,M11A,2026-06-04 22:44:00,corrective,89.5
WO002477,M19A,2026-02-01 17:32:00,PM,51.4
WO002478,M26B,2026-02-20 20:21:00,inspection,38.1
WO002479,M21A,2026-01-07 12:51:00,PM,32.0
WO002480,M17B,2026-05-11 16:57:00,calibration,14.6
WO002481,M13A,2026-05-03 23:55:00,calibration,34.1
WO002482,M13A,2026-04-15 00:37:00,PM,106.0
WO002483,M23A,2026-01-16 22:44:00,PM,17.1
WO002484,M18A,2026-01-12 17:55:00,PM,97.9
WO002485,M20B,2026-01-06 00:58:00,corrective,45.9
WO002486,M25B,2026-01-24 08:30:00,corrective,26.9
WO002487,M03B,2026-09-18 10:09:00,PM,94.4
WO002488,M26A,2026-01-04 07:23:00,calibration,133.1
WO002489,M16B,2026-09-27 18:10:00,calibration,76.8
WO002490,M04A,2026-01-03 20:48:00,corrective,82.1
WO002491,M01B,2026-03-22 03:30:00,corrective,110.9
WO002492,M13A,2026-05-04 08:17:00,calibration,19.1
WO002493,M19A,2026-08-20 00:46:00,inspection,5.0
WO002494,M25B,2026-03-22 14:59:00,corrective,62.3
WO002495,M21B,2026-10-09 16:59:00,PM,29.0
WO002496,M06A,2026-07-09 06:24:00,PM,75.8
WO002497,M25B,2026-09-26 02:45:00,PM,158.2
WO002498,M24A,2026-03-23 07:59:00,inspection,58.4
WO002499,M04A,2026-02-03 12:22:00,inspection,13.3
WO002500,M02A,2026-04-11 06:47:00,calibration,53.6
WO002501,M20B,2026-04-12 10:26:00,PM,27.6
WO002502,M06A,2026-03-30 04:30:00,calibration,70.7
WO002503,M25B,2026-05-12 19:00:00,PM,80.0
WO002504,M26B,2026-03-14 16:56:00,PM,29.6
WO002505,M09B,2026-05-19 08:47:00,PM,39.6
WO002506,M28A,2026-08-22 23:54:00,inspection,84.3
WO002507,M22A,2026-08-31 06:15:00,inspection,9.4
WO002508,M24B,2026-02-12 07:12:00,corrective,92.7
WO002509,M14A,2026-01-22 04:49:00,PM,50.0
WO002510,M08A,2026-02-02 00:10:00,PM,76.3
WO002511,M10A,2026-05-10 12:37:00,PM,80.5
WO002512,M04B,2026-07-30 21:29:00,inspection,49.1
WO002513,M03B,2026-06-01 01:00:00,corrective,146.1
WO002514,M27B,2026-04-12 14:28:00,PM,194.2
WO002515,M28B,2026-08-12 13:14:00,PM,25.0
WO002516,M17A,2026-02-06 13:39:00,corrective,11.2
WO002517,M04A,2026-06-10 17:16:00,calibration,41.9
WO002518,M15A,2026-09-23 21:10:00,calibration,25.7
WO002519,M28B,2026-01-05 07:28:00,inspection,91.0
WO002520,M21A,2026-09-07 13:07:00,calibration,40.2
WO002521,M05A,2026-05-14 11:02:00,corrective,68.4
WO002522,M19B,2026-08-02 06:58:00,corrective,38.0
WO002523,M10A,2026-04-01 23:07:00,PM,45.0
WO002524,M26B,2026-07-30 09:25:00,corrective,96.2
WO002525,M12B,2026-06-14 09:50:00,corrective,49.0
WO002526,M05A,2026-07-03 07:58:00,calibration,215.2
WO002527,M08B,2026-09-29 04:43:00,corrective,62.3
WO002528,M10B,2026-05-10 11:53:00,PM,48.8
WO002529,M20B,2026-08-23 13:58:00,calibration,56.8
WO002530,M09B,2026-09-16 03:44:00,PM,82.4
WO002531,M08A,2026-04-23 03:25:00,corrective,111.3
WO002532,M02A,2026-07-13 16:53:00,PM,29.9
WO002533,M16B,2026-07-08 17:08:00,PM,20.8
WO002534,M17B,2026-10-05 06:23:00,corrective,93.2
WO002535,M15A,2026-10-05 16:17:00,PM,38.2
WO002536,M04B,2026-05-11 07:09:00,corrective,58.1
WO002537,M20A,2026-10-21 17:37:00,inspection,206.7
WO002538,M27A,2026-03-17 16:15:00,PM,123.6
WO002539,M17B,2026-01-09 02:58:00,inspection,63.8
WO002540,M09B,2026-10-16 09:23:00,PM,37.1
WO002541,M01B,2026-06-01 16:44:00,inspection,64.0
WO002542,M11B,2026-02-20 09:16:00,PM,5.2
WO002543,M27A,2026-09-18 22:17:00,corrective,18.7
WO002544,M12A,2026-03-30 13:28:00,PM,45.6
WO002545,M18B,2026-02-27 21:59:00,corrective,207.1
WO002546,M19A,2026-10-24 14:55:00,inspection,29.1
WO002547,M15A,2026-05-29 04:01:00,corrective,72.7
WO002548,M06B,2026-05-19 10:59:00,PM,17.3
WO002549,M26A,2026-06-05 20:03:00,calibration,171.5
WO002550,M25A,2026-06-11 09:14:00,PM,114.0
WO002551,M03B,2026-02-20 06:47:00,inspection,90.2
WO002552,M24B,2026-08-02 11:37:00,PM,101.9
WO002553,M22A,2026-04-06 09:29:00,PM,19.7
WO002554,M15B,2026-09-16 05:52:00,inspection,24.8
WO002555,M19A,2026-03-21 20:00:00,calibration,55.5
WO002556,M03A,2026-08-22 20:46:00,PM,101.7
WO002557,M06B,2026-03-16 19:04:00,inspection,47.1
WO002558,M05A,2026-06-17 07:58:00,inspection,44.9
WO002559,M15A,2026-10-24 08:00:00,corrective,81.7
WO002560,M27B,2026-03-15 05:20:00,inspection,109.6
WO002561,M22A,2026-09-25 00:51:00,PM,154.6
WO002562,M21A,2026-02-03 18:20:00,PM,44.4
WO002563,M01A,2026-04-03 07:59:00,corrective,21.8
WO002564,M17B,2026-08-07 19:03:00,calibration,70.6
WO002565,M05B,2026-10-15 22:09:00,PM,31.4
WO002566,M10A,2026-09-08 14:53:00,corrective,145.0
WO002567,M17B,2026-08-21 10:55:00,PM,45.3
WO002568,M10B,2026-04-29 05:32:00,PM,75.6
WO002569,M09B,2026-01-07 09:45:00,inspection,166.6
WO002570,M17A,2026-09-07 06:15:00,corrective,57.6
WO002571,M06B,2026-09-25 15:21:00,PM,8.2
WO002572,M08A,2026-07-18 07:45:00,corrective,80.2
WO002573,M11B,2026-03-31 07:49:00,PM,75.4
WO002574,M09B,2026-08-17 13:20:00,corrective,65.0
WO002575,M19A,2026-06-30 07:20:00,PM,13.3
WO002576,M16B,2026-05-03 01:59:00,corrective,39.4
WO002577,M15A,2026-07-08 12:56:00,calibration,10.3
WO002578,M23B,2026-01-24 20:11:00,calibration,41.2
WO002579,M18A,2026-10-23 09:56:00,corrective,118.2
WO002580,M19A,2026-03-28 05:11:00,calibration,32.2
WO002581,M12B,2026-09-26 20:26:00,corrective,23.1
WO002582,M14A,2026-03-31 08:04:00,corrective,153.4
WO002583,M28B,2026-06-27 18:39:00,corrective,15.6
WO002584,M14B,2026-01-11 23:39:00,inspection,61.9
WO002585,M22A,2026-04-22 03:38:00,corrective,35.3
WO002586,M13A,2026-01-04 13:05:00,inspection,27.0
WO002587,M03A,2026-07-23 11:37:00,PM,41.1
WO002588,M24A,2026-02-22 08:28:00,calibration,64.4
WO002589,M28A,2026-08-27 21:37:00,calibration,15.0
WO002590,M21A,2026-01-09 11:45:00,corrective,71.2
WO002591,M28B,2026-04-25 18:00:00,calibration,107.8
WO002592,M20A,2026-06-09 04:41:00,inspection,110.5
WO002593,M09A,2026-05-09 05:13:00,calibration,176.9
WO002594,M18A,2026-07-01 21:04:00,PM,103.5
WO002595,M22B,2026-05-04 15:54:00,PM,60.4
WO002596,M28A,2026-09-22 06:46:00,corrective,16.9
WO002597,M17A,2026-04-24 06:53:00,PM,63.8
WO002598,M13B,2026-10-03 04:15:00,PM,73.7
WO002599,M27A,2026-02-06 12:50:00,PM,39.7
WO002600,M03B,2026-07-21 06:41:00,inspection,66.4
WO002601,M28B,2026-07-18 10:39:00,PM,134.1
WO002602,M18A,2026-02-06 14:45:00,PM,21.7
WO002603,M24B,2026-08-24 06:56:00,corrective,26.0
WO002604,M25A,2026-06-24 01:00:00,inspection,62.8
WO002605,M25B,2026-06-27 10:48:00,PM,54.6
WO002606,M03A,2026-06-12 04:21:00,corrective,121.7
WO002607,M05B,2026-09-19 01:58:00,PM,45.5
WO002608,M11A,2026-06-14 03:09:00,calibration,48.2
WO002609,M18B,2026-06-08 19:47:00,PM,21.4
WO002610,M13A,2026-05-12 13:26:00,inspection,90.2
WO002611,M13B,2026-03-28 13:10:00,corrective,11.2
WO002612,M17A,2026-02-09 03:36:00,PM,14.2
WO002613,M14A,2026-09-30 14:48:00,corrective,60.0
WO002614,M14A,2026-09-27 12:27:00,PM,69.1
WO002615,M10A,2026-01-27 20:27:00,PM,127.2
WO002616,M27A,2026-09-11 17:30:00,corrective,12.8
WO002617,M20A,2026-08-19 00:12:00,inspection,37.4
WO002618,M24B,2026-06-08 14:31:00,PM,80.7
WO002619,M12B,2026-03-31 09:13:00,inspection,91.4
WO002620,M24B,2026-06-23 17:01:00,corrective,34.1
WO002621,M25A,2026-08-07 21:12:00,calibration,68.9
WO002622,M09A,2026-03-01 02:05:00,PM,202.2
WO002623,M26A,2026-06-03 08:59:00,PM,58.0
WO002624,M14A,2026-04-15 19:18:00,PM,24.9
WO002625,M27A,2026-05-06 20:00:00,PM,32.7
WO002626,M16A,2026-09-08 17:58:00,corrective,39.4
WO002627,M28B,2026-04-02 11:03:00,PM,17.1
WO002628,M15A,2026-05-03 08:52:00,PM,123.7
WO002629,M17A,2026-07-26 09:24:00,PM,91.8
WO002630,M21B,2026-07-14 09:05:00,inspection,49.7
WO002631,M18B,2026-02-02 13:21:00,inspection,24.4
WO002632,M14A,2026-02-13 13:49:00,PM,55.5
WO002633,M20A,2026-10-10 10:11:00,PM,78.3
WO002634,M27B,2026-07-15 07:11:00,calibration,44.3
WO002635,M13A,2026-01-06 06:27:00,calibration,7.0
WO002636,M12A,2026-05-15 07:43:00,PM,57.4
WO002637,M19B,2026-05-28 13:06:00,corrective,38.3
WO002638,M12B,2026-08-20 05:57:00,PM,124.5
WO002639,M21A,2026-08-24 22:28:00,PM,144.4
WO002640,M26A,2026-04-05 18:12:00,calibration,24.9
WO002641,M11B,2026-06-04 16:24:00,PM,44.2
WO002642,M24A,2026-09-12 14:50:00,corrective,38.7
WO002643,M13A,2026-06-13 21:58:00,calibration,47.1
WO002644,M01A,2026-10-27 20:10:00,PM,100.1
WO002645,M07B,2026-04-10 20:43:00,PM,65.7
WO002646,M12B,2026-10-27 13:04:00,PM,54.5
WO002647,M08B,2026-02-23 22:20:00,inspection,33.0
WO002648,M16A,2026-01-26 07:54:00,corrective,50.9
WO002649,M12B,2026-02-16 22:36:00,corrective,34.3
WO002650,M11A,2026-02-22 10:08:00,corrective,7.8
WO002651,M11B,2026-04-08 04:15:00,PM,24.3
WO002652,M21B,2026-07-24 09:19:00,PM,36.7
WO002653,M22A,2026-02-03 06:07:00,calibration,56.3
WO002654,M13A,2026-02-24 22:24:00,calibration,109.9
WO002655,M03B,2026-08-30 01:26:00,inspection,72.0
WO002656,M28A,2026-06-02 12:06:00,corrective,154.3
WO002657,M28B,2026-09-17 07:39:00,PM,93.8
WO002658,M03B,2026-05-26 14:28:00,corrective,10.8
WO002659,M05B,2026-09-23 01:25:00,PM,28.2
WO002660,M04B,2026-01-29 06:50:00,corrective,77.8
WO002661,M25A,2026-07-21 04:27:00,corrective,33.5
WO002662,M10B,2026-04-27 11:57:00,calibration,69.3
WO002663,M10A,2026-06-17 16:06:00,corrective,42.2
WO002664,M20A,2026-01-27 08:45:00,inspection,68.5
WO002665,M27A,2026-05-03 12:58:00,PM,124.4
WO002666,M20A,2026-03-12 12:41:00,corrective,28.4
WO002667,M21A,2026-03-07 23:19:00,inspection,17.8
WO002668,M02B,2026-04-01 06:26:00,corrective,82.9
WO002669,M03A,2026-10-16 02:31:00,calibration,5.0
WO002670,M14A,2026-01-27 02:08:00,calibration,80.9
WO002671,M18A,2026-06-10 09:00:00,PM,42.0
WO002672,M03A,2026-04-28 03:47:00,PM,39.5
WO002673,M25A,2026-09-04 03:54:00,corrective,78.4
WO002674,M01B,2026-07-29 17:56:00,inspection,142.8
WO002675,M20B,2026-04-05 03:03:00,corrective,67.7
WO002676,M24A,2026-05-25 07:07:00,calibration,61.3
WO002677,M24B,2026-01-08 22:46:00,corrective,74.1
WO002678,M12B,2026-03-06 21:02:00,PM,96.6
WO002679,M26A,2026-05-03 13:42:00,PM,52.1
WO002680,M02B,2026-05-03 19:29:00,PM,84.8
WO002681,M20A,2026-03-21 16:30:00,corrective,71.7
WO002682,M02A,2026-09-30 07:43:00,corrective,47.5
WO002683,M04A,2026-02-23 20:29:00,PM,178.0
WO002684,M26A,2026-04-24 08:17:00,inspection,52.4
WO002685,M23B,2026-04-03 00:51:00,inspection,34.7
WO002686,M10B,2026-08-25 16:24:00,PM,31.3
WO002687,M13A,2026-06-01 17:51:00,corrective,29.8
WO002688,M02B,2026-06-07 13:54:00,corrective,14.5
WO002689,M22B,2026-01-24 11:54:00,corrective,62.4
WO002690,M05B,2026-05-03 22:13:00,corrective,56.9
WO002691,M23A,2026-08-16 00:27:00,PM,22.8
WO002692,M26A,2026-06-05 10:36:00,PM,19.4
WO002693,M05A,2026-03-12 06:54:00,corrective,102.6
WO002694,M17A,2026-05-05 18:06:00,calibration,34.4
WO002695,M22B,2026-04-07 23:57:00,inspection,5.6
WO002696,M13A,2026-04-12 04:30:00,PM,54.6
WO002697,M20A,2026-09-21 12:09:00,corrective,105.0
WO002698,M09B,2026-04-15 16:29:00,PM,55.6
WO002699,M27A,2026-03-07 00:26:00,inspection,49.2
WO002700,M05B,2026-01-18 03:18:00,inspection,27.7
WO002701,M18B,2026-05-12 07:10:00,corrective,54.6
WO002702,M26A,2026-01-02 22:46:00,calibration,32.1
WO002703,M15A,2026-05-07 22:40:00,PM,56.4
WO002704,M27A,2026-03-30 13:10:00,PM,21.4
WO002705,M27A,2026-06-27 14:25:00,corrective,21.2
WO002706,M11A,2026-08-11 16:38:00,PM,6.2
WO002707,M19B,2026-07-22 13:19:00,PM,44.6
WO002708,M20B,2026-09-29 21:45:00,inspection,147.2
WO002709,M05B,2026-03-09 23:12:00,inspection,55.4
WO002710,M23A,2026-03-25 20:05:00,PM,98.0
WO002711,M14A,2026-04-19 21:13:00,PM,37.6
WO002712,M27A,2026-10-16 20:48:00,calibration,136.9
WO002713,M01A,2026-08-16 05:50:00,corrective,31.2
WO002714,M22B,2026-07-02 23:00:00,inspection,47.7
WO002715,M07B,2026-01-04 16:14:00,inspection,58.2
WO002716,M24A,2026-06-19 22:36:00,corrective,78.6
WO002717,M11A,2026-01-14 10:39:00,PM,77.7
WO002718,M02B,2026-04-26 11:54:00,corrective,90.8
WO002719,M22B,2026-07-30 10:31:00,PM,18.7
WO002720,M13B,2026-04-12 09:45:00,PM,40.6
WO002721,M20A,2026-10-18 03:14:00,PM,36.5
WO002722,M24B,2026-04-06 01:19:00,PM,62.1
WO002723,M12B,2026-06-12 18:04:00,PM,66.9
WO002724,M16B,2026-08-31 20:41:00,corrective,85.1
WO002725,M16A,2026-08-24 00:43:00,inspection,6.1
WO002726,M08B,2026-07-24 05:19:00,PM,162.4
WO002727,M23A,2026-03-31 19:49:00,calibration,5.0
WO002728,M25A,2026-04-10 07:57:00,PM,50.8
WO002729,M11B,2026-08-11 02:14:00,calibration,70.1
WO002730,M14B,2026-04-30 03:55:00,PM,13.9
WO002731,M02A,2026-09-30 02:14:00,corrective,35.5
WO002732,M07A,2026-09-29 05:21:00,PM,109.3
WO002733,M13B,2026-09-15 02:21:00,PM,54.3
WO002734,M08B,2026-07-08 12:40:00,PM,31.5
WO002735,M03B,2026-01-25 12:43:00,PM,55.0
WO002736,M12A,2026-08-24 05:58:00,PM,94.4
WO002737,M26B,2026-01-23 01:16:00,inspection,49.7
WO002738,M12B,2026-09-21 16:24:00,calibration,36.7
WO002739,M20A,2026-06-27 07:53:00,calibration,77.2
WO002740,M09A,2026-08-19 07:53:00,inspection,94.4
WO002741,M23B,2026-08-08 18:09:00,corrective,56.7
WO002742,M21A,2026-06-25 23:35:00,inspection,149.8
WO002743,M19A,2026-05-03 05:06:00,corrective,86.4
WO002744,M22B,2026-02-17 08:40:00,calibration,23.2
WO002745,M10B,2026-03-24 01:09:00,inspection,5.0
WO002746,M23B,2026-10-21 06:20:00,corrective,31.0
WO002747,M28A,2026-08-21 16:48:00,PM,106.6
WO002748,M08B,2026-09-12 12:08:00,calibration,90.9
WO002749,M19B,2026-08-09 12:50:00,corrective,69.6
WO002750,M07B,2026-04-11 17:57:00,corrective,17.4
WO002751,M14B,2026-08-31 06:44:00,inspection,120.1
WO002752,M04A,2026-08-27 22:41:00,corrective,63.0
WO002753,M03B,2026-04-10 22:21:00,PM,69.3
WO002754,M11B,2026-09-23 08:50:00,PM,21.3
WO002755,M08B,2026-04-03 10:51:00,PM,148.3
WO002756,M04A,2026-06-28 03:26:00,corrective,11.2
WO002757,M26B,2026-06-05 13:29:00,corrective,42.9
WO002758,M05A,2026-02-21 22:48:00,PM,35.8
WO002759,M03B,2026-08-13 16:35:00,calibration,29.6
WO002760,M02A,2026-01-28 03:52:00,PM,66.2
WO002761,M15A,2026-03-23 17:24:00,inspection,37.9
WO002762,M18A,2026-05-25 05:37:00,calibration,19.9
WO002763,M23B,2026-06-20 00:31:00,calibration,49.0
WO002764,M07B,2026-05-11 04:01:00,inspection,28.9
WO002765,M14A,2026-06-29 19:58:00,corrective,26.8
WO002766,M18A,2026-03-21 09:00:00,PM,71.2
WO002767,M16A,2026-02-16 10:25:00,corrective,81.4
WO002768,M20A,2026-05-22 01:41:00,calibration,75.0
WO002769,M21A,2026-04-12 13:06:00,calibration,68.5
WO002770,M03A,2026-04-29 08:13:00,corrective,26.3
WO002771,M04A,2026-02-08 15:30:00,calibration,29.3
WO002772,M21A,2026-02-09 22:54:00,PM,44.8
WO002773,M28B,2026-09-04 15:38:00,PM,18.5
WO002774,M09B,2026-04-08 16:47:00,corrective,39.8
WO002775,M06A,2026-07-14 19:17:00,calibration,88.5
WO002776,M04A,2026-09-03 22:12:00,inspection,56.2
WO002777,M05A,2026-04-07 15:25:00,PM,47.1
WO002778,M15A,2026-02-19 16:51:00,calibration,15.2
WO002779,M03A,2026-01-31 07:54:00,inspection,103.0
WO002780,M02A,2026-03-01 03:02:00,PM,13.8
WO002781,M11A,2026-08-26 23:38:00,PM,44.0
WO002782,M17A,2026-08-18 21:02:00,PM,78.7
WO002783,M14B,2026-09-27 11:32:00,corrective,78.0
WO002784,M10B,2026-02-07 13:15:00,PM,82.9
WO002785,M11B,2026-03-28 18:04:00,calibration,140.6
WO002786,M23B,2026-09-30 05:50:00,calibration,31.9
WO002787,M03A,2026-05-25 11:14:00,PM,123.8
WO002788,M15B,2026-06-23 17:06:00,PM,49.6
WO002789,M01A,2026-07-02 15:18:00,PM,17.9
WO002790,M20B,2026-04-09 11:16:00,PM,76.1
WO002791,M07B,2026-04-22 17:35:00,PM,34.2
WO002792,M17A,2026-02-13 13:08:00,inspection,57.8
WO002793,M27A,2026-03-08 01:33:00,inspection,51.3
WO002794,M12A,2026-06-21 11:20:00,PM,74.7
WO002795,M06B,2026-08-09 18:09:00,PM,71.3
WO002796,M25B,2026-03-08 23:11:00,inspection,26.1
WO002797,M14A,2026-03-26 12:21:00,corrective,23.1
WO002798,M04A,2026-07-19 06:12:00,corrective,60.5
WO002799,M08B,2026-01-17 17:07:00,PM,91.3
WO002800,M12B,2026-07-12 12:00:00,PM,76.4
WO002801,M04A,2026-03-31 15:06:00,corrective,11.6
WO002802,M15A,2026-04-08 06:46:00,PM,27.3
WO002803,M07B,2026-07-22 01:42:00,calibration,69.1
WO002804,M27A,2026-04-04 13:15:00,PM,12.7
WO002805,M02B,2026-04-23 09:26:00,PM,34.9
WO002806,M05B,2026-03-05 23:41:00,PM,76.6
WO002807,M15B,2026-07-16 11:21:00,corrective,77.6
WO002808,M14B,2026-08-23 23:09:00,PM,27.8
WO002809,M03A,2026-07-17 20:46:00,PM,33.2
WO002810,M01A,2026-02-16 14:23:00,PM,16.8
WO002811,M07B,2026-06-24 10:19:00,corrective,82.9
WO002812,M18B,2026-06-09 07:38:00,calibration,31.8
WO002813,M05B,2026-06-29 21:10:00,corrective,28.9
WO002814,M04A,2026-05-11 02:57:00,PM,25.3
WO002815,M24A,2026-02-22 12:29:00,calibration,34.0
WO002816,M18A,2026-09-28 02:09:00,corrective,35.7
WO002817,M11B,2026-02-15 11:06:00,corrective,12.2
WO002818,M09A,2026-04-22 16:44:00,corrective,6.8
WO002819,M21A,2026-10-23 10:12:00,PM,44.5
WO002820,M09B,2026-03-10 15:19:00,PM,21.6
WO002821,M21B,2026-07-13 15:15:00,calibration,82.3
WO002822,M23B,2026-04-02 15:15:00,PM,31.0
WO002823,M17B,2026-08-23 11:47:00,PM,23.1
WO002824,M06A,2026-07-09 16:30:00,inspection,299.3
WO002825,M21A,2026-05-11 05:44:00,calibration,224.2
WO002826,M21B,2026-07-21 05:32:00,inspection,98.1
WO002827,M12B,2026-05-21 00:10:00,corrective,32.9
WO002828,M10B,2026-01-19 01:20:00,calibration,22.4
WO002829,M16B,2026-08-30 06:27:00,inspection,176.0
WO002830,M09A,2026-03-19 14:38:00,inspection,74.2
WO002831,M21B,2026-10-18 02:15:00,corrective,102.7
WO002832,M28A,2026-06-10 00:21:00,PM,60.1
WO002833,M28A,2026-06-08 09:06:00,PM,77.6
WO002834,M10B,2026-09-23 06:50:00,corrective,77.2
WO002835,M01A,2026-01-16 06:34:00,PM,67.9
WO002836,M15B,2026-06-14 05:25:00,PM,24.3
WO002837,M23A,2026-07-27 01:41:00,PM,101.4
WO002838,M07A,2026-03-24 23:11:00,PM,108.8
WO002839,M01B,2026-10-01 20:58:00,inspection,17.6
WO002840,M03A,2026-01-27 20:43:00,corrective,43.6
WO002841,M21B,2026-09-04 10:54:00,PM,63.6
WO002842,M07A,2026-03-27 05:07:00,calibration,126.7
WO002843,M24B,2026-06-14 11:48:00,corrective,14.6
WO002844,M12B,2026-10-15 01:46:00,PM,127.0
WO002845,M24A,2026-09-16 05:45:00,corrective,66.8
WO002846,M09B,2026-10-20 01:27:00,PM,47.9
WO002847,M03B,2026-10-05 12:29:00,calibration,60.1
WO002848,M08B,2026-09-20 05:01:00,PM,88.3
WO002849,M13B,2026-01-10 04:24:00,PM,70.2
WO002850,M23A,2026-08-10 16:46:00,PM,62.9
WO002851,M28A,2026-03-15 00:30:00,PM,12.2
WO002852,M08A,2026-05-27 20:14:00,corrective,48.7
WO002853,M17A,2026-05-02 19:32:00,corrective,59.2
WO002854,M27B,2026-10-01 06:11:00,PM,54.0
WO002855,M06B,2026-06-01 16:53:00,corrective,34.8
WO002856,M07B,2026-03-29 22:04:00,inspection,135.4
WO002857,M06A,2026-07-04 06:23:00,PM,82.8
WO002858,M11B,2026-06-27 17:52:00,inspection,95.4
WO002859,M20B,2026-08-13 19:09:00,inspection,22.8
WO002860,M20B,2026-04-25 11:41:00,calibration,90.5
WO002861,M12B,2026-08-07 20:26:00,inspection,39.0
WO002862,M15B,2026-10-20 04:48:00,corrective,49.3
WO002863,M04A,2026-02-15 12:39:00,PM,98.6
WO002864,M03A,2026-02-21 20:54:00,corrective,32.9
WO002865,M03A,2026-08-22 22:17:00,corrective,70.0
WO002866,M18B,2026-10-16 13:25:00,PM,65.2
WO002867,M23B,2026-07-07 10:03:00,PM,68.1
WO002868,M02A,2026-10-27 02:14:00,PM,43.8
WO002869,M11B,2026-02-19 18:25:00,PM,64.8
WO002870,M03B,2026-02-01 19:31:00,PM,84.6
WO002871,M22B,2026-06-20 20:00:00,corrective,56.1
WO002872,M14B,2026-01-12 20:09:00,corrective,20.9
WO002873,M27B,2026-08-15 20:19:00,calibration,46.5
WO002874,M07B,2026-09-21 16:08:00,PM,18.9
WO002875,M08B,2026-05-29 04:23:00,PM,115.2
WO002876,M13B,2026-09-01 06:17:00,corrective,48.3
WO002877,M01A,2026-10-13 23:46:00,PM,31.3
WO002878,M01A,2026-03-18 08:18:00,PM,40.4
WO002879,M04B,2026-08-20 11:28:00,inspection,38.9
WO002880,M11A,2026-09-16 17:59:00,corrective,83.9
WO002881,M10A,2026-04-23 16:19:00,PM,76.3
WO002882,M05B,2026-05-27 12:26:00,PM,70.2
WO002883,M26B,2026-07-12 15:22:00,inspection,22.8
WO002884,M10B,2026-04-30 07:20:00,PM,47.4
WO002885,M18B,2026-10-26 18:36:00,inspection,29.0
WO002886,M19A,2026-10-09 15:21:00,PM,24.8
WO002887,M19B,2026-04-24 03:20:00,PM,21.7
WO002888,M03A,2026-06-06 14:54:00,corrective,29.4
WO002889,M04B,2026-03-04 03:42:00,corrective,92.5
WO002890,M11B,2026-04-12 09:38:00,PM,34.7
WO002891,M18A,2026-10-27 18:23:00,PM,54.2
WO002892,M07B,2026-10-10 03:47:00,PM,24.6
WO002893,M14A,2026-04-25 04:06:00,calibration,26.8
WO002894,M05A,2026-10-05 08:55:00,corrective,82.8
WO002895,M22B,2026-06-19 11:05:00,PM,38.6
WO002896,M11B,2026-05-01 07:05:00,PM,74.1
WO002897,M07B,2026-07-27 12:40:00,PM,95.7
WO002898,M24A,2026-07-06 12:19:00,calibration,39.8
WO002899,M02A,2026-01-19 05:41:00,PM,101.8
WO002900,M24A,2026-01-05 20:59:00,calibration,128.8
WO002901,M24A,2026-09-16 05:49:00,PM,116.0
WO002902,M12A,2026-09-10 03:52:00,calibration,101.8
WO002903,M02B,2026-09-01 15:20:00,corrective,154.5
WO002904,M16A,2026-04-02 00:49:00,PM,22.8
WO002905,M23A,2026-04-11 04:01:00,corrective,31.7
WO002906,M23A,2026-06-15 01:52:00,inspection,67.9
WO002907,M08B,2026-08-06 08:22:00,inspection,30.4
WO002908,M27A,2026-04-19 07:24:00,PM,46.5
WO002909,M15A,2026-01-21 05:50:00,PM,30.8
WO002910,M04A,2026-10-14 19:43:00,inspection,50.8
WO002911,M24B,2026-03-02 07:39:00,PM,31.2
WO002912,M11A,2026-02-28 11:47:00,PM,77.6
WO002913,M25A,2026-08-16 22:09:00,calibration,64.7
WO002914,M14A,2026-03-08 21:36:00,calibration,13.7
WO002915,M20A,2026-03-04 20:46:00,calibration,42.4
WO002916,M22B,2026-01-15 11:06:00,PM,26.5
WO002917,M06A,2026-05-15 09:55:00,PM,28.5
WO002918,M22A,2026-01-04 04:16:00,PM,39.9
WO002919,M11B,2026-02-08 06:19:00,inspection,94.3
WO002920,M09B,2026-07-27 05:33:00,calibration,99.5
WO002921,M20A,2026-06-29 23:35:00,corrective,24.6
WO002922,M14A,2026-07-22 15:49:00,PM,88.7
WO002923,M11B,2026-01-11 20:12:00,corrective,119.5
WO002924,M13B,2026-04-14 14:15:00,PM,55.0
WO002925,M25A,2026-10-04 06:27:00,calibration,37.7
WO002926,M22B,2026-09-10 06:33:00,PM,141.5
WO002927,M12A,2026-09-20 19:18:00,corrective,55.9
WO002928,M19B,2026-06-27 06:11:00,inspection,159.8
WO002929,M07A,2026-07-31 11:07:00,corrective,32.9
WO002930,M05A,2026-04-25 06:35:00,PM,108.5
WO002931,M19A,2026-05-21 16:10:00,PM,33.4
WO002932,M05B,2026-01-07 04:36:00,inspection,44.4
WO002933,M27B,2026-10-23 09:13:00,PM,45.8
WO002934,M15A,2026-06-03 17:50:00,inspection,8.2
WO002935,M25B,2026-05-10 20:12:00,PM,37.9
WO002936,M08A,2026-02-22 19:07:00,PM,21.5
WO002937,M13A,2026-09-03 11:09:00,corrective,67.8
WO002938,M04B,2026-01-26 13:44:00,corrective,33.4
WO002939,M11A,2026-01-03 15:46:00,calibration,22.0
WO002940,M09A,2026-10-01 08:28:00,inspection,21.6
WO002941,M17B,2026-01-03 06:34:00,calibration,124.5
WO002942,M04B,2026-01-02 07:37:00,calibration,47.6
WO002943,M10B,2026-01-04 16:36:00,PM,47.0
WO002944,M09A,2026-08-14 16:04:00,corrective,64.3
WO002945,M24B,2026-09-25 03:36:00,calibration,59.1
WO002946,M18B,2026-04-29 22:11:00,calibration,67.6
WO002947,M22B,2026-06-11 12:29:00,inspection,65.7
WO002948,M19B,2026-06-12 13:02:00,PM,37.2
WO002949,M05B,2026-10-22 15:17:00,PM,51.9
WO002950,M26A,2026-10-23 21:46:00,PM,75.0
WO002951,M18A,2026-07-26 13:29:00,PM,102.7
WO002952,M15A,2026-07-06 01:39:00,calibration,13.9
WO002953,M27B,2026-09-04 19:49:00,corrective,62.3
WO002954,M17B,2026-03-21 23:11:00,inspection,79.6
WO002955,M16B,2026-05-21 19:58:00,corrective,81.9
WO002956,M05A,2026-08-27 19:58:00,PM,24.5
WO002957,M16A,2026-09-20 21:52:00,corrective,90.8
WO002958,M25A,2026-10-26 08:19:00,PM,52.2
WO002959,M24B,2026-05-27 22:12:00,inspection,30.6
WO002960,M21B,2026-10-15 00:14:00,corrective,13.8
WO002961,M20A,2026-02-17 06:20:00,calibration,21.6
WO002962,M19B,2026-10-08 00:11:00,inspection,75.4
WO002963,M13A,2026-08-08 18:31:00,PM,35.8
WO002964,M12A,2026-09-28 19:05:00,PM,49.7
WO002965,M20A,2026-05-10 22:48:00,PM,90.8
WO002966,M01A,2026-08-08 11:57:00,PM,21.4
WO002967,M04A,2026-09-16 21:21:00,PM,48.5
WO002968,M12A,2026-04-11 17:43:00,PM,76.8
WO002969,M07B,2026-01-02 09:33:00,PM,75.1
WO002970,M11B,2026-01-05 11:12:00,corrective,34.5
WO002971,M04B,2026-09-17 19:41:00,PM,121.8
WO002972,M15B,2026-10-15 12:14:00,corrective,79.4
WO002973,M12B,2026-04-11 20:12:00,PM,38.7
WO002974,M28B,2026-06-17 17:00:00,inspection,65.5
WO002975,M23A,2026-07-29 09:07:00,calibration,7.6
WO002976,M03A,2026-09-13 21:50:00,PM,166.4
WO002977,M21A,2026-10-10 12:16:00,inspection,82.3
WO002978,M04B,2026-01-27 16:32:00,inspection,19.6
WO002979,M03B,2026-05-05 15:45:00,calibration,61.5
WO002980,M08B,2026-09-22 22:33:00,PM,75.8
WO002981,M24B,2026-09-12 16:07:00,PM,40.5
WO002982,M09A,2026-04-14 07:48:00,PM,30.0
WO002983,M16A,2026-07-03 07:56:00,inspection,38.9
WO002984,M01A,2026-07-30 00:00:00,corrective,51.3
WO002985,M07B,2026-07-05 20:47:00,inspection,93.1
WO002986,M24B,2026-09-19 11:55:00,PM,56.4
WO002987,M01B,2026-07-04 04:25:00,corrective,57.6
WO002988,M21A,2026-06-03 16:09:00,corrective,56.2
WO002989,M16B,2026-02-06 00:12:00,corrective,41.3
WO002990,M15B,2026-03-04 18:45:00,inspection,70.1
WO002991,M07B,2026-03-31 02:37:00,inspection,35.1
WO002992,M17A,2026-02-08 07:53:00,corrective,54.7
WO002993,M05A,2026-04-20 15:33:00,corrective,18.1
WO002994,M17B,2026-03-20 04:44:00,PM,34.0
WO002995,M26B,2026-03-20 10:36:00,calibration,86.7
WO002996,M24A,2026-01-20 18:14:00,inspection,24.8
WO002997,M27A,2026-07-22 09:27:00,inspection,109.3
WO002998,M06B,2026-03-10 00:15:00,calibration,7.0
WO002999,M16A,2026-01-10 13:32:00,corrective,133.9
WO003000,M10B,2026-10-23 18:32:00,corrective,8.4
WO003001,M15A,2026-06-06 20:02:00,PM,16.5
WO003002,M02B,2026-09-17 18:29:00,PM,60.5
WO003003,M17B,2026-08-26 05:28:00,PM,169.1
WO003004,M10B,2026-01-27 15:56:00,PM,82.4
WO003005,M23A,2026-09-04 21:51:00,calibration,31.2
WO003006,M15B,2026-09-16 04:33:00,calibration,20.2
WO003007,M24B,2026-02-06 21:06:00,inspection,50.1
WO003008,M03B,2026-05-11 14:08:00,PM,58.0
WO003009,M25A,2026-07-23 07:53:00,inspection,115.6
WO003010,M07A,2026-03-23 10:49:00,calibration,135.2
WO003011,M22A,2026-09-06 12:33:00,corrective,11.6
WO003012,M05B,2026-01-29 21:22:00,corrective,46.5
WO003013,M24B,2026-01-30 11:01:00,inspection,61.0
WO003014,M25A,2026-05-10 18:30:00,corrective,51.7
WO003015,M11A,2026-06-26 21:35:00,PM,23.9
WO003016,M27A,2026-02-27 00:51:00,corrective,102.8
WO003017,M16A,2026-02-04 13:01:00,inspection,77.7
WO003018,M20A,2026-07-14 04:34:00,PM,39.1
WO003019,M04B,2026-08-09 12:13:00,calibration,44.6
WO003020,M10A,2026-06-08 13:28:00,PM,230.7
WO003021,M05B,2026-02-01 07:14:00,corrective,100.5
WO003022,M11B,2026-07-23 00:02:00,calibration,18.4
WO003023,M24B,2026-01-22 11:07:00,PM,113.0
WO003024,M28B,2026-03-12 03:17:00,PM,39.9
WO003025,M01B,2026-06-28 20:16:00,PM,75.9
WO003026,M06B,2026-04-17 13:14:00,corrective,22.2
WO003027,M09A,2026-02-07 23:45:00,inspection,165.9
WO003028,M01B,2026-01-27 06:10:00,inspection,91.6
WO003029,M19B,2026-10-02 06:40:00,inspection,24.6
WO003030,M22B,2026-02-05 03:12:00,inspection,40.3
WO003031,M01B,2026-06-09 20:18:00,corrective,48.2
WO003032,M18A,2026-09-06 11:15:00,PM,34.6
WO003033,M07A,2026-01-23 00:57:00,corrective,85.6
WO003034,M24A,2026-07-29 08:29:00,PM,76.1
WO003035,M23A,2026-07-02 10:15:00,PM,117.8
WO003036,M27A,2026-01-10 10:16:00,inspection,47.5
WO003037,M23B,2026-08-18 02:30:00,calibration,64.5
WO003038,M23B,2026-04-01 22:07:00,corrective,79.4
WO003039,M24B,2026-04-13 15:06:00,inspection,106.3
WO003040,M03B,2026-09-05 06:41:00,PM,13.7
WO003041,M11A,2026-08-30 01:16:00,calibration,41.7
WO003042,M06B,2026-08-28 13:46:00,PM,64.8
WO003043,M12B,2026-03-11 18:20:00,inspection,62.2
WO003044,M10B,2026-06-22 22:18:00,PM,64.8
WO003045,M13A,2026-04-29 08:58:00,inspection,137.9
WO003046,M05A,2026-09-11 21:53:00,inspection,105.1
WO003047,M26A,2026-04-25 15:47:00,PM,42.7
WO003048,M26B,2026-08-14 16:27:00,corrective,38.3
WO003049,M03A,2026-09-20 04:14:00,PM,23.6
WO003050,M17B,2026-03-17 11:18:00,corrective,10.0
WO003051,M22B,2026-08-24 15:16:00,corrective,72.8
WO003052,M09B,2026-08-22 11:57:00,PM,89.7
WO003053,M28B,2026-06-01 13:33:00,corrective,6.5
WO003054,M17B,2026-02-13 14:58:00,PM,40.6
WO003055,M08A,2026-08-16 03:25:00,inspection,34.6
WO003056,M11A,2026-05-20 02:41:00,PM,149.6
WO003057,M17B,2026-09-22 20:51:00,PM,63.1
WO003058,M26A,2026-02-25 02:24:00,inspection,44.7
WO003059,M08B,2026-04-26 11:08:00,PM,126.5
WO003060,M09A,2026-02-10 04:04:00,calibration,108.2
WO003061,M28A,2026-10-13 19:29:00,calibration,52.4
WO003062,M08B,2026-05-29 06:56:00,PM,71.2
WO003063,M28B,2026-05-04 02:03:00,PM,62.9
WO003064,M15B,2026-01-27 01:38:00,inspection,43.2
WO003065,M13B,2026-06-24 13:11:00,PM,31.4
WO003066,M16B,2026-08-08 04:31:00,PM,45.3
WO003067,M22A,2026-10-17 12:09:00,PM,9.4
WO003068,M24A,2026-04-05 14:36:00,PM,109.8
WO003069,M04B,2026-04-17 20:03:00,corrective,15.1
WO003070,M09B,2026-01-11 12:59:00,corrective,26.2
WO003071,M11B,2026-07-07 18:20:00,corrective,74.6
WO003072,M26A,2026-08-17 18:28:00,PM,52.7
WO003073,M16B,2026-07-11 20:07:00,calibration,11.5
WO003074,M09A,2026-06-24 08:15:00,PM,73.5
WO003075,M16B,2026-01-30 04:04:00,corrective,68.2
WO003076,M28A,2026-05-13 18:29:00,corrective,20.7
WO003077,M12B,2026-02-05 23:45:00,PM,23.2
WO003078,M07A,2026-01-03 07:01:00,corrective,34.1
WO003079,M25B,2026-03-06 14:46:00,inspection,53.0
WO003080,M18A,2026-04-24 09:08:00,PM,28.5
WO003081,M18A,2026-05-22 05:05:00,PM,50.5
WO003082,M20A,2026-05-29 21:28:00,corrective,23.8
WO003083,M06A,2026-10-03 15:47:00,PM,81.9
WO003084,M20B,2026-10-17 20:51:00,corrective,52.7
WO003085,M28A,2026-03-25 19:12:00,PM,75.7
WO003086,M11B,2026-08-14 03:20:00,PM,17.3
WO003087,M12B,2026-07-30 04:33:00,PM,113.7
WO003088,M20B,2026-05-31 14:26:00,corrective,47.1
WO003089,M19A,2026-07-23 04:58:00,corrective,19.7
WO003090,M19A,2026-02-16 07:10:00,inspection,47.5
WO003091,M28B,2026-10-24 11:32:00,inspection,113.2
WO003092,M15A,2026-09-27 03:12:00,calibration,133.1
WO003093,M21A,2026-09-06 13:20:00,corrective,49.2
WO003094,M23B,2026-06-04 21:49:00,corrective,47.7
WO003095,M02B,2026-02-16 04:03:00,PM,26.6
WO003096,M21A,2026-07-10 04:06:00,inspection,16.7
WO003097,M28B,2026-03-21 17:39:00,PM,63.5
WO003098,M08A,2026-05-09 12:01:00,PM,53.4
WO003099,M11B,2026-03-15 00:44:00,PM,105.3
WO003100,M23B,2026-01-15 03:02:00,corrective,51.8
WO003101,M27B,2026-03-27 02:54:00,PM,103.1
WO003102,M22A,2026-06-05 11:21:00,corrective,14.6
WO003103,M22A,2026-05-19 04:17:00,PM,25.7
WO003104,M18A,2026-04-03 16:31:00,calibration,71.8
WO003105,M06B,2026-05-05 07:16:00,PM,77.2
WO003106,M13A,2026-03-10 23:35:00,PM,22.8
WO003107,M02B,2026-06-10 11:09:00,corrective,49.6
WO003108,M05A,2026-04-05 22:19:00,corrective,76.6
WO003109,M12B,2026-04-16 22:54:00,calibration,19.1
WO003110,M26B,2026-03-24 12:14:00,PM,43.3
WO003111,M06A,2026-08-14 10:21:00,corrective,113.6
WO003112,M26A,2026-02-21 03:42:00,PM,130.3
WO003113,M01A,2026-10-03 17:58:00,calibration,33.3
WO003114,M16A,2026-05-30 20:27:00,calibration,75.2
WO003115,M19A,2026-01-19 10:48:00,PM,64.4
WO003116,M03A,2026-02-06 14:59:00,corrective,126.8
WO003117,M01B,2026-05-12 06:44:00,PM,58.9
WO003118,M15A,2026-10-01 21:20:00,calibration,70.2
WO003119,M10A,2026-10-18 15:57:00,calibration,48.6
WO003120,M03B,2026-01-17 02:26:00,PM,115.0
WO003121,M24B,2026-10-20 19:16:00,PM,32.5
WO003122,M18A,2026-05-28 18:08:00,corrective,25.9
WO003123,M10A,2026-08-08 12:13:00,PM,37.7
WO003124,M09A,2026-07-22 19:41:00,PM,20.9
WO003125,M26B,2026-02-01 11:55:00,corrective,36.6
WO003126,M09A,2026-05-19 03:30:00,PM,132.1
WO003127,M06B,2026-04-14 07:15:00,PM,40.9
WO003128,M14B,2026-02-17 05:02:00,calibration,30.8
WO003129,M02B,2026-06-18 18:18:00,corrective,57.2
WO003130,M10A,2026-03-29 20:31:00,corrective,39.2
WO003131,M19A,2026-02-08 03:37:00,calibration,78.3
WO003132,M18A,2026-04-21 20:43:00,calibration,48.2
WO003133,M04A,2026-06-25 18:05:00,inspection,73.0
WO003134,M07B,2026-08-09 03:16:00,PM,19.9
WO003135,M05A,2026-09-08 15:36:00,inspection,127.9
WO003136,M14B,2026-08-14 07:19:00,PM,58.2
WO003137,M08B,2026-05-16 05:53:00,corrective,35.5
WO003138,M05B,2026-07-02 12:04:00,PM,26.5
WO003139,M11B,2026-03-29 05:00:00,corrective,32.4
WO003140,M08B,2026-07-03 13:44:00,PM,37.6
WO003141,M07B,2026-02-20 21:49:00,calibration,37.9
WO003142,M08B,2026-02-07 21:11:00,corrective,72.7
WO003143,M08A,2026-02-05 20:57:00,PM,117.7
WO003144,M20A,2026-09-04 10:39:00,PM,54.8
WO003145,M09A,2026-02-01 03:01:00,corrective,39.2
WO003146,M16A,2026-07-16 12:11:00,PM,67.7
WO003147,M28A,2026-04-05 01:58:00,corrective,56.2
WO003148,M07A,2026-08-10 12:44:00,PM,80.9
WO003149,M24B,2026-07-23 06:15:00,calibration,71.3
WO003150,M20A,2026-08-28 05:01:00,inspection,47.2
WO003151,M17B,2026-10-18 16:20:00,calibration,31.0
WO003152,M09B,2026-08-08 11:58:00,corrective,44.8
WO003153,M22B,2026-10-21 21:19:00,corrective,95.9
WO003154,M23B,2026-05-31 16:29:00,corrective,46.2
WO003155,M04B,2026-09-19 05:18:00,corrective,29.1
WO003156,M26B,2026-05-10 15:55:00,corrective,104.0
WO003157,M09A,2026-01-31 03:35:00,corrective,47.5
WO003158,M26B,2026-07-13 14:58:00,corrective,29.8
WO003159,M21A,2026-09-28 20:40:00,calibration,38.5
WO003160,M07A,2026-02-12 08:51:00,PM,36.9
WO003161,M11B,2026-07-28 09:13:00,PM,53.3
WO003162,M17A,2026-02-08 14:10:00,PM,87.5
WO003163,M17A,2026-09-18 21:49:00,PM,11.9
WO003164,M05A,2026-05-04 12:13:00,PM,22.9
WO003165,M08A,2026-04-21 02:35:00,inspection,53.1
WO003166,M05B,2026-06-27 16:56:00,PM,32.5
WO003167,M25A,2026-03-28 22:33:00,PM,16.3
WO003168,M12A,2026-10-24 20:12:00,inspection,158.9
WO003169,M28B,2026-10-02 19:44:00,PM,154.5
WO003170,M01B,2026-09-18 00:23:00,PM,53.1
WO003171,M03B,2026-05-04 16:26:00,corrective,64.7
WO003172,M09B,2026-03-06 19:07:00,inspection,88.4
WO003173,M24A,2026-03-16 23:08:00,PM,61.1
WO003174,M18A,2026-06-02 03:25:00,PM,107.4
WO003175,M18B,2026-02-25 09:30:00,PM,90.2
WO003176,M23A,2026-07-02 03:33:00,corrective,90.8
WO003177,M12B,2026-07-22 20:58:00,inspection,5.0
WO003178,M13B,2026-05-25 23:39:00,corrective,29.3
WO003179,M23A,2026-07-05 21:46:00,PM,57.7
WO003180,M22A,2026-07-31 18:23:00,inspection,151.5
WO003181,M06B,2026-09-29 17:07:00,corrective,55.6
WO003182,M02A,2026-08-17 21:48:00,PM,40.4
WO003183,M23A,2026-06-18 20:57:00,PM,46.9
WO003184,M12B,2026-02-13 14:28:00,calibration,75.2
WO003185,M11B,2026-06-03 20:12:00,PM,10.8
WO003186,M20A,2026-07-01 01:18:00,calibration,31.1
WO003187,M10A,2026-03-24 18:16:00,PM,52.1
WO003188,M10B,2026-02-26 21:05:00,PM,40.9
WO003189,M09A,2026-03-23 16:48:00,PM,79.5
WO003190,M03A,2026-06-04 07:59:00,corrective,43.6
WO003191,M20B,2026-05-08 15:32:00,corrective,25.4
WO003192,M05A,2026-08-22 08:21:00,inspection,29.1
WO003193,M09A,2026-04-30 07:44:00,PM,23.6
WO003194,M20B,2026-03-20 01:46:00,PM,54.3
WO003195,M02B,2026-06-19 12:03:00,calibration,64.6
WO003196,M22A,2026-09-18 07:17:00,inspection,20.7
WO003197,M04B,2026-03-24 20:42:00,PM,6.9
WO003198,M27A,2026-08-10 12:27:00,calibration,128.2
WO003199,M10A,2026-08-11 16:35:00,inspection,122.3
WO003200,M14A,2026-10-07 17:00:00,calibration,42.1
WO003201,M02B,2026-01-10 02:14:00,PM,53.8
WO003202,M25A,2026-06-07 03:07:00,calibration,52.7
WO003203,M02B,2026-10-17 00:39:00,PM,82.9
WO003204,M07A,2026-04-20 03:08:00,PM,39.2
WO003205,M23B,2026-01-05 02:04:00,calibration,38.6
WO003206,M14A,2026-02-26 00:42:00,PM,67.8
WO003207,M23B,2026-02-17 08:58:00,corrective,11.6
WO003208,M07B,2026-04-24 20:07:00,PM,41.7
WO003209,M08A,2026-07-09 09:15:00,PM,75.9
WO003210,M12B,2026-07-12 02:29:00,PM,124.1
WO003211,M19A,2026-05-23 02:36:00,calibration,174.4
WO003212,M04B,2026-02-04 01:56:00,PM,78.3
WO003213,M18A,2026-07-02 14:37:00,calibration,143.7
WO003214,M25B,2026-01-10 11:59:00,PM,14.6
WO003215,M20B,2026-08-04 09:56:00,corrective,123.3
WO003216,M13A,2026-07-26 04:50:00,PM,123.3
WO003217,M22B,2026-09-25 22:35:00,PM,48.6
WO003218,M17B,2026-01-28 13:15:00,PM,36.5
WO003219,M02A,2026-09-24 20:27:00,PM,92.9
WO003220,M20B,2026-03-01 18:20:00,PM,40.5
WO003221,M09B,2026-05-22 04:34:00,PM,62.3
WO003222,M02A,2026-04-03 18:44:00,corrective,62.5
WO003223,M19A,2026-04-18 22:02:00,PM,17.8
WO003224,M18B,2026-04-16 10:58:00,corrective,112.5
WO003225,M23B,2026-08-23 12:22:00,PM,79.3
WO003226,M22A,2026-02-23 12:35:00,PM,7.1
WO003227,M26A,2026-05-01 09:55:00,inspection,90.6
WO003228,M20A,2026-08-17 10:04:00,PM,23.8
WO003229,M11A,2026-01-29 23:18:00,inspection,58.3
WO003230,M09A,2026-10-12 20:26:00,PM,22.3
WO003231,M24B,2026-02-21 01:42:00,calibration,37.7
WO003232,M03A,2026-05-04 23:52:00,PM,69.3
WO003233,M11B,2026-03-03 13:01:00,calibration,41.2
WO003234,M20B,2026-02-15 08:25:00,inspection,96.2
WO003235,M21A,2026-05-17 15:44:00,PM,86.9
WO003236,M09B,2026-04-26 04:08:00,corrective,79.9
WO003237,M20A,2026-08-17 09:06:00,PM,47.2
WO003238,M22B,2026-10-10 13:00:00,PM,31.0
WO003239,M04A,2026-06-18 11:14:00,PM,77.2
WO003240,M17A,2026-05-28 10:41:00,PM,45.5
WO003241,M05B,2026-08-01 16:22:00,corrective,26.9
WO003242,M04A,2026-09-24 17:04:00,PM,40.9
WO003243,M10A,2026-06-01 03:10:00,PM,22.2
WO003244,M11A,2026-04-29 06:39:00,PM,26.9
WO003245,M12B,2026-01-05 05:56:00,PM,41.6
WO003246,M23A,2026-01-03 23:36:00,corrective,82.1
WO003247,M25B,2026-06-10 01:46:00,PM,40.8
WO003248,M06A,2026-03-29 18:08:00,calibration,58.3
WO003249,M08B,2026-03-03 19:57:00,PM,126.1
WO003250,M01B,2026-01-18 04:12:00,PM,30.1
WO003251,M03A,2026-05-26 11:03:00,PM,56.9
WO003252,M26A,2026-02-13 04:23:00,corrective,51.4
WO003253,M14A,2026-03-15 21:35:00,PM,78.7
WO003254,M19A,2026-10-26 04:10:00,PM,112.1
WO003255,M19B,2026-03-19 05:50:00,calibration,40.8
WO003256,M02A,2026-06-29 01:46:00,calibration,53.2
WO003257,M18A,2026-01-20 09:57:00,PM,45.0
WO003258,M05A,2026-06-04 23:12:00,inspection,35.0
WO003259,M05B,2026-02-22 13:10:00,calibration,136.5
WO003260,M21B,2026-01-08 20:27:00,corrective,24.3
WO003261,M01B,2026-07-23 16:49:00,calibration,5.0
WO003262,M05B,2026-05-01 09:22:00,PM,102.1
WO003263,M12B,2026-09-08 13:10:00,PM,92.8
WO003264,M06B,2026-10-16 00:38:00,PM,32.8
WO003265,M01B,2026-02-01 09:16:00,PM,53.1
WO003266,M17A,2026-02-16 22:23:00,inspection,66.6
WO003267,M11A,2026-09-09 19:22:00,PM,53.5
WO003268,M26B,2026-08-20 19:02:00,calibration,28.7
WO003269,M24A,2026-06-04 15:02:00,PM,52.7
WO003270,M18B,2026-07-14 22:18:00,corrective,201.9
WO003271,M02B,2026-07-16 01:31:00,calibration,50.4
WO003272,M13A,2026-09-28 02:08:00,inspection,83.4
WO003273,M02B,2026-07-12 15:37:00,PM,116.8
WO003274,M23A,2026-09-20 15:29:00,PM,78.6
WO003275,M11B,2026-04-09 03:35:00,corrective,52.0
WO003276,M26B,2026-07-06 04:19:00,PM,25.0
WO003277,M14B,2026-09-11 00:49:00,calibration,53.1
WO003278,M26A,2026-05-05 07:33:00,PM,33.3
WO003279,M05A,2026-01-13 22:14:00,calibration,52.7
WO003280,M12A,2026-10-24 05:23:00,PM,32.8
WO003281,M22B,2026-04-14 14:56:00,PM,54.2
WO003282,M06B,2026-06-26 20:43:00,inspection,26.8
WO003283,M20B,2026-06-29 04:12:00,corrective,121.4
WO003284,M03A,2026-03-25 21:32:00,PM,91.2
WO003285,M02B,2026-02-11 00:59:00,PM,135.7
WO003286,M15A,2026-06-10 12:40:00,PM,116.8
WO003287,M07B,2026-08-17 00:07:00,corrective,49.6
WO003288,M12B,2026-03-19 10:49:00,PM,128.6
WO003289,M15A,2026-07-31 11:39:00,PM,5.0
WO003290,M07A,2026-01-08 13:08:00,corrective,32.4
WO003291,M06A,2026-09-15 02:45:00,calibration,80.6
WO003292,M01B,2026-01-20 22:15:00,inspection,142.3
WO003293,M13B,2026-07-26 12:47:00,PM,60.3
WO003294,M22A,2026-09-10 19:46:00,PM,58.0
WO003295,M17B,2026-09-13 16:37:00,corrective,43.3
WO003296,M18A,2026-03-26 09:18:00,inspection,26.2
WO003297,M17A,2026-04-17 03:31:00,corrective,60.4
WO003298,M16A,2026-08-12 21:35:00,PM,80.7
WO003299,M12A,2026-04-27 07:29:00,PM,128.1
WO003300,M06B,2026-08-30 07:34:00,corrective,34.6
WO003301,M11A,2026-10-18 15:47:00,PM,62.3
WO003302,M27A,2026-08-03 02:28:00,PM,37.1
WO003303,M05A,2026-04-10 01:03:00,corrective,85.0
WO003304,M13A,2026-02-21 06:05:00,PM,51.8
WO003305,M21B,2026-01-06 19:30:00,PM,20.2
WO003306,M19B,2026-01-27 13:47:00,PM,25.9
WO003307,M07B,2026-03-11 23:43:00,PM,59.8
WO003308,M26B,2026-03-06 20:19:00,PM,32.4
WO003309,M15A,2026-03-07 12:21:00,calibration,82.4
WO003310,M16A,2026-10-04 23:15:00,corrective,69.0
WO003311,M22A,2026-08-20 11:11:00,corrective,84.6
WO003312,M17A,2026-06-17 05:42:00,inspection,79.7
WO003313,M11B,2026-06-26 11:24:00,PM,45.8
WO003314,M20B,2026-05-24 03:48:00,PM,58.2
WO003315,M09A,2026-09-29 17:28:00,inspection,52.7
WO003316,M19B,2026-02-27 23:02:00,corrective,70.8
WO003317,M21A,2026-10-26 18:05:00,calibration,82.6
WO003318,M08A,2026-06-24 04:06:00,calibration,58.1
WO003319,M02A,2026-07-30 09:08:00,PM,33.8
WO003320,M01B,2026-04-07 20:36:00,calibration,37.3
WO003321,M01A,2026-03-30 20:01:00,PM,54.2
WO003322,M16B,2026-04-19 18:42:00,inspection,75.2
WO003323,M27A,2026-09-17 20:25:00,inspection,33.7
WO003324,M26A,2026-05-06 20:52:00,PM,79.1
WO003325,M14A,2026-07-15 19:58:00,PM,25.6
WO003326,M02A,2026-01-20 23:51:00,calibration,46.5
WO003327,M09B,2026-02-08 01:20:00,corrective,73.3
WO003328,M22A,2026-03-26 20:02:00,PM,49.3
WO003329,M14A,2026-09-04 18:05:00,corrective,56.7
WO003330,M22A,2026-07-13 06:10:00,inspection,54.2
WO003331,M22B,2026-03-27 00:55:00,calibration,20.8
WO003332,M25A,2026-07-02 23:03:00,calibration,41.7
WO003333,M21B,2026-05-18 04:52:00,corrective,26.5
WO003334,M15A,2026-04-09 15:12:00,calibration,116.7
WO003335,M14A,2026-02-14 09:56:00,calibration,62.5
WO003336,M21B,2026-03-31 02:26:00,inspection,268.3
WO003337,M02A,2026-10-18 11:54:00,corrective,186.6
WO003338,M28B,2026-10-27 10:23:00,inspection,19.8
WO003339,M17B,2026-01-12 04:54:00,corrective,93.9
WO003340,M09A,2026-04-27 12:02:00,PM,118.6
WO003341,M09A,2026-06-04 15:48:00,inspection,43.0
WO003342,M27B,2026-05-22 09:22:00,corrective,68.4
WO003343,M13B,2026-07-14 09:46:00,inspection,75.1
WO003344,M28B,2026-08-24 02:17:00,PM,123.9
WO003345,M16A,2026-08-28 15:33:00,calibration,30.2
WO003346,M07B,2026-02-27 12:27:00,PM,49.3
WO003347,M23A,2026-06-13 06:03:00,PM,120.3
WO003348,M12B,2026-02-08 00:38:00,calibration,91.7
WO003349,M22B,2026-10-05 03:04:00,PM,53.9
WO003350,M01A,2026-01-17 09:54:00,PM,53.4
WO003351,M24B,2026-08-10 10:51:00,inspection,16.5
WO003352,M13A,2026-07-22 01:30:00,PM,107.5
WO003353,M09B,2026-07-01 16:28:00,corrective,34.1
WO003354,M03B,2026-03-11 13:53:00,calibration,109.1
WO003355,M03A,2026-10-15 01:00:00,calibration,30.3
WO003356,M17B,2026-06-03 02:38:00,PM,183.9
WO003357,M12B,2026-10-16 10:25:00,PM,28.4
WO003358,M19B,2026-07-29 09:34:00,corrective,36.8
WO003359,M15A,2026-01-25 11:01:00,PM,26.5
WO003360,M17A,2026-08-22 09:33:00,PM,95.8
WO003361,M02B,2026-07-27 18:40:00,PM,16.0
WO003362,M03B,2026-05-04 11:04:00,PM,12.4
WO003363,M04B,2026-06-21 12:11:00,corrective,74.9
WO003364,M16B,2026-06-29 15:31:00,PM,37.4
WO003365,M19B,2026-08-21 15:14:00,PM,48.8
WO003366,M24B,2026-03-25 08:34:00,calibration,49.2
WO003367,M12B,2026-01-24 06:38:00,corrective,56.7
WO003368,M26B,2026-08-07 20:31:00,corrective,48.5
WO003369,M11B,2026-05-21 11:20:00,inspection,38.9
WO003370,M01A,2026-09-10 02:36:00,corrective,82.1
WO003371,M04B,2026-05-27 11:44:00,PM,83.9
WO003372,M03A,2026-08-10 09:57:00,inspection,11.7
WO003373,M23B,2026-02-02 19:59:00,inspection,29.1
WO003374,M28B,2026-02-02 06:08:00,calibration,15.3
WO003375,M14A,2026-05-27 02:02:00,corrective,29.3
WO003376,M18A,2026-10-03 21:21:00,PM,54.5
WO003377,M25A,2026-04-21 07:20:00,calibration,90.2
WO003378,M05B,2026-06-01 04:11:00,calibration,70.3
WO003379,M01A,2026-06-30 12:31:00,PM,19.7
WO003380,M12B,2026-09-16 03:51:00,inspection,67.4
WO003381,M14B,2026-05-22 05:00:00,corrective,45.7
WO003382,M01B,2026-06-08 17:21:00,inspection,32.5
WO003383,M03A,2026-05-31 14:07:00,corrective,119.9
WO003384,M24A,2026-05-24 01:16:00,inspection,37.4
WO003385,M20B,2026-07-30 04:28:00,PM,32.3
WO003386,M03A,2026-05-23 10:21:00,corrective,37.8
WO003387,M05B,2026-05-29 04:51:00,inspection,63.0
WO003388,M04A,2026-01-06 18:02:00,PM,122.0
WO003389,M08A,2026-07-25 22:25:00,corrective,163.3
WO003390,M28B,2026-01-08 15:29:00,PM,75.6
WO003391,M22B,2026-04-29 22:57:00,PM,37.2
WO003392,M06B,2026-03-01 01:16:00,PM,91.1
WO003393,M17A,2026-03-13 04:56:00,corrective,54.5
WO003394,M27B,2026-02-14 13:59:00,corrective,96.1
WO003395,M25B,2026-08-08 22:12:00,corrective,51.1
WO003396,M03A,2026-10-19 03:52:00,calibration,43.5
WO003397,M22A,2026-10-24 19:54:00,corrective,49.5
WO003398,M20A,2026-08-31 17:42:00,PM,31.1
WO003399,M17B,2026-10-05 11:02:00,corrective,8.1
WO003400,M27B,2026-09-13 15:26:00,inspection,49.2
WO003401,M12B,2026-05-06 07:55:00,PM,18.5
WO003402,M08B,2026-01-26 04:59:00,corrective,65.0
WO003403,M11A,2026-09-22 01:45:00,corrective,44.3
WO003404,M27B,2026-06-11 08:46:00,PM,19.4
WO003405,M20B,2026-02-24 02:59:00,corrective,43.9
WO003406,M11A,2026-01-30 13:20:00,PM,84.4
WO003407,M27A,2026-02-07 11:22:00,corrective,57.1
WO003408,M17A,2026-10-24 03:28:00,corrective,60.1
WO003409,M08B,2026-10-20 08:07:00,calibration,21.3
WO003410,M25B,2026-05-03 22:40:00,PM,110.3
WO003411,M05A,2026-04-05 12:04:00,PM,50.3
WO003412,M05A,2026-02-28 02:15:00,inspection,33.9
WO003413,M08A,2026-05-12 00:19:00,calibration,63.3
WO003414,M04A,2026-08-07 18:51:00,calibration,61.1
WO003415,M08A,2026-06-20 13:29:00,corrective,95.0
WO003416,M16B,2026-09-13 12:15:00,calibration,92.6
WO003417,M01B,2026-02-20 19:57:00,PM,30.8
WO003418,M01A,2026-02-18 01:00:00,corrective,20.7
WO003419,M15B,2026-07-28 12:09:00,corrective,134.2
WO003420,M10B,2026-01-28 03:03:00,corrective,31.6
WO003421,M10A,2026-10-10 21:08:00,corrective,77.5
WO003422,M22A,2026-01-31 00:53:00,PM,128.2
WO003423,M28B,2026-06-11 17:18:00,inspection,15.2
WO003424,M17A,2026-01-17 14:51:00,PM,131.8
WO003425,M28A,2026-03-06 21:59:00,PM,113.8
WO003426,M20A,2026-02-17 11:15:00,corrective,120.6
WO003427,M08A,2026-07-07 04:47:00,inspection,28.9
WO003428,M10B,2026-01-25 09:48:00,corrective,141.7
WO003429,M14B,2026-09-19 23:05:00,calibration,57.9
WO003430,M08B,2026-07-16 15:51:00,corrective,39.3
WO003431,M26A,2026-06-13 05:33:00,PM,59.2
WO003432,M03B,2026-06-19 16:10:00,corrective,48.2
WO003433,M28A,2026-07-18 01:56:00,PM,41.1
WO003434,M28A,2026-07-14 16:12:00,PM,22.4
WO003435,M15B,2026-08-24 08:20:00,PM,54.4
WO003436,M20B,2026-04-27 11:00:00,corrective,47.2
WO003437,M19A,2026-03-04 01:48:00,inspection,65.8
WO003438,M26A,2026-01-31 17:00:00,PM,34.3
WO003439,M10B,2026-10-23 17:34:00,PM,25.5
WO003440,M12B,2026-09-06 17:14:00,PM,68.3
WO003441,M20A,2026-08-10 09:50:00,PM,32.4
WO003442,M02A,2026-02-01 16:07:00,PM,8.9
WO003443,M24B,2026-09-22 00:12:00,corrective,231.9
WO003444,M23A,2026-01-18 01:54:00,PM,26.8
WO003445,M12B,2026-05-04 00:46:00,calibration,19.7
WO003446,M16A,2026-10-19 15:06:00,corrective,39.9
WO003447,M07A,2026-02-05 17:00:00,PM,79.9
WO003448,M08A,2026-03-28 20:48:00,PM,44.0
WO003449,M27A,2026-02-07 13:15:00,corrective,51.3
WO003450,M27B,2026-01-08 19:19:00,inspection,63.0
WO003451,M18B,2026-01-30 13:24:00,corrective,61.1
WO003452,M20A,2026-05-16 08:53:00,inspection,48.9
WO003453,M22A,2026-10-27 01:57:00,inspection,89.6
WO003454,M16B,2026-06-12 08:28:00,PM,19.8
WO003455,M07A,2026-06-26 19:42:00,calibration,98.0
WO003456,M08A,2026-06-15 22:23:00,PM,64.0
WO003457,M23B,2026-10-04 23:13:00,corrective,90.6
WO003458,M26A,2026-02-15 09:02:00,calibration,54.9
WO003459,M17A,2026-09-27 07:13:00,corrective,142.1
WO003460,M12B,2026-04-29 12:35:00,corrective,22.4
WO003461,M05A,2026-06-05 19:31:00,PM,29.5
WO003462,M08A,2026-06-12 19:40:00,calibration,156.2
WO003463,M06B,2026-09-02 17:29:00,PM,25.4
WO003464,M07B,2026-03-05 09:27:00,PM,48.2
WO003465,M04A,2026-06-07 18:06:00,corrective,52.5
WO003466,M22B,2026-09-02 14:28:00,corrective,17.9
WO003467,M28B,2026-02-25 14:59:00,corrective,30.5
WO003468,M27A,2026-04-28 06:28:00,inspection,5.0
WO003469,M10A,2026-02-01 18:23:00,PM,12.2
WO003470,M17A,2026-06-30 07:02:00,inspection,61.3
WO003471,M06B,2026-03-05 08:39:00,corrective,45.4
WO003472,M27B,2026-08-27 03:31:00,corrective,59.0
WO003473,M27A,2026-07-24 05:37:00,PM,19.3
WO003474,M19A,2026-02-17 12:54:00,PM,150.9
WO003475,M08A,2026-01-24 02:14:00,calibration,75.2
WO003476,M27A,2026-07-22 11:50:00,corrective,72.4
WO003477,M07A,2026-05-27 03:05:00,inspection,5.1
WO003478,M14A,2026-09-19 14:57:00,PM,43.4
WO003479,M02A,2026-02-08 20:47:00,PM,20.4
WO003480,M19A,2026-02-24 06:48:00,calibration,10.4
WO003481,M26A,2026-06-04 02:46:00,PM,29.9
WO003482,M14B,2026-04-22 18:20:00,PM,40.0
WO003483,M11A,2026-08-16 07:47:00,PM,27.0
WO003484,M05A,2026-08-13 08:02:00,PM,77.3
WO003485,M02B,2026-02-03 19:51:00,PM,45.4
WO003486,M25B,2026-07-21 23:06:00,PM,12.7
WO003487,M06B,2026-02-01 11:32:00,PM,33.7
WO003488,M14A,2026-06-29 15:11:00,corrective,37.5
WO003489,M05B,2026-03-28 16:07:00,PM,16.8
WO003490,M11B,2026-05-08 14:01:00,PM,54.3
WO003491,M24A,2026-07-01 13:43:00,PM,84.2
WO003492,M28A,2026-08-28 10:22:00,inspection,106.3
WO003493,M14B,2026-07-15 09:16:00,PM,13.0
WO003494,M06B,2026-01-02 17:14:00,PM,31.3
WO003495,M23B,2026-08-16 12:07:00,PM,34.2
WO003496,M27B,2026-08-27 23:13:00,PM,26.7
WO003497,M11B,2026-08-22 20:36:00,PM,34.5
WO003498,M16B,2026-01-04 21:10:00,corrective,97.1
WO003499,M13A,2026-04-12 06:36:00,inspection,46.2
WO003500,M09A,2026-07-28 13:42:00,inspection,56.0
WO003501,M16A,2026-02-12 09:22:00,inspection,19.2
WO003502,M27A,2026-03-12 16:26:00,corrective,35.7
WO003503,M09B,2026-09-22 04:31:00,PM,78.9
WO003504,M15B,2026-09-20 00:39:00,PM,88.1
WO003505,M04B,2026-01-07 20:46:00,corrective,97.8
WO003506,M11A,2026-02-02 06:23:00,PM,66.9
WO003507,M05A,2026-07-16 12:32:00,PM,53.2
WO003508,M13B,2026-06-11 06:00:00,inspection,32.5
WO003509,M01A,2026-04-25 21:37:00,corrective,36.4
WO003510,M26A,2026-09-18 20:27:00,PM,89.5
WO003511,M03A,2026-01-14 00:57:00,calibration,53.9
WO003512,M03A,2026-02-11 10:28:00,PM,28.7
WO003513,M20B,2026-04-18 07:26:00,corrective,56.1
WO003514,M02A,2026-08-23 20:34:00,PM,114.9
WO003515,M20B,2026-04-04 08:36:00,PM,39.3
WO003516,M07A,2026-10-19 03:56:00,corrective,34.7
WO003517,M08A,2026-05-31 14:04:00,corrective,63.6
WO003518,M14A,2026-05-12 22:42:00,corrective,178.8
WO003519,M15B,2026-02-25 10:22:00,inspection,57.4
WO003520,M06A,2026-06-06 04:32:00,PM,49.7
WO003521,M07B,2026-08-26 13:15:00,corrective,195.7
WO003522,M23A,2026-03-15 05:58:00,corrective,19.7
WO003523,M28A,2026-06-30 16:26:00,PM,27.9
WO003524,M18B,2026-05-17 11:52:00,inspection,32.8
WO003525,M11B,2026-01-11 13:01:00,PM,13.7
WO003526,M02B,2026-03-30 00:42:00,corrective,40.5
WO003527,M11B,2026-07-25 08:57:00,calibration,63.9
WO003528,M04B,2026-10-23 12:06:00,corrective,28.4
WO003529,M25B,2026-07-12 15:44:00,corrective,41.4
WO003530,M12B,2026-01-11 20:53:00,corrective,50.4
WO003531,M19A,2026-01-26 19:30:00,inspection,82.1
WO003532,M16B,2026-05-19 20:11:00,PM,93.4
WO003533,M23A,2026-04-11 10:45:00,PM,34.3
WO003534,M24A,2026-01-12 21:44:00,inspection,167.2
WO003535,M07A,2026-02-20 13:53:00,inspection,65.3
WO003536,M18B,2026-08-08 15:52:00,inspection,30.8
WO003537,M06B,2026-01-06 08:25:00,PM,140.1
WO003538,M28A,2026-02-26 13:02:00,PM,115.4
WO003539,M01B,2026-06-30 10:48:00,corrective,5.0
WO003540,M22A,2026-08-04 21:17:00,corrective,67.1
WO003541,M03B,2026-02-05 18:10:00,PM,50.9
WO003542,M17B,2026-09-29 21:38:00,corrective,18.2
WO003543,M24A,2026-04-26 19:58:00,inspection,12.0
WO003544,M11B,2026-07-15 08:52:00,inspection,76.4
WO003545,M15B,2026-08-31 17:18:00,calibration,62.4
WO003546,M28B,2026-04-09 14:22:00,PM,85.8
WO003547,M25B,2026-01-29 23:52:00,PM,5.0
WO003548,M25B,2026-10-01 08:26:00,PM,124.1
WO003549,M07B,2026-06-09 16:41:00,corrective,68.7
WO003550,M28A,2026-04-16 01:46:00,calibration,87.9
WO003551,M03B,2026-10-20 03:51:00,corrective,122.6
WO003552,M23B,2026-06-23 05:55:00,corrective,303.2
WO003553,M26A,2026-06-19 13:05:00,PM,156.5
WO003554,M20A,2026-09-09 08:47:00,corrective,96.5
WO003555,M13B,2026-07-24 10:34:00,PM,46.6
WO003556,M21A,2026-07-23 09:51:00,corrective,113.9
WO003557,M17B,2026-04-28 17:03:00,corrective,171.0
WO003558,M10B,2026-06-14 20:35:00,PM,47.0
WO003559,M27A,2026-08-28 08:05:00,corrective,50.1
WO003560,M11B,2026-06-05 09:30:00,calibration,29.9
WO003561,M08B,2026-07-08 06:53:00,PM,66.5
WO003562,M12A,2026-06-11 19:34:00,inspection,50.6
WO003563,M05A,2026-02-04 16:54:00,corrective,48.1
WO003564,M05B,2026-05-30 19:56:00,calibration,40.8
WO003565,M13A,2026-07-16 12:58:00,corrective,16.8
WO003566,M05A,2026-02-15 18:57:00,corrective,6.4
WO003567,M14B,2026-09-23 13:56:00,PM,10.3
WO003568,M22A,2026-10-22 03:52:00,PM,78.2
WO003569,M25B,2026-09-26 05:54:00,PM,99.2
WO003570,M22B,2026-07-05 12:23:00,corrective,113.3
WO003571,M07A,2026-01-28 06:52:00,inspection,70.3
WO003572,M10B,2026-10-06 18:41:00,corrective,32.6
WO003573,M22A,2026-07-30 04:26:00,PM,115.2
WO003574,M25A,2026-07-24 04:43:00,corrective,19.1
WO003575,M08B,2026-01-07 22:32:00,PM,132.9
WO003576,M20A,2026-09-05 11:37:00,corrective,26.9
WO003577,M22B,2026-08-02 12:59:00,PM,17.3
WO003578,M08B,2026-06-22 12:30:00,corrective,19.3
WO003579,M05B,2026-09-17 14:42:00,PM,32.0
WO003580,M05A,2026-04-05 04:24:00,inspection,27.9
WO003581,M10B,2026-03-11 19:58:00,PM,58.0
WO003582,M27A,2026-04-17 09:13:00,calibration,58.3
WO003583,M03B,2026-05-13 17:00:00,PM,39.6
WO003584,M15B,2026-04-01 06:34:00,corrective,185.1
WO003585,M13A,2026-08-04 22:46:00,calibration,52.4
WO003586,M28B,2026-05-27 11:34:00,PM,106.2
WO003587,M28A,2026-03-04 12:20:00,calibration,98.1
WO003588,M04B,2026-09-20 05:06:00,PM,56.9
WO003589,M26A,2026-02-04 17:52:00,PM,36.1
WO003590,M28B,2026-06-11 09:04:00,PM,23.8
WO003591,M02A,2026-09-20 03:19:00,calibration,17.6
WO003592,M10B,2026-10-02 19:12:00,PM,79.9
WO003593,M01B,2026-04-15 03:19:00,corrective,39.2
WO003594,M26A,2026-09-06 01:08:00,PM,54.3
WO003595,M10A,2026-08-01 16:35:00,calibration,64.8
WO003596,M01A,2026-06-11 16:36:00,calibration,56.3
WO003597,M28A,2026-08-12 13:20:00,PM,79.2
WO003598,M09A,2026-05-08 09:47:00,corrective,111.2
WO003599,M28A,2026-06-30 17:10:00,PM,122.9
WO003600,M26B,2026-03-18 15:30:00,PM,113.1
WO003601,M11B,2026-04-12 19:00:00,inspection,84.0
WO003602,M23B,2026-10-08 09:40:00,PM,40.4
WO003603,M22A,2026-04-07 18:35:00,calibration,64.6
WO003604,M11A,2026-09-20 22:54:00,PM,132.3
WO003605,M24B,2026-07-11 08:50:00,PM,11.6
WO003606,M13A,2026-09-20 06:28:00,PM,102.2
WO003607,M17B,2026-05-12 05:48:00,calibration,46.4
WO003608,M13B,2026-07-14 07:53:00,calibration,81.3
WO003609,M28B,2026-09-12 08:05:00,calibration,19.9
WO003610,M07A,2026-01-19 07:24:00,PM,65.8
WO003611,M04A,2026-02-20 18:35:00,inspection,31.4
WO003612,M19A,2026-05-19 17:38:00,PM,51.2
WO003613,M14B,2026-07-19 02:39:00,PM,77.2
WO003614,M13B,2026-04-27 21:26:00,PM,99.9
WO003615,M17A,2026-09-05 02:27:00,calibration,83.5
WO003616,M05A,2026-10-04 05:13:00,PM,114.7
WO003617,M25B,2026-01-22 04:36:00,corrective,88.0
WO003618,M13A,2026-10-12 13:19:00,PM,49.0
WO003619,M02A,2026-03-01 16:01:00,PM,99.0
WO003620,M26A,2026-02-25 23:57:00,PM,31.7
WO003621,M26B,2026-03-13 10:06:00,corrective,86.6
WO003622,M20B,2026-09-13 22:36:00,corrective,55.5
WO003623,M22B,2026-08-24 23:05:00,corrective,81.0
WO003624,M11B,2026-02-15 07:16:00,PM,70.8
WO003625,M15A,2026-05-31 03:22:00,corrective,111.6
WO003626,M03B,2026-07-02 05:51:00,corrective,28.4
WO003627,M25B,2026-04-25 21:57:00,PM,83.4
WO003628,M25B,2026-03-19 00:52:00,PM,34.8
WO003629,M27B,2026-01-30 10:59:00,calibration,14.7
WO003630,M22B,2026-06-12 11:45:00,PM,54.2
WO003631,M09A,2026-06-19 22:13:00,PM,74.6
WO003632,M24A,2026-01-17 00:40:00,corrective,12.4
WO003633,M16A,2026-04-17 07:08:00,PM,25.2
WO003634,M19A,2026-02-26 11:04:00,PM,131.1
WO003635,M23A,2026-01-29 07:23:00,PM,25.0
WO003636,M28B,2026-01-22 03:17:00,inspection,100.7
WO003637,M15A,2026-08-17 01:13:00,PM,24.7
WO003638,M14B,2026-09-23 18:02:00,inspection,38.2
WO003639,M16A,2026-06-25 01:03:00,PM,55.8
WO003640,M13B,2026-10-04 09:09:00,PM,20.2
WO003641,M17B,2026-01-04 17:54:00,PM,43.1
WO003642,M13A,2026-10-11 08:37:00,PM,56.6
WO003643,M06A,2026-09-21 03:46:00,PM,35.3
WO003644,M21A,2026-07-31 05:13:00,corrective,89.4
WO003645,M19A,2026-02-05 00:50:00,inspection,37.8
WO003646,M06B,2026-08-18 05:27:00,inspection,55.6
WO003647,M24B,2026-05-12 06:22:00,corrective,89.2
WO003648,M13B,2026-06-29 23:39:00,PM,38.5
WO003649,M07A,2026-01-05 19:49:00,PM,115.0
WO003650,M09A,2026-04-05 08:26:00,inspection,33.7
WO003651,M23B,2026-05-17 10:52:00,inspection,70.6
WO003652,M10B,2026-02-17 02:44:00,PM,38.6
WO003653,M24B,2026-07-14 03:17:00,calibration,125.2
WO003654,M25B,2026-05-10 17:48:00,PM,62.9
WO003655,M26B,2026-03-09 09:22:00,inspection,6.8
WO003656,M23A,2026-09-06 00:49:00,PM,21.5
WO003657,M25A,2026-07-03 04:58:00,corrective,71.0
WO003658,M02A,2026-07-02 02:06:00,calibration,5.0
WO003659,M17A,2026-01-31 09:13:00,corrective,29.7
WO003660,M05B,2026-05-14 12:07:00,corrective,67.1
WO003661,M17B,2026-05-03 01:20:00,inspection,89.8
WO003662,M25A,2026-05-21 16:50:00,calibration,28.5
WO003663,M27B,2026-07-28 01:26:00,PM,81.8
WO003664,M22B,2026-07-05 14:05:00,PM,59.3
WO003665,M08B,2026-01-11 22:20:00,corrective,8.4
WO003666,M20A,2026-07-25 20:58:00,PM,18.5
WO003667,M05B,2026-10-08 12:07:00,PM,68.8
WO003668,M10B,2026-03-14 01:03:00,PM,25.1
WO003669,M23B,2026-01-21 02:11:00,calibration,44.5
WO003670,M27A,2026-02-09 00:34:00,PM,39.9
WO003671,M26A,2026-10-22 03:18:00,corrective,44.8
WO003672,M10A,2026-02-05 03:36:00,corrective,100.7
WO003673,M04A,2026-08-29 11:54:00,calibration,46.9
WO003674,M28A,2026-09-05 18:10:00,inspection,92.8
WO003675,M08A,2026-06-19 09:24:00,PM,202.2
WO003676,M22A,2026-03-27 22:19:00,PM,26.6
WO003677,M10B,2026-05-15 11:45:00,PM,22.0
WO003678,M18A,2026-09-06 10:04:00,corrective,24.8
WO003679,M18A,2026-09-29 20:32:00,PM,38.0
WO003680,M25B,2026-07-01 12:26:00,PM,163.6
WO003681,M18A,2026-02-28 17:49:00,PM,74.6
WO003682,M25B,2026-08-07 01:53:00,PM,19.8
WO003683,M25B,2026-01-12 05:59:00,corrective,59.4
WO003684,M08A,2026-07-21 00:50:00,PM,18.6
WO003685,M16A,2026-10-04 17:45:00,PM,15.3
WO003686,M12A,2026-04-03 06:11:00,inspection,99.0
WO003687,M06A,2026-07-07 06:16:00,PM,62.3
WO003688,M19A,2026-10-17 18:11:00,corrective,50.6
WO003689,M19A,2026-02-05 23:02:00,corrective,109.5
WO003690,M21A,2026-01-11 02:03:00,corrective,59.5
WO003691,M20A,2026-07-12 10:23:00,corrective,79.3
WO003692,M19A,2026-06-07 13:37:00,corrective,31.3
WO003693,M05B,2026-06-07 16:32:00,PM,70.7
WO003694,M20B,2026-03-16 01:21:00,PM,12.6
WO003695,M12A,2026-05-18 01:15:00,corrective,12.9
WO003696,M08A,2026-08-27 19:40:00,calibration,94.7
WO003697,M01B,2026-05-13 17:12:00,PM,33.7
WO003698,M21B,2026-04-09 23:21:00,calibration,203.9
WO003699,M04B,2026-04-16 21:28:00,corrective,62.2
WO003700,M03A,2026-08-08 04:28:00,PM,171.4
WO003701,M10B,2026-05-22 00:03:00,corrective,6.9
WO003702,M04A,2026-10-22 17:06:00,PM,53.4
WO003703,M06B,2026-02-22 03:58:00,corrective,76.1
WO003704,M20A,2026-08-03 12:02:00,inspection,59.0
WO003705,M14B,2026-01-25 23:22:00,corrective,11.5
WO003706,M02B,2026-10-22 15:45:00,inspection,50.7
WO003707,M11A,2026-05-27 07:27:00,inspection,53.2
WO003708,M23B,2026-01-01 18:20:00,inspection,66.4
WO003709,M20A,2026-05-18 11:00:00,PM,68.4
WO003710,M23A,2026-07-26 07:06:00,inspection,40.7
WO003711,M04A,2026-04-28 21:02:00,corrective,44.2
WO003712,M07B,2026-04-29 22:03:00,PM,113.8
WO003713,M03A,2026-07-31 20:55:00,PM,74.7
WO003714,M19A,2026-01-07 07:06:00,inspection,76.3
WO003715,M01A,2026-04-27 12:48:00,PM,38.8
WO003716,M25A,2026-05-31 23:02:00,calibration,20.3
WO003717,M25B,2026-04-21 23:06:00,PM,61.0
WO003718,M03B,2026-05-22 18:50:00,corrective,21.3
WO003719,M21B,2026-02-06 00:08:00,PM,11.7
WO003720,M25A,2026-07-17 10:26:00,corrective,220.2
WO003721,M21A,2026-05-18 14:19:00,corrective,133.1
WO003722,M01B,2026-03-09 11:07:00,corrective,5.0
WO003723,M17A,2026-08-30 06:13:00,corrective,79.7
WO003724,M27A,2026-03-27 02:30:00,calibration,36.6
WO003725,M20A,2026-07-15 18:25:00,corrective,89.0
WO003726,M13B,2026-04-10 22:00:00,inspection,101.5
WO003727,M09B,2026-04-06 07:32:00,PM,55.8
WO003728,M09A,2026-04-20 06:14:00,inspection,14.5
WO003729,M03B,2026-10-05 23:31:00,PM,24.4
WO003730,M23A,2026-01-15 22:19:00,PM,61.7
WO003731,M05A,2026-04-08 05:31:00,PM,102.9
WO003732,M18B,2026-09-29 01:14:00,calibration,15.4
WO003733,M13A,2026-06-21 13:02:00,PM,119.9
WO003734,M23B,2026-10-04 10:29:00,corrective,11.2
WO003735,M27A,2026-10-20 00:50:00,corrective,104.7
WO003736,M07B,2026-04-28 18:54:00,PM,92.8
WO003737,M22B,2026-03-07 11:38:00,corrective,27.6
WO003738,M01A,2026-05-13 03:10:00,PM,24.5
WO003739,M28A,2026-06-26 21:56:00,PM,44.1
WO003740,M01A,2026-05-12 15:25:00,PM,51.1
WO003741,M01B,2026-10-26 20:41:00,corrective,100.0
WO003742,M22A,2026-01-21 19:44:00,PM,36.3
WO003743,M20A,2026-09-10 08:02:00,corrective,70.9
WO003744,M02A,2026-08-06 08:37:00,corrective,85.3
WO003745,M25A,2026-05-27 07:00:00,corrective,100.5
WO003746,M26A,2026-02-11 04:13:00,PM,88.9
WO003747,M11A,2026-04-28 15:12:00,calibration,58.0
WO003748,M10B,2026-01-03 13:39:00,PM,71.0
WO003749,M11B,2026-04-26 19:08:00,corrective,76.9
WO003750,M26A,2026-07-25 19:41:00,corrective,23.0
WO003751,M24A,2026-10-22 08:23:00,inspection,24.3
WO003752,M11B,2026-06-24 16:16:00,corrective,88.4
WO003753,M27B,2026-03-27 00:58:00,PM,62.7
WO003754,M13B,2026-07-09 20:34:00,PM,12.4
WO003755,M25A,2026-08-31 15:33:00,calibration,55.0
WO003756,M08B,2026-09-24 08:34:00,PM,40.8
WO003757,M20A,2026-02-01 16:31:00,corrective,97.0
WO003758,M24A,2026-07-13 05:59:00,corrective,51.7
WO003759,M19A,2026-10-19 02:24:00,corrective,213.8
WO003760,M23A,2026-01-04 16:34:00,PM,97.8
WO003761,M02B,2026-05-01 08:00:00,PM,8.6
WO003762,M17A,2026-03-22 09:01:00,corrective,51.8
WO003763,M05A,2026-04-10 03:35:00,corrective,37.1
WO003764,M04A,2026-08-27 18:05:00,corrective,14.2
WO003765,M25B,2026-08-22 20:34:00,PM,25.8
WO003766,M18A,2026-08-10 11:54:00,calibration,45.3
WO003767,M24B,2026-03-19 22:55:00,corrective,63.7
WO003768,M16A,2026-08-08 20:06:00,PM,113.2
WO003769,M21A,2026-05-15 06:49:00,corrective,10.7
WO003770,M16A,2026-10-19 06:47:00,inspection,83.5
WO003771,M13B,2026-05-01 02:54:00,PM,76.9
WO003772,M13A,2026-02-08 15:36:00,corrective,105.5
WO003773,M04A,2026-08-20 00:14:00,inspection,14.9
WO003774,M16B,2026-05-18 14:00:00,corrective,160.4
WO003775,M15B,2026-02-13 06:58:00,calibration,61.7
WO003776,M02A,2026-10-16 07:10:00,inspection,100.7
WO003777,M18A,2026-04-26 19:58:00,inspection,64.5
WO003778,M19A,2026-06-27 05:40:00,calibration,41.5
WO003779,M11A,2026-10-23 22:02:00,corrective,138.5
WO003780,M11A,2026-07-17 12:04:00,inspection,8.3
WO003781,M18A,2026-02-19 12:13:00,inspection,75.9
WO003782,M27A,2026-04-24 00:17:00,corrective,60.5
WO003783,M19B,2026-09-21 00:52:00,calibration,60.8
WO003784,M28B,2026-08-26 16:27:00,corrective,57.4
WO003785,M20B,2026-10-24 14:48:00,inspection,26.7
WO003786,M13B,2026-07-31 22:56:00,corrective,58.9
WO003787,M26A,2026-02-27 06:11:00,PM,50.7
WO003788,M12B,2026-08-31 07:44:00,PM,69.5
WO003789,M28B,2026-03-27 04:28:00,calibration,84.9
WO003790,M08B,2026-02-19 15:24:00,corrective,51.7
WO003791,M05B,2026-02-05 09:42:00,corrective,84.2
WO003792,M18A,2026-08-03 06:50:00,calibration,12.5
WO003793,M04B,2026-09-13 05:21:00,PM,87.5
WO003794,M08A,2026-04-11 15:49:00,PM,58.6
WO003795,M02A,2026-05-08 12:07:00,inspection,94.3
WO003796,M03B,2026-07-18 12:41:00,PM,19.8
WO003797,M19B,2026-04-16 21:34:00,PM,110.0
WO003798,M02A,2026-07-24 21:42:00,PM,77.9
WO003799,M18A,2026-05-20 00:05:00,PM,147.7
WO003800,M13A,2026-10-23 01:42:00,corrective,87.8
WO003801,M19A,2026-06-02 06:24:00,inspection,119.1
WO003802,M28B,2026-06-30 21:03:00,calibration,138.7
WO003803,M27B,2026-06-20 06:26:00,PM,43.8
WO003804,M16B,2026-01-16 08:58:00,PM,39.5
WO003805,M01B,2026-07-01 20:29:00,inspection,21.8
WO003806,M04A,2026-02-17 02:36:00,corrective,28.8
WO003807,M08B,2026-07-06 13:20:00,calibration,88.3
WO003808,M09A,2026-08-12 16:13:00,PM,21.4
WO003809,M13B,2026-02-21 11:27:00,PM,36.6
WO003810,M15A,2026-09-03 13:54:00,corrective,68.1
WO003811,M03A,2026-05-17 08:13:00,corrective,54.6
WO003812,M23A,2026-08-30 12:55:00,corrective,23.7
WO003813,M20A,2026-01-03 07:20:00,PM,104.2
WO003814,M27A,2026-05-31 05:25:00,inspection,97.6
WO003815,M10B,2026-02-19 23:57:00,PM,82.3
WO003816,M23B,2026-04-10 18:29:00,corrective,48.9
WO003817,M07A,2026-04-05 11:49:00,PM,74.1
WO003818,M20A,2026-06-30 05:42:00,PM,79.8
WO003819,M18B,2026-05-18 15:42:00,PM,64.0
WO003820,M18B,2026-03-02 01:08:00,PM,116.7
WO003821,M16A,2026-07-13 07:06:00,calibration,62.7
WO003822,M18A,2026-06-25 08:58:00,corrective,124.3
WO003823,M02B,2026-07-18 06:05:00,corrective,69.9
WO003824,M05A,2026-04-21 05:28:00,PM,40.0
WO003825,M17B,2026-03-29 10:24:00,PM,25.0
WO003826,M07A,2026-05-13 22:37:00,PM,60.0
WO003827,M09B,2026-06-19 02:14:00,inspection,36.6
WO003828,M23A,2026-06-16 09:01:00,PM,9.7
WO003829,M19B,2026-08-31 17:13:00,PM,73.2
WO003830,M26B,2026-09-08 14:38:00,PM,35.5
WO003831,M01A,2026-03-31 18:27:00,calibration,46.3
WO003832,M26B,2026-03-15 12:59:00,PM,42.0
WO003833,M20B,2026-04-30 10:46:00,corrective,108.9
WO003834,M15A,2026-09-29 00:14:00,PM,147.8
WO003835,M17B,2026-08-26 16:04:00,PM,72.2
WO003836,M14B,2026-04-18 18:23:00,inspection,141.4
WO003837,M15A,2026-08-12 10:47:00,calibration,78.4
WO003838,M03B,2026-04-25 22:18:00,PM,48.1
WO003839,M06A,2026-09-08 08:13:00,PM,22.3
WO003840,M02A,2026-06-16 14:52:00,inspection,34.0
WO003841,M14B,2026-04-12 08:01:00,calibration,79.9
WO003842,M23B,2026-08-15 15:57:00,inspection,95.8
WO003843,M28B,2026-10-01 23:31:00,inspection,41.4
WO003844,M05A,2026-04-22 01:03:00,corrective,49.0
WO003845,M24A,2026-07-16 02:52:00,PM,155.2
WO003846,M28A,2026-10-25 00:29:00,calibration,34.5
WO003847,M17A,2026-05-30 20:07:00,PM,114.0
WO003848,M15B,2026-01-15 11:10:00,corrective,22.5
WO003849,M21B,2026-06-29 12:33:00,PM,98.7
WO003850,M22A,2026-07-05 05:29:00,corrective,63.3
WO003851,M16A,2026-05-21 12:42:00,corrective,37.5
WO003852,M17B,2026-01-24 06:44:00,inspection,63.1
WO003853,M10A,2026-04-20 21:39:00,calibration,94.4
WO003854,M25A,2026-04-11 04:45:00,PM,16.5
WO003855,M10A,2026-01-11 22:33:00,inspection,26.4
WO003856,M17B,2026-07-01 01:25:00,PM,27.9
WO003857,M19B,2026-10-24 19:25:00,corrective,27.5
WO003858,M26A,2026-06-08 05:16:00,corrective,71.1
WO003859,M14B,2026-06-24 17:40:00,PM,50.4
WO003860,M18B,2026-05-18 19:17:00,PM,74.7
WO003861,M13A,2026-07-12 15:47:00,PM,160.2
WO003862,M10A,2026-06-28 23:00:00,PM,77.3
WO003863,M06B,2026-02-23 23:43:00,corrective,72.3
WO003864,M20B,2026-07-21 18:30:00,PM,54.6
WO003865,M23A,2026-04-28 16:51:00,PM,30.3
WO003866,M19A,2026-08-23 01:12:00,PM,63.0
WO003867,M12A,2026-06-14 20:05:00,PM,47.9
WO003868,M11B,2026-10-01 09:51:00,inspection,96.0
WO003869,M19B,2026-01-21 23:11:00,PM,25.6
WO003870,M26A,2026-10-25 05:26:00,inspection,57.3
WO003871,M16A,2026-06-24 23:22:00,calibration,70.2
WO003872,M23B,2026-02-21 17:50:00,inspection,29.4
WO003873,M09A,2026-06-30 10:25:00,PM,56.5
WO003874,M06A,2026-05-22 14:40:00,inspection,42.9
WO003875,M14A,2026-08-26 09:55:00,PM,23.8
WO003876,M22B,2026-08-17 04:07:00,inspection,59.7
WO003877,M08B,2026-07-11 20:36:00,PM,5.0
WO003878,M10A,2026-08-07 07:02:00,PM,51.8
WO003879,M11B,2026-08-19 22:58:00,calibration,40.9
WO003880,M12A,2026-07-04 04:43:00,PM,90.2
WO003881,M08A,2026-04-05 19:13:00,corrective,59.3
WO003882,M15B,2026-04-29 09:04:00,PM,204.0
WO003883,M18A,2026-04-15 06:35:00,calibration,83.6
WO003884,M07A,2026-06-07 12:00:00,calibration,32.5
WO003885,M23A,2026-08-15 09:55:00,inspection,42.8
WO003886,M11B,2026-10-22 09:41:00,corrective,30.5
WO003887,M23A,2026-06-01 03:35:00,PM,77.2
WO003888,M14A,2026-03-04 00:59:00,PM,23.5
WO003889,M26A,2026-07-25 16:31:00,corrective,156.9
WO003890,M22A,2026-01-04 11:56:00,inspection,43.3
WO003891,M22B,2026-01-18 01:42:00,PM,119.8
WO003892,M21B,2026-03-13 04:50:00,corrective,11.3
WO003893,M04B,2026-09-12 11:57:00,inspection,102.9
WO003894,M23B,2026-07-25 02:47:00,PM,71.5
WO003895,M23B,2026-07-28 00:39:00,PM,5.0
WO003896,M07B,2026-05-23 10:25:00,inspection,100.9
WO003897,M19B,2026-10-17 17:47:00,PM,42.2
WO003898,M21B,2026-08-21 10:38:00,corrective,133.8
WO003899,M02A,2026-01-01 13:17:00,inspection,50.8
WO003900,M11A,2026-07-23 04:59:00,PM,81.3
WO003901,M17A,2026-01-16 14:06:00,calibration,112.5
WO003902,M07B,2026-09-26 10:48:00,calibration,37.5
WO003903,M04B,2026-01-28 23:34:00,PM,53.7
WO003904,M22B,2026-03-20 18:43:00,inspection,61.1
WO003905,M23A,2026-07-07 10:10:00,calibration,52.3
WO003906,M14B,2026-06-12 03:13:00,corrective,11.5
WO003907,M16A,2026-03-22 21:57:00,PM,19.3
WO003908,M07B,2026-01-05 06:21:00,PM,110.2
WO003909,M16A,2026-02-17 11:23:00,inspection,35.9
WO003910,M09B,2026-01-13 21:13:00,corrective,66.5
WO003911,M08B,2026-02-24 02:33:00,inspection,19.0
WO003912,M09A,2026-01-03 14:07:00,PM,54.2
WO003913,M20B,2026-06-29 15:06:00,PM,15.3
WO003914,M05A,2026-06-06 06:41:00,PM,80.0
WO003915,M02A,2026-05-03 13:04:00,PM,6.0
WO003916,M20B,2026-10-22 09:26:00,corrective,94.9
WO003917,M22A,2026-01-13 05:40:00,PM,66.5
WO003918,M10A,2026-03-16 16:14:00,PM,99.9
WO003919,M11B,2026-09-14 07:48:00,inspection,77.2
WO003920,M18A,2026-09-09 16:41:00,calibration,16.6
WO003921,M19B,2026-07-16 22:33:00,PM,115.4
WO003922,M02A,2026-08-10 18:50:00,inspection,23.4
WO003923,M24B,2026-07-16 02:33:00,PM,17.9
WO003924,M11B,2026-05-29 03:21:00,inspection,32.5
WO003925,M20B,2026-07-23 07:35:00,PM,145.4
WO003926,M04B,2026-10-09 19:41:00,PM,156.3
WO003927,M16B,2026-06-08 21:21:00,corrective,84.0
WO003928,M27B,2026-03-06 12:06:00,calibration,82.0
WO003929,M18A,2026-07-14 19:23:00,PM,50.5
WO003930,M01A,2026-02-18 15:32:00,PM,46.4
WO003931,M18B,2026-02-14 21:04:00,PM,40.6
WO003932,M14B,2026-09-22 23:26:00,calibration,40.2
WO003933,M17A,2026-08-28 18:59:00,corrective,5.0
WO003934,M28A,2026-05-28 16:50:00,PM,59.5
WO003935,M11B,2026-06-22 16:21:00,corrective,64.7
WO003936,M17B,2026-03-11 20:43:00,PM,39.7
WO003937,M05A,2026-05-28 07:29:00,calibration,136.1
WO003938,M25B,2026-10-25 14:46:00,PM,58.8
WO003939,M26B,2026-03-21 08:46:00,inspection,121.6
WO003940,M20A,2026-02-15 02:05:00,inspection,24.3
WO003941,M13A,2026-08-20 04:42:00,inspection,57.8
WO003942,M12B,2026-01-21 17:43:00,calibration,91.1
WO003943,M13B,2026-02-11 20:01:00,calibration,128.5
WO003944,M25B,2026-06-12 03:20:00,inspection,99.5
WO003945,M25A,2026-07-06 09:32:00,PM,19.5
WO003946,M01A,2026-05-29 15:05:00,inspection,9.8
WO003947,M10A,2026-04-10 22:18:00,inspection,23.7
WO003948,M26B,2026-01-30 03:57:00,calibration,11.3
WO003949,M22A,2026-01-25 17:18:00,PM,30.9
WO003950,M10A,2026-06-26 20:05:00,inspection,67.9
WO003951,M25A,2026-07-17 10:57:00,PM,10.4
WO003952,M11A,2026-05-06 03:31:00,inspection,22.5
WO003953,M18A,2026-03-15 11:07:00,inspection,111.8
WO003954,M01B,2026-01-19 20:52:00,PM,14.8
WO003955,M19B,2026-05-28 12:40:00,PM,102.2
WO003956,M24A,2026-03-10 19:10:00,PM,60.1
WO003957,M09A,2026-06-19 12:03:00,calibration,50.2
WO003958,M12B,2026-09-26 00:32:00,corrective,48.0
WO003959,M13A,2026-07-19 13:21:00,corrective,66.2
WO003960,M26B,2026-09-06 20:55:00,PM,69.8
WO003961,M03A,2026-02-23 02:26:00,calibration,14.2
WO003962,M17B,2026-08-03 07:03:00,inspection,40.3
WO003963,M15A,2026-01-15 07:34:00,PM,33.4
WO003964,M07A,2026-06-12 16:24:00,calibration,17.2
WO003965,M05B,2026-07-11 23:59:00,PM,43.9
WO003966,M04B,2026-03-21 06:21:00,corrective,75.6
WO003967,M23B,2026-05-19 13:11:00,PM,145.6
WO003968,M20A,2026-04-08 05:23:00,calibration,31.7
WO003969,M18A,2026-04-03 18:30:00,calibration,41.0
WO003970,M14B,2026-09-30 18:51:00,corrective,115.6
WO003971,M08B,2026-03-28 22:33:00,PM,18.7
WO003972,M16B,2026-09-22 19:40:00,corrective,107.8
WO003973,M23B,2026-05-11 15:55:00,PM,81.5
WO003974,M18A,2026-01-11 15:50:00,inspection,106.8
WO003975,M27B,2026-04-05 23:07:00,inspection,31.3
WO003976,M19B,2026-05-29 17:40:00,PM,128.4
WO003977,M26A,2026-05-18 23:21:00,PM,62.5
WO003978,M03A,2026-03-08 16:47:00,PM,80.8
WO003979,M25B,2026-09-29 22:54:00,corrective,47.2
WO003980,M13B,2026-04-20 20:37:00,calibration,17.7
WO003981,M23B,2026-03-18 17:57:00,calibration,10.2
WO003982,M09B,2026-10-03 16:27:00,PM,23.7
WO003983,M23A,2026-03-24 01:15:00,PM,46.6
WO003984,M01B,2026-04-12 00:01:00,calibration,68.3
WO003985,M05A,2026-04-01 07:49:00,PM,48.6
WO003986,M09B,2026-05-05 04:15:00,calibration,67.8
WO003987,M07B,2026-03-02 18:56:00,PM,77.9
WO003988,M06B,2026-09-14 12:49:00,calibration,48.2
WO003989,M23A,2026-06-14 16:25:00,PM,42.2
WO003990,M14A,2026-05-05 08:02:00,corrective,72.3
WO003991,M10A,2026-08-03 06:21:00,PM,45.3
WO003992,M13A,2026-01-03 05:52:00,calibration,11.7
WO003993,M16A,2026-04-05 08:22:00,corrective,12.8
WO003994,M06B,2026-04-11 09:45:00,PM,72.6
WO003995,M01A,2026-09-13 19:50:00,PM,60.7
WO003996,M13A,2026-07-05 00:43:00,corrective,21.4
WO003997,M04A,2026-04-08 22:18:00,corrective,30.3
WO003998,M10A,2026-08-08 14:51:00,PM,78.1
WO003999,M03B,2026-09-08 15:41:00,PM,84.9
WO004000,M15A,2026-10-19 07:52:00,PM,235.9
WO004001,M09B,2026-02-27 15:19:00,PM,39.0
WO004002,M07B,2026-03-15 07:37:00,corrective,10.7
WO004003,M18B,2026-04-08 15:19:00,corrective,53.1
WO004004,M02B,2026-06-20 10:21:00,corrective,22.3
WO004005,M06B,2026-02-10 23:16:00,corrective,169.9
WO004006,M02B,2026-01-21 03:05:00,PM,57.1
WO004007,M27B,2026-05-07 09:41:00,PM,65.3
WO004008,M03A,2026-05-22 05:40:00,calibration,44.6
WO004009,M01A,2026-05-25 18:17:00,inspection,32.2
WO004010,M14A,2026-06-02 16:40:00,PM,50.9
WO004011,M25A,2026-06-03 10:52:00,PM,42.7
WO004012,M14B,2026-07-27 03:39:00,inspection,33.3
WO004013,M03B,2026-03-29 19:17:00,corrective,47.9
WO004014,M05A,2026-07-21 23:36:00,corrective,27.3
WO004015,M08A,2026-02-10 00:57:00,calibration,36.0
WO004016,M25B,2026-10-19 21:48:00,corrective,17.9
WO004017,M03A,2026-08-22 20:55:00,corrective,34.6
WO004018,M15B,2026-05-15 22:47:00,calibration,137.2
WO004019,M12B,2026-02-18 02:49:00,corrective,67.2
WO004020,M11A,2026-06-18 11:23:00,inspection,177.8
WO004021,M18B,2026-02-07 21:37:00,PM,124.4
WO004022,M01B,2026-07-01 14:35:00,PM,17.7
WO004023,M27B,2026-08-31 08:20:00,corrective,103.4
WO004024,M27A,2026-08-21 14:59:00,PM,34.0
WO004025,M12A,2026-09-09 08:34:00,corrective,50.2
WO004026,M08A,2026-06-30 21:07:00,calibration,40.2
WO004027,M03B,2026-01-03 10:58:00,inspection,47.2
WO004028,M27A,2026-09-13 12:25:00,inspection,65.7
WO004029,M24A,2026-07-24 18:25:00,PM,34.9
WO004030,M25B,2026-08-24 09:42:00,PM,67.1
WO004031,M10A,2026-08-26 18:11:00,PM,26.4
WO004032,M07B,2026-10-07 13:14:00,PM,40.7
WO004033,M21A,2026-02-24 19:50:00,calibration,72.6
WO004034,M12A,2026-01-06 22:08:00,inspection,16.0
WO004035,M08A,2026-03-14 23:23:00,corrective,26.0
WO004036,M14A,2026-02-11 21:25:00,calibration,59.7
WO004037,M16A,2026-10-09 18:12:00,calibration,70.1
WO004038,M24A,2026-02-23 04:01:00,calibration,157.0
WO004039,M07A,2026-09-24 09:02:00,inspection,7.8
WO004040,M24B,2026-04-16 05:59:00,corrective,51.1
WO004041,M06A,2026-05-11 14:53:00,PM,111.5
WO004042,M13B,2026-03-29 00:12:00,inspection,66.6
WO004043,M28B,2026-10-08 20:55:00,calibration,75.4
WO004044,M26A,2026-05-01 10:24:00,calibration,31.6
WO004045,M18A,2026-03-10 20:05:00,PM,26.8
WO004046,M11B,2026-01-07 09:56:00,PM,93.6
WO004047,M23B,2026-07-22 08:30:00,calibration,24.6
WO004048,M05A,2026-01-22 16:07:00,PM,151.4
WO004049,M28A,2026-05-27 23:43:00,inspection,45.4
WO004050,M11A,2026-09-12 23:30:00,corrective,57.6
WO004051,M09A,2026-03-04 12:13:00,calibration,60.5
WO004052,M16A,2026-10-08 18:36:00,PM,26.7
WO004053,M27A,2026-08-09 11:09:00,corrective,104.1
WO004054,M22A,2026-03-09 04:00:00,PM,43.9
WO004055,M17B,2026-09-11 15:53:00,PM,22.4
WO004056,M13B,2026-05-06 13:01:00,PM,17.0
WO004057,M08B,2026-05-17 15:53:00,inspection,32.0
WO004058,M21B,2026-06-19 16:41:00,inspection,14.8
WO004059,M08B,2026-05-21 19:09:00,PM,77.0
WO004060,M12B,2026-09-27 02:31:00,PM,31.9
WO004061,M01A,2026-03-10 15:03:00,corrective,14.9
WO004062,M06B,2026-03-28 09:35:00,corrective,90.3
WO004063,M03B,2026-01-20 20:23:00,PM,42.7
WO004064,M15B,2026-04-17 09:05:00,corrective,65.0
WO004065,M12B,2026-07-12 11:41:00,PM,85.5
WO004066,M23B,2026-05-19 14:49:00,PM,37.2
WO004067,M26B,2026-10-14 20:19:00,PM,43.7
WO004068,M12B,2026-06-20 14:44:00,corrective,33.9
WO004069,M12A,2026-10-16 19:56:00,corrective,69.4
WO004070,M26A,2026-05-09 14:57:00,inspection,66.4
WO004071,M26A,2026-10-08 00:18:00,PM,98.4
WO004072,M14B,2026-04-13 10:54:00,PM,5.0
WO004073,M06B,2026-03-06 18:18:00,PM,39.2
WO004074,M26A,2026-05-26 21:11:00,corrective,121.4
WO004075,M06B,2026-06-25 15:04:00,inspection,56.4
WO004076,M10B,2026-02-14 12:43:00,PM,38.8
WO004077,M26B,2026-01-26 21:58:00,corrective,56.1
WO004078,M02B,2026-07-21 08:12:00,corrective,8.2
WO004079,M20B,2026-07-20 06:07:00,PM,112.2
WO004080,M04B,2026-09-15 13:40:00,corrective,99.9
WO004081,M18B,2026-09-15 17:43:00,corrective,43.5
WO004082,M03A,2026-02-21 12:54:00,PM,64.4
WO004083,M10B,2026-03-19 01:46:00,calibration,87.5
WO004084,M19B,2026-10-20 02:58:00,PM,38.3
WO004085,M04B,2026-08-14 17:32:00,PM,46.2
WO004086,M17A,2026-09-03 20:53:00,PM,91.4
WO004087,M07B,2026-01-16 18:05:00,PM,28.9
WO004088,M28A,2026-03-12 11:41:00,inspection,98.4
WO004089,M28A,2026-05-05 08:40:00,inspection,35.5
WO004090,M03B,2026-10-14 21:37:00,PM,41.7
WO004091,M03B,2026-03-10 00:13:00,PM,86.5
WO004092,M03A,2026-05-13 08:13:00,corrective,40.4
WO004093,M21B,2026-04-18 17:53:00,PM,86.4
WO004094,M22A,2026-05-30 08:22:00,PM,36.5
WO004095,M08B,2026-10-11 07:18:00,PM,163.2
WO004096,M12B,2026-07-11 22:18:00,PM,115.7
WO004097,M17A,2026-01-22 01:53:00,corrective,79.6
WO004098,M05A,2026-10-14 04:57:00,PM,32.0
WO004099,M22A,2026-04-26 08:31:00,PM,142.4
WO004100,M07A,2026-08-19 13:48:00,corrective,75.9
WO004101,M10B,2026-03-30 12:45:00,corrective,74.1
WO004102,M02A,2026-01-11 05:19:00,inspection,52.3
WO004103,M02B,2026-06-22 23:15:00,PM,75.5
WO004104,M11A,2026-10-08 12:17:00,PM,39.6
WO004105,M18A,2026-07-29 20:03:00,PM,61.0
WO004106,M12A,2026-02-16 06:42:00,corrective,87.2
WO004107,M23B,2026-01-22 02:48:00,PM,71.5
WO004108,M21B,2026-02-24 08:00:00,inspection,76.6
WO004109,M11A,2026-08-16 23:06:00,inspection,7.6
WO004110,M09A,2026-06-11 12:39:00,calibration,64.0
WO004111,M19A,2026-02-25 16:24:00,PM,106.6
WO004112,M22A,2026-04-14 19:13:00,corrective,18.2
WO004113,M17A,2026-01-21 22:14:00,inspection,7.8
WO004114,M23A,2026-10-20 13:06:00,inspection,47.0
WO004115,M04B,2026-07-14 09:02:00,corrective,47.6
WO004116,M13B,2026-07-10 17:50:00,PM,56.0
WO004117,M05A,2026-10-09 16:39:00,inspection,33.2
WO004118,M01A,2026-06-23 15:28:00,inspection,51.2
WO004119,M27A,2026-08-19 10:41:00,PM,32.6
WO004120,M22A,2026-02-04 10:28:00,PM,86.1
WO004121,M26A,2026-06-24 23:17:00,PM,80.2
WO004122,M01A,2026-04-14 19:19:00,inspection,29.1
WO004123,M09B,2026-09-01 10:03:00,PM,55.1
WO004124,M03B,2026-04-27 02:19:00,PM,49.7
WO004125,M21B,2026-07-15 08:35:00,PM,69.4
WO004126,M09B,2026-04-29 02:30:00,PM,46.3
WO004127,M14A,2026-06-15 23:22:00,calibration,51.0
WO004128,M09B,2026-09-12 19:22:00,PM,25.6
WO004129,M13A,2026-05-16 09:38:00,PM,40.5
WO004130,M26B,2026-06-29 06:03:00,inspection,22.7
WO004131,M07A,2026-01-12 23:25:00,corrective,41.1
WO004132,M19A,2026-06-12 16:13:00,PM,31.3
WO004133,M26B,2026-06-02 00:23:00,PM,57.7
WO004134,M09B,2026-09-09 09:26:00,PM,88.8
WO004135,M13A,2026-09-11 02:40:00,corrective,42.3
WO004136,M11A,2026-08-10 23:34:00,corrective,9.4
WO004137,M03B,2026-02-20 01:39:00,corrective,85.6
WO004138,M03A,2026-10-20 21:17:00,PM,33.7
WO004139,M22B,2026-05-28 04:00:00,inspection,55.4
WO004140,M01B,2026-06-12 17:15:00,corrective,68.0
WO004141,M07A,2026-04-14 08:31:00,PM,30.5
WO004142,M10A,2026-05-29 09:29:00,PM,49.5
WO004143,M27B,2026-04-13 15:38:00,inspection,40.7
WO004144,M01A,2026-08-10 13:52:00,corrective,37.2
WO004145,M08B,2026-08-03 03:15:00,corrective,40.8
WO004146,M23B,2026-03-18 21:37:00,corrective,14.3
WO004147,M10A,2026-05-15 23:09:00,corrective,84.7
WO004148,M11A,2026-10-02 11:57:00,PM,148.4
WO004149,M02B,2026-02-21 10:14:00,PM,57.5
WO004150,M19B,2026-05-27 20:48:00,PM,41.1
WO004151,M06B,2026-01-11 00:11:00,PM,29.9
WO004152,M22B,2026-05-10 01:40:00,PM,89.4
WO004153,M10A,2026-09-27 01:08:00,inspection,52.8
WO004154,M04A,2026-08-06 12:06:00,corrective,93.2
WO004155,M23B,2026-08-16 03:53:00,PM,29.1
WO004156,M07A,2026-01-07 03:50:00,PM,47.4
WO004157,M20A,2026-01-30 18:15:00,corrective,66.5
WO004158,M02A,2026-07-09 11:51:00,corrective,38.4
WO004159,M24A,2026-03-21 10:24:00,corrective,44.6
WO004160,M27A,2026-06-06 08:52:00,PM,34.9
WO004161,M15B,2026-04-03 18:48:00,calibration,105.2
WO004162,M05A,2026-05-26 21:22:00,corrective,155.7
WO004163,M22B,2026-04-18 14:21:00,calibration,111.1
WO004164,M18A,2026-09-03 19:52:00,corrective,50.4
WO004165,M01A,2026-03-06 20:18:00,inspection,33.9
WO004166,M27B,2026-05-21 14:08:00,corrective,141.0
WO004167,M24A,2026-07-23 08:50:00,PM,86.9
WO004168,M12B,2026-06-03 19:44:00,PM,49.7
WO004169,M17B,2026-01-18 08:52:00,calibration,161.9
WO004170,M10B,2026-05-06 19:16:00,inspection,56.6
WO004171,M11B,2026-01-13 23:52:00,corrective,106.9
WO004172,M14A,2026-02-19 12:31:00,calibration,141.1
WO004173,M14A,2026-04-16 09:37:00,PM,59.9
WO004174,M14A,2026-01-21 22:56:00,PM,47.5
WO004175,M07A,2026-06-21 12:15:00,inspection,46.5
WO004176,M26B,2026-04-28 03:46:00,PM,23.8
WO004177,M03A,2026-06-06 08:08:00,PM,48.4
WO004178,M11B,2026-05-13 01:56:00,calibration,13.1
WO004179,M13A,2026-05-29 11:46:00,calibration,67.7
WO004180,M01A,2026-06-06 23:22:00,calibration,44.4
WO004181,M03A,2026-08-09 05:16:00,PM,106.2
WO004182,M03A,2026-04-28 03:14:00,inspection,49.4
WO004183,M13B,2026-05-31 03:46:00,PM,67.9
WO004184,M07A,2026-06-06 10:15:00,calibration,127.3
WO004185,M07B,2026-02-19 19:43:00,PM,93.8
WO004186,M16A,2026-01-14 10:31:00,PM,21.7
WO004187,M27B,2026-08-22 15:46:00,inspection,47.1
WO004188,M15A,2026-10-19 19:16:00,PM,17.6
WO004189,M13A,2026-06-19 17:05:00,PM,48.5
WO004190,M16A,2026-06-14 14:45:00,PM,29.7
WO004191,M11B,2026-03-18 01:57:00,corrective,46.3
WO004192,M15A,2026-01-11 15:17:00,inspection,45.2
WO004193,M17A,2026-06-09 12:10:00,corrective,22.4
WO004194,M28B,2026-03-30 16:24:00,inspection,94.1
WO004195,M27A,2026-07-01 01:31:00,PM,100.4
WO004196,M12A,2026-09-21 18:41:00,PM,14.8
WO004197,M03A,2026-08-31 17:12:00,PM,41.6
WO004198,M24B,2026-03-18 09:46:00,PM,40.9
WO004199,M02A,2026-01-26 11:41:00,corrective,73.9
WO004200,M27B,2026-02-01 18:50:00,PM,27.2
WO004201,M17B,2026-09-24 05:59:00,corrective,33.1
WO004202,M07A,2026-10-08 07:25:00,corrective,69.8
WO004203,M27A,2026-04-05 11:53:00,PM,11.6
WO004204,M14B,2026-04-18 11:44:00,PM,128.6
WO004205,M26A,2026-05-11 23:08:00,PM,43.2
WO004206,M12A,2026-10-09 15:33:00,calibration,151.2
WO004207,M25B,2026-07-10 00:40:00,PM,49.1
WO004208,M17A,2026-09-20 19:38:00,PM,143.1
WO004209,M26A,2026-06-26 23:57:00,PM,65.9
WO004210,M09A,2026-07-19 05:13:00,PM,94.3
WO004211,M12A,2026-07-15 16:59:00,PM,124.5
WO004212,M22B,2026-10-13 08:40:00,corrective,103.3
WO004213,M26A,2026-05-29 01:55:00,PM,79.5
WO004214,M12B,2026-06-16 16:25:00,corrective,79.6
WO004215,M18A,2026-08-10 21:47:00,corrective,57.5
WO004216,M14B,2026-01-29 04:30:00,calibration,29.7
WO004217,M19A,2026-04-29 01:07:00,PM,15.4
WO004218,M11A,2026-05-17 01:13:00,PM,102.3
WO004219,M16B,2026-02-12 14:07:00,calibration,77.2
WO004220,M17A,2026-07-17 17:17:00,inspection,103.7
WO004221,M01A,2026-06-27 19:09:00,PM,100.9
WO004222,M25B,2026-02-15 14:05:00,PM,95.6
WO004223,M15A,2026-10-06 03:23:00,inspection,85.2
WO004224,M21B,2026-02-09 22:12:00,PM,38.7
WO004225,M05B,2026-06-09 01:24:00,corrective,120.3
WO004226,M01B,2026-07-04 18:39:00,PM,67.6
WO004227,M23A,2026-10-11 04:32:00,PM,45.3
WO004228,M22A,2026-09-17 10:45:00,corrective,31.3
WO004229,M25B,2026-04-22 22:07:00,PM,15.3
WO004230,M26A,2026-07-18 22:02:00,PM,91.8
WO004231,M11B,2026-05-29 00:17:00,PM,49.9
WO004232,M12A,2026-09-23 14:51:00,PM,61.5
WO004233,M09A,2026-06-18 17:28:00,PM,27.9
WO004234,M27B,2026-04-08 09:40:00,PM,35.2
WO004235,M21A,2026-04-22 23:38:00,inspection,97.1
WO004236,M06A,2026-09-26 03:20:00,inspection,98.9
WO004237,M27A,2026-08-07 19:24:00,PM,26.4
WO004238,M28A,2026-03-02 22:31:00,PM,26.3
WO004239,M02A,2026-02-14 02:05:00,corrective,26.6
WO004240,M27B,2026-10-14 03:22:00,PM,66.2
WO004241,M14B,2026-03-24 19:19:00,corrective,55.4
WO004242,M03B,2026-08-30 03:41:00,corrective,9.8
WO004243,M12B,2026-10-18 14:13:00,corrective,43.7
WO004244,M18B,2026-02-28 15:59:00,inspection,36.0
WO004245,M25A,2026-09-04 02:23:00,PM,40.7
WO004246,M11A,2026-03-31 15:13:00,PM,165.2
WO004247,M06A,2026-07-09 13:59:00,inspection,52.4
WO004248,M16A,2026-09-07 11:04:00,PM,127.7
WO004249,M15B,2026-08-27 08:28:00,corrective,111.8
WO004250,M23A,2026-07-14 13:41:00,calibration,38.4
WO004251,M24B,2026-08-30 23:19:00,corrective,45.1
WO004252,M06B,2026-04-23 17:19:00,PM,102.2
WO004253,M05B,2026-09-22 15:17:00,corrective,16.9
WO004254,M18A,2026-04-18 17:05:00,PM,27.5
WO004255,M13A,2026-02-23 20:49:00,PM,52.1
WO004256,M08B,2026-10-03 17:11:00,corrective,27.0
WO004257,M20A,2026-02-22 11:47:00,corrective,109.4
WO004258,M05B,2026-10-10 19:32:00,calibration,37.6
WO004259,M10A,2026-07-15 17:09:00,corrective,104.7
WO004260,M21A,2026-01-15 14:17:00,calibration,64.9
WO004261,M09B,2026-02-06 16:37:00,inspection,45.3
WO004262,M14B,2026-04-26 18:16:00,PM,9.3
WO004263,M27B,2026-03-13 21:09:00,calibration,7.4
WO004264,M06B,2026-01-15 18:53:00,corrective,15.2
WO004265,M05B,2026-03-22 15:33:00,inspection,74.3
WO004266,M02A,2026-09-01 10:21:00,PM,130.1
WO004267,M27A,2026-10-01 13:47:00,calibration,147.8
WO004268,M01B,2026-03-30 16:16:00,PM,89.8
WO004269,M20B,2026-02-14 12:35:00,corrective,5.1
WO004270,M24A,2026-03-04 04:17:00,corrective,83.0
WO004271,M27B,2026-04-04 17:20:00,PM,126.3
WO004272,M12A,2026-04-21 17:49:00,PM,26.2
WO004273,M28B,2026-04-26 23:09:00,PM,21.4
WO004274,M10B,2026-01-13 14:20:00,PM,204.8
WO004275,M05B,2026-05-04 07:41:00,PM,14.9
WO004276,M07B,2026-05-29 00:30:00,PM,70.8
WO004277,M10B,2026-02-10 00:24:00,inspection,74.9
WO004278,M16A,2026-09-22 22:34:00,corrective,132.4
WO004279,M10B,2026-08-30 21:28:00,corrective,65.3
WO004280,M01A,2026-01-10 01:38:00,corrective,60.4
WO004281,M17A,2026-07-09 04:15:00,calibration,104.0
WO004282,M13B,2026-10-03 12:10:00,inspection,11.2
WO004283,M15B,2026-04-09 17:17:00,calibration,79.6
WO004284,M18B,2026-04-26 06:02:00,calibration,13.9
WO004285,M05A,2026-06-18 05:23:00,inspection,9.1
WO004286,M26B,2026-09-30 21:18:00,corrective,93.5
WO004287,M26B,2026-08-17 23:13:00,inspection,87.8
WO004288,M14A,2026-07-25 17:41:00,PM,41.5
WO004289,M06A,2026-10-06 03:34:00,PM,80.1
WO004290,M26A,2026-07-13 16:41:00,inspection,23.7
WO004291,M10B,2026-03-02 23:10:00,calibration,64.6
WO004292,M16B,2026-01-13 10:47:00,corrective,114.8
WO004293,M04A,2026-04-17 05:24:00,inspection,91.2
WO004294,M06A,2026-09-07 03:42:00,calibration,35.8
WO004295,M07A,2026-03-18 17:24:00,calibration,34.2
WO004296,M06A,2026-01-03 19:09:00,corrective,62.0
WO004297,M14A,2026-02-01 23:15:00,PM,36.8
WO004298,M25B,2026-06-09 07:58:00,corrective,53.8
WO004299,M28A,2026-03-14 03:19:00,corrective,25.0
WO004300,M20B,2026-07-21 17:34:00,PM,43.1
WO004301,M11B,2026-04-11 21:03:00,PM,19.7
WO004302,M01B,2026-06-13 19:05:00,PM,11.6
WO004303,M15B,2026-04-24 07:49:00,corrective,53.3
WO004304,M17A,2026-04-15 00:41:00,corrective,14.8
WO004305,M10B,2026-04-30 18:40:00,PM,73.9
WO004306,M21B,2026-08-24 06:10:00,corrective,27.4
WO004307,M24A,2026-02-08 07:18:00,PM,56.9
WO004308,M17B,2026-03-26 19:20:00,calibration,14.3
WO004309,M23A,2026-03-31 20:18:00,PM,209.4
WO004310,M01A,2026-06-19 09:41:00,calibration,112.8
WO004311,M06B,2026-07-19 13:50:00,inspection,105.8
WO004312,M19A,2026-04-03 14:05:00,PM,44.4
WO004313,M17B,2026-09-18 06:18:00,PM,46.1
WO004314,M13B,2026-02-01 05:53:00,calibration,30.5
WO004315,M27B,2026-02-20 09:18:00,PM,132.3
WO004316,M26B,2026-01-26 05:01:00,corrective,37.7
WO004317,M23A,2026-10-05 10:58:00,corrective,37.5
WO004318,M24A,2026-06-25 05:05:00,PM,12.3
WO004319,M27A,2026-03-16 09:08:00,calibration,20.0
WO004320,M27A,2026-02-07 16:43:00,calibration,65.3
WO004321,M01B,2026-04-09 19:29:00,calibration,104.2
WO004322,M17B,2026-05-29 00:40:00,PM,49.1
WO004323,M08A,2026-04-10 01:50:00,PM,63.8
WO004324,M03B,2026-02-22 04:03:00,PM,114.7
WO004325,M10A,2026-02-18 19:48:00,calibration,64.8
WO004326,M17A,2026-08-17 15:26:00,corrective,63.4
WO004327,M04A,2026-04-24 08:23:00,calibration,74.0
WO004328,M17A,2026-03-09 09:24:00,inspection,39.4
WO004329,M15A,2026-02-04 03:40:00,calibration,136.6
WO004330,M10B,2026-09-10 10:53:00,corrective,64.5
WO004331,M24A,2026-04-23 18:38:00,corrective,191.0
WO004332,M25B,2026-05-04 09:40:00,inspection,194.4
WO004333,M28B,2026-09-24 19:23:00,PM,103.6
WO004334,M03B,2026-07-14 13:26:00,PM,76.0
WO004335,M23A,2026-09-18 08:44:00,PM,114.5
WO004336,M07B,2026-03-12 19:31:00,PM,94.0
WO004337,M23B,2026-04-29 04:20:00,corrective,72.6
WO004338,M24A,2026-03-15 14:47:00,PM,108.7
WO004339,M13A,2026-05-25 18:01:00,PM,7.9
WO004340,M15A,2026-07-31 20:55:00,PM,125.7
WO004341,M19A,2026-04-06 08:52:00,PM,69.7
WO004342,M25B,2026-01-05 06:17:00,calibration,130.3
WO004343,M21A,2026-01-23 14:30:00,calibration,144.7
WO004344,M08B,2026-04-18 08:01:00,corrective,34.1
WO004345,M27A,2026-02-16 14:05:00,inspection,37.6
WO004346,M28B,2026-05-22 08:27:00,inspection,38.9
WO004347,M22B,2026-02-04 19:29:00,calibration,40.4
WO004348,M13B,2026-10-20 00:50:00,inspection,86.1
WO004349,M20B,2026-05-01 19:59:00,inspection,137.7
WO004350,M04B,2026-04-07 04:18:00,PM,68.1
WO004351,M05B,2026-04-11 08:03:00,PM,29.8
WO004352,M28A,2026-09-08 18:31:00,calibration,23.1
WO004353,M04A,2026-03-29 00:36:00,inspection,38.4
WO004354,M11A,2026-02-16 12:57:00,calibration,37.7
WO004355,M22A,2026-06-16 19:30:00,corrective,17.2
WO004356,M26A,2026-06-04 13:35:00,PM,108.4
WO004357,M27B,2026-06-25 04:30:00,calibration,66.8
WO004358,M03A,2026-01-27 17:57:00,corrective,27.2
WO004359,M03B,2026-09-09 08:26:00,corrective,40.0
WO004360,M04B,2026-02-12 16:41:00,corrective,32.0
WO004361,M22A,2026-05-16 01:19:00,inspection,36.2
WO004362,M10B,2026-09-12 06:34:00,corrective,45.8
WO004363,M02A,2026-01-12 02:00:00,corrective,26.5
WO004364,M26A,2026-05-14 17:53:00,inspection,22.9
WO004365,M08A,2026-01-16 22:44:00,PM,61.6
WO004366,M23B,2026-08-21 03:28:00,corrective,260.6
WO004367,M13A,2026-08-03 07:46:00,PM,58.7
WO004368,M02B,2026-08-26 16:49:00,corrective,49.4
WO004369,M24A,2026-02-22 04:58:00,calibration,130.1
WO004370,M23A,2026-09-04 15:47:00,corrective,59.0
WO004371,M28B,2026-09-07 05:03:00,corrective,46.5
WO004372,M04A,2026-06-20 04:01:00,PM,37.6
WO004373,M27A,2026-05-23 01:47:00,corrective,10.7
WO004374,M02B,2026-07-23 05:49:00,inspection,24.8
WO004375,M19A,2026-07-15 23:39:00,PM,63.1
WO004376,M24A,2026-09-23 16:19:00,PM,86.0
WO004377,M17B,2026-03-28 21:00:00,corrective,15.7
WO004378,M26A,2026-02-11 08:01:00,PM,73.4
WO004379,M11B,2026-10-05 14:31:00,PM,78.7
WO004380,M21A,2026-06-10 13:11:00,inspection,42.6
WO004381,M02B,2026-01-27 01:42:00,PM,29.3
WO004382,M25B,2026-05-07 17:48:00,PM,34.8
WO004383,M09B,2026-04-29 21:31:00,corrective,105.2
WO004384,M11A,2026-09-13 22:00:00,corrective,222.9
WO004385,M16A,2026-02-14 19:58:00,inspection,34.8
WO004386,M19B,2026-10-17 22:04:00,PM,24.1
WO004387,M20B,2026-07-26 22:17:00,PM,31.2
WO004388,M07B,2026-07-19 05:07:00,PM,12.8
WO004389,M15A,2026-04-13 21:27:00,corrective,70.5
WO004390,M22A,2026-02-27 05:10:00,corrective,43.1
WO004391,M12A,2026-04-10 11:29:00,PM,48.6
WO004392,M17B,2026-06-21 00:17:00,PM,45.9
WO004393,M09B,2026-03-14 21:16:00,calibration,57.0
WO004394,M02B,2026-01-27 04:07:00,calibration,85.4
WO004395,M17A,2026-09-25 03:56:00,PM,33.7
WO004396,M27B,2026-09-04 00:02:00,PM,20.8
WO004397,M19A,2026-09-11 14:50:00,PM,49.6
WO004398,M26A,2026-06-20 09:08:00,inspection,118.7
WO004399,M17B,2026-02-12 06:32:00,inspection,128.9
WO004400,M18A,2026-06-07 07:54:00,PM,27.8
WO004401,M06A,2026-08-03 23:19:00,calibration,24.2
WO004402,M19A,2026-04-07 22:34:00,PM,5.0
WO004403,M26B,2026-09-24 21:24:00,calibration,22.3
WO004404,M22B,2026-03-04 04:29:00,calibration,125.9
WO004405,M27A,2026-08-07 22:39:00,corrective,125.2
WO004406,M20B,2026-05-31 23:01:00,PM,53.7
WO004407,M07B,2026-01-07 20:37:00,calibration,102.7
WO004408,M17A,2026-03-22 23:04:00,corrective,34.4
WO004409,M28A,2026-06-15 16:28:00,calibration,137.7
WO004410,M09B,2026-01-04 01:55:00,inspection,74.5
WO004411,M17B,2026-07-08 09:47:00,PM,122.8
WO004412,M16B,2026-03-31 17:13:00,calibration,67.9
WO004413,M21B,2026-01-01 11:41:00,corrective,24.8
WO004414,M13B,2026-09-02 03:23:00,PM,38.0
WO004415,M22A,2026-03-22 18:43:00,inspection,82.6
WO004416,M12A,2026-07-22 13:21:00,corrective,126.6
WO004417,M02B,2026-05-23 04:30:00,inspection,75.9
WO004418,M19A,2026-03-08 02:13:00,inspection,106.8
WO004419,M10B,2026-03-22 16:00:00,PM,79.8
WO004420,M05B,2026-07-13 00:32:00,PM,35.2
WO004421,M24B,2026-07-24 20:04:00,calibration,60.7
WO004422,M05A,2026-07-08 12:16:00,PM,109.5
WO004423,M01B,2026-10-16 07:16:00,PM,59.0
WO004424,M24A,2026-02-04 13:57:00,corrective,57.5
WO004425,M27B,2026-10-02 02:57:00,PM,66.0
WO004426,M04B,2026-03-19 02:38:00,calibration,150.3
WO004427,M18A,2026-06-07 02:22:00,PM,77.0
WO004428,M23B,2026-06-11 20:53:00,corrective,21.3
WO004429,M12A,2026-04-12 03:56:00,corrective,24.4
WO004430,M17A,2026-10-07 00:10:00,PM,24.9
WO004431,M27A,2026-04-05 14:11:00,PM,170.4
WO004432,M03B,2026-10-06 05:54:00,PM,125.7
WO004433,M06A,2026-06-12 05:56:00,PM,65.3
WO004434,M09A,2026-09-08 17:43:00,inspection,51.4
WO004435,M15B,2026-08-07 03:07:00,PM,107.2
WO004436,M04A,2026-01-24 07:12:00,corrective,39.0
WO004437,M21B,2026-02-05 10:53:00,PM,13.4
WO004438,M26B,2026-06-16 20:56:00,corrective,44.8
WO004439,M22A,2026-06-22 13:38:00,inspection,46.4
WO004440,M22A,2026-09-26 04:53:00,corrective,89.6
WO004441,M17B,2026-10-06 09:47:00,PM,80.9
WO004442,M02B,2026-06-28 03:34:00,PM,20.5
WO004443,M26A,2026-01-01 00:47:00,corrective,6.8
WO004444,M20B,2026-08-28 11:33:00,PM,69.2
WO004445,M09B,2026-09-09 01:56:00,corrective,66.6
WO004446,M28A,2026-06-24 21:43:00,calibration,18.7
WO004447,M19B,2026-05-22 11:50:00,corrective,30.0
WO004448,M24A,2026-04-05 12:47:00,corrective,47.7
WO004449,M12B,2026-10-21 19:23:00,PM,91.0
WO004450,M17B,2026-09-12 06:09:00,PM,22.1
WO004451,M16A,2026-01-20 14:48:00,corrective,49.9
WO004452,M10A,2026-06-06 08:23:00,PM,100.2
WO004453,M12A,2026-02-06 15:06:00,corrective,11.0
WO004454,M04B,2026-05-06 23:49:00,PM,61.0
WO004455,M17B,2026-05-12 14:37:00,PM,86.6
WO004456,M19A,2026-02-11 12:16:00,corrective,83.6
WO004457,M12A,2026-06-01 22:32:00,inspection,24.2
WO004458,M17A,2026-09-09 10:28:00,PM,100.8
WO004459,M17A,2026-02-28 02:17:00,inspection,159.1
WO004460,M21B,2026-06-24 21:39:00,calibration,30.0
WO004461,M03B,2026-07-14 07:07:00,PM,49.2
WO004462,M28B,2026-01-26 01:20:00,calibration,38.3
WO004463,M20A,2026-04-01 07:53:00,corrective,88.9
WO004464,M10A,2026-03-31 00:11:00,calibration,50.8
WO004465,M02B,2026-09-28 03:43:00,PM,80.6
WO004466,M13B,2026-04-25 07:46:00,inspection,50.8
WO004467,M26B,2026-10-03 16:02:00,calibration,25.3
WO004468,M24B,2026-07-09 14:23:00,inspection,5.0
WO004469,M13B,2026-05-18 12:49:00,corrective,42.9
WO004470,M28A,2026-10-23 00:38:00,corrective,132.4
WO004471,M12A,2026-07-22 20:42:00,corrective,67.3
WO004472,M18A,2026-02-21 05:40:00,PM,13.1
WO004473,M15B,2026-07-29 18:09:00,calibration,15.7
WO004474,M19B,2026-06-28 04:06:00,inspection,81.1
WO004475,M06A,2026-05-19 14:21:00,corrective,54.4
WO004476,M01A,2026-09-22 09:48:00,PM,103.7
WO004477,M16A,2026-01-20 18:42:00,PM,118.3
WO004478,M20B,2026-03-20 23:45:00,PM,49.0
WO004479,M09B,2026-02-07 22:01:00,PM,106.1
WO004480,M01B,2026-10-20 11:43:00,corrective,87.1
WO004481,M27B,2026-03-28 04:52:00,corrective,27.4
WO004482,M23B,2026-05-26 22:49:00,PM,161.5
WO004483,M10B,2026-04-29 14:08:00,inspection,87.1
WO004484,M14B,2026-10-08 09:20:00,PM,21.8
WO004485,M02A,2026-04-08 19:05:00,corrective,95.1
WO004486,M19A,2026-03-26 14:52:00,calibration,119.4
WO004487,M11A,2026-05-28 05:35:00,corrective,10.1
WO004488,M08A,2026-05-14 22:44:00,inspection,44.1
WO004489,M20A,2026-07-25 23:26:00,calibration,52.1
WO004490,M27A,2026-02-15 03:09:00,corrective,18.0
WO004491,M28B,2026-05-11 21:40:00,corrective,38.6
WO004492,M02A,2026-01-12 17:59:00,PM,18.7
WO004493,M09B,2026-03-02 12:35:00,corrective,16.8
WO004494,M20A,2026-04-20 06:23:00,corrective,20.2
WO004495,M15A,2026-03-30 00:59:00,calibration,22.9
WO004496,M02A,2026-03-22 09:31:00,PM,34.0
WO004497,M01A,2026-02-26 14:59:00,inspection,5.0
WO004498,M09B,2026-10-25 05:34:00,corrective,35.3
WO004499,M21B,2026-03-09 02:23:00,inspection,69.9
WO004500,M12B,2026-03-04 21:20:00,PM,109.5
WO004501,M21B,2026-08-06 18:03:00,calibration,127.9
WO004502,M17B,2026-01-23 11:57:00,PM,89.4
WO004503,M28A,2026-09-21 04:26:00,corrective,27.4
WO004504,M27A,2026-02-21 00:08:00,PM,94.7
WO004505,M17B,2026-10-14 10:13:00,PM,24.3
WO004506,M18B,2026-09-11 19:41:00,PM,63.0
WO004507,M15A,2026-04-25 06:15:00,corrective,67.4
WO004508,M18A,2026-09-10 09:50:00,PM,34.2
WO004509,M26A,2026-04-25 02:14:00,corrective,48.5
WO004510,M19B,2026-07-15 16:35:00,corrective,116.6
WO004511,M01A,2026-01-28 21:01:00,PM,64.2
WO004512,M15B,2026-04-26 05:15:00,PM,51.5
WO004513,M19A,2026-08-15 18:45:00,calibration,105.1
WO004514,M16A,2026-08-23 08:12:00,inspection,47.2
WO004515,M13A,2026-03-06 00:58:00,inspection,132.4
WO004516,M08B,2026-05-29 18:05:00,PM,59.9
WO004517,M05A,2026-03-11 19:41:00,corrective,44.0
WO004518,M27B,2026-05-04 14:08:00,inspection,76.6
WO004519,M26A,2026-09-19 19:13:00,PM,23.1
WO004520,M25A,2026-09-22 02:53:00,corrective,119.2
WO004521,M06A,2026-05-16 14:05:00,PM,62.3
WO004522,M28A,2026-10-23 21:37:00,inspection,53.0
WO004523,M17B,2026-10-19 09:43:00,inspection,56.5
WO004524,M21B,2026-09-24 06:47:00,corrective,31.9
WO004525,M03A,2026-09-16 04:37:00,inspection,37.1
WO004526,M25A,2026-07-08 01:31:00,inspection,73.2
WO004527,M05B,2026-01-04 12:39:00,PM,55.0
WO004528,M02A,2026-03-20 09:07:00,inspection,251.0
WO004529,M28A,2026-08-10 01:05:00,PM,53.1
WO004530,M26B,2026-10-26 22:25:00,PM,80.0
WO004531,M10A,2026-07-12 17:12:00,PM,62.8
WO004532,M06A,2026-04-26 03:53:00,calibration,37.1
WO004533,M22A,2026-04-16 06:29:00,corrective,89.0
WO004534,M27A,2026-03-27 10:45:00,corrective,25.6
WO004535,M15B,2026-08-05 07:45:00,calibration,102.1
WO004536,M26B,2026-05-06 03:19:00,PM,56.4
WO004537,M19B,2026-06-21 14:19:00,inspection,25.5
WO004538,M11A,2026-01-13 06:13:00,PM,37.2
WO004539,M19B,2026-06-22 04:01:00,corrective,87.7
WO004540,M08A,2026-03-11 11:17:00,corrective,40.6
WO004541,M07A,2026-07-26 19:21:00,PM,77.6
WO004542,M19A,2026-04-10 17:20:00,corrective,63.8
WO004543,M05A,2026-07-30 16:13:00,PM,56.3
WO004544,M14A,2026-03-13 12:17:00,inspection,37.2
WO004545,M07B,2026-05-05 09:50:00,PM,63.6
WO004546,M26B,2026-09-28 08:09:00,PM,54.8
WO004547,M11B,2026-02-13 08:03:00,PM,31.2
WO004548,M14B,2026-04-04 04:03:00,PM,128.1
WO004549,M16A,2026-08-23 13:36:00,PM,49.5
WO004550,M15A,2026-04-04 04:23:00,PM,34.6
WO004551,M16B,2026-03-31 09:56:00,corrective,30.5
WO004552,M14A,2026-08-18 03:55:00,calibration,43.5
WO004553,M11A,2026-10-03 08:25:00,PM,63.6
WO004554,M27A,2026-01-28 16:56:00,calibration,81.5
WO004555,M08B,2026-09-09 13:21:00,PM,32.3
WO004556,M25B,2026-02-13 15:24:00,calibration,19.1
WO004557,M26A,2026-02-16 06:33:00,PM,64.8
WO004558,M28B,2026-08-27 18:24:00,PM,89.8
WO004559,M19B,2026-10-11 10:01:00,inspection,33.7
WO004560,M07B,2026-06-22 03:39:00,PM,28.7
WO004561,M05B,2026-02-24 07:00:00,corrective,59.3
WO004562,M28B,2026-02-13 20:56:00,PM,28.4
WO004563,M17B,2026-06-08 10:57:00,corrective,35.2
WO004564,M06A,2026-09-07 13:56:00,PM,31.6
WO004565,M19B,2026-01-26 20:42:00,PM,104.7
WO004566,M16B,2026-08-20 05:13:00,PM,16.5
WO004567,M12B,2026-03-17 22:47:00,PM,38.7
WO004568,M28B,2026-08-22 01:33:00,calibration,89.6
WO004569,M23B,2026-09-03 05:44:00,inspection,22.1
WO004570,M21B,2026-10-23 21:32:00,PM,150.7
WO004571,M18A,2026-03-04 07:10:00,corrective,45.0
WO004572,M07B,2026-03-16 22:21:00,inspection,31.6
WO004573,M22A,2026-09-20 00:11:00,PM,110.8
WO004574,M03A,2026-02-05 05:58:00,PM,41.8
WO004575,M20A,2026-03-12 11:12:00,PM,61.7
WO004576,M14A,2026-01-24 08:08:00,PM,33.0
WO004577,M16B,2026-09-29 14:02:00,PM,58.4
WO004578,M18A,2026-03-10 08:52:00,corrective,43.9
WO004579,M28A,2026-07-18 04:18:00,PM,84.6
WO004580,M16B,2026-01-15 08:36:00,inspection,86.3
WO004581,M28A,2026-07-29 04:39:00,PM,152.6
WO004582,M11B,2026-06-02 23:48:00,PM,13.0
WO004583,M11B,2026-03-19 16:55:00,corrective,119.2
WO004584,M16B,2026-08-26 03:21:00,PM,117.5
WO004585,M24B,2026-01-15 06:03:00,corrective,64.9
WO004586,M02B,2026-07-27 16:23:00,corrective,34.8
WO004587,M21A,2026-09-06 17:18:00,calibration,27.0
WO004588,M07A,2026-05-08 20:00:00,corrective,127.5
WO004589,M07B,2026-01-02 11:51:00,PM,25.3
WO004590,M27A,2026-04-22 18:22:00,corrective,63.9
WO004591,M03B,2026-03-19 18:42:00,calibration,42.3
WO004592,M15B,2026-10-12 22:29:00,PM,200.7
WO004593,M15A,2026-05-08 12:43:00,PM,117.5
WO004594,M19A,2026-04-30 14:38:00,PM,88.5
WO004595,M25B,2026-07-28 06:52:00,PM,35.6
WO004596,M03B,2026-05-13 14:20:00,PM,14.3
WO004597,M08B,2026-01-09 11:32:00,corrective,11.1
WO004598,M28B,2026-04-16 19:49:00,inspection,52.9
WO004599,M12B,2026-04-26 21:26:00,inspection,88.0
WO004600,M03A,2026-05-31 12:18:00,PM,129.7
WO004601,M26B,2026-05-23 12:35:00,PM,33.3
WO004602,M17A,2026-02-17 20:13:00,corrective,8.8
WO004603,M07B,2026-09-20 12:48:00,corrective,44.7
WO004604,M07A,2026-08-14 18:48:00,PM,44.5
WO004605,M10B,2026-04-06 05:21:00,corrective,89.0
WO004606,M23A,2026-10-13 05:07:00,PM,108.0
WO004607,M18B,2026-07-14 17:35:00,PM,35.8
WO004608,M13A,2026-07-02 17:41:00,PM,36.7
WO004609,M02A,2026-10-26 02:47:00,PM,16.9
WO004610,M08A,2026-04-18 00:19:00,corrective,39.4
WO004611,M20B,2026-09-13 00:42:00,corrective,74.0
WO004612,M11B,2026-04-05 14:54:00,calibration,66.1
WO004613,M08A,2026-05-17 22:10:00,PM,73.4
WO004614,M01B,2026-03-06 12:13:00,corrective,140.7
WO004615,M23B,2026-02-18 18:05:00,corrective,56.1
WO004616,M28A,2026-01-19 09:15:00,PM,65.9
WO004617,M05B,2026-08-21 09:41:00,PM,99.8
WO004618,M07B,2026-07-21 01:22:00,inspection,147.6
WO004619,M12B,2026-05-12 03:07:00,PM,65.5
WO004620,M27B,2026-02-10 12:10:00,calibration,22.4
WO004621,M17B,2026-06-11 09:52:00,calibration,50.4
WO004622,M17A,2026-01-23 13:13:00,corrective,47.6
WO004623,M23A,2026-01-06 06:49:00,PM,150.0
WO004624,M25A,2026-01-05 02:47:00,PM,41.8
WO004625,M04A,2026-05-09 06:53:00,calibration,52.7
WO004626,M21B,2026-08-18 01:03:00,calibration,222.8
WO004627,M16A,2026-03-12 12:11:00,corrective,49.2
WO004628,M17B,2026-02-07 01:01:00,PM,5.1
WO004629,M06A,2026-05-10 21:45:00,inspection,119.2
WO004630,M06A,2026-06-08 03:32:00,inspection,86.5
WO004631,M18B,2026-03-09 22:49:00,inspection,58.0
WO004632,M04A,2026-09-16 14:53:00,corrective,62.3
WO004633,M24B,2026-05-23 08:01:00,PM,50.1
WO004634,M18B,2026-01-20 02:32:00,corrective,82.0
WO004635,M19A,2026-10-24 11:05:00,PM,12.0
WO004636,M12B,2026-04-05 10:40:00,inspection,65.3
WO004637,M13A,2026-09-09 00:34:00,corrective,187.9
WO004638,M11A,2026-08-01 10:06:00,inspection,78.3
WO004639,M23A,2026-01-30 12:34:00,calibration,148.5
WO004640,M07A,2026-01-01 22:17:00,calibration,88.0
WO004641,M10A,2026-05-28 15:35:00,PM,29.8
WO004642,M01B,2026-07-04 07:00:00,PM,18.9
WO004643,M27B,2026-07-29 00:51:00,PM,87.5
WO004644,M21A,2026-05-29 21:41:00,PM,72.1
WO004645,M13B,2026-02-17 06:09:00,calibration,102.6
WO004646,M27B,2026-07-17 03:55:00,corrective,57.8
WO004647,M09B,2026-01-20 18:35:00,PM,24.6
WO004648,M13B,2026-02-13 13:46:00,PM,42.1
WO004649,M25B,2026-05-30 17:09:00,inspection,55.9
WO004650,M17B,2026-10-17 07:02:00,inspection,24.4
WO004651,M08A,2026-10-23 00:23:00,corrective,68.3
WO004652,M11B,2026-07-21 06:41:00,inspection,31.9
WO004653,M24A,2026-03-09 12:55:00,PM,122.2
WO004654,M16A,2026-04-22 20:55:00,PM,136.4
WO004655,M15B,2026-02-06 09:12:00,PM,72.5
WO004656,M26A,2026-05-13 03:18:00,inspection,39.7
WO004657,M06A,2026-01-20 12:11:00,corrective,49.9
WO004658,M17A,2026-03-22 12:56:00,corrective,15.2
WO004659,M22B,2026-09-24 10:01:00,PM,27.3
WO004660,M10A,2026-05-28 12:13:00,PM,53.5
WO004661,M03B,2026-09-20 18:21:00,inspection,66.1
WO004662,M20B,2026-05-24 11:53:00,corrective,48.4
WO004663,M18A,2026-01-04 03:48:00,PM,6.8
WO004664,M05A,2026-08-12 21:01:00,PM,59.0
WO004665,M22A,2026-10-21 10:20:00,corrective,65.5
WO004666,M05B,2026-03-15 13:38:00,corrective,76.4
WO004667,M10A,2026-09-24 15:11:00,PM,39.0
WO004668,M28A,2026-06-09 01:11:00,corrective,9.3
WO004669,M09A,2026-03-26 00:01:00,PM,83.0
WO004670,M20B,2026-07-19 12:44:00,inspection,82.8
WO004671,M08A,2026-05-13 23:46:00,PM,143.6
WO004672,M27A,2026-06-13 01:31:00,corrective,36.4
WO004673,M22B,2026-08-05 11:53:00,PM,32.3
WO004674,M16A,2026-10-07 07:09:00,PM,24.1
WO004675,M08A,2026-06-16 08:05:00,corrective,28.4
WO004676,M20B,2026-02-20 20:28:00,PM,60.7
WO004677,M27A,2026-02-23 11:10:00,PM,140.2
WO004678,M25B,2026-03-27 03:56:00,corrective,51.6
WO004679,M08B,2026-06-12 07:36:00,calibration,114.8
WO004680,M11B,2026-05-18 21:20:00,calibration,44.8
WO004681,M01A,2026-07-22 04:34:00,PM,44.1
WO004682,M17A,2026-07-25 12:13:00,PM,107.8
WO004683,M08A,2026-02-04 07:50:00,PM,5.8
WO004684,M03A,2026-10-23 12:43:00,calibration,114.8
WO004685,M19A,2026-08-15 04:53:00,PM,90.1
WO004686,M17A,2026-06-15 15:27:00,PM,12.6
WO004687,M05B,2026-05-18 09:18:00,PM,18.6
WO004688,M08B,2026-04-07 04:58:00,corrective,17.0
WO004689,M26B,2026-07-14 17:03:00,calibration,37.4
WO004690,M25A,2026-04-19 22:58:00,corrective,125.2
WO004691,M22A,2026-04-23 16:25:00,calibration,25.9
WO004692,M28B,2026-08-30 09:26:00,PM,25.6
WO004693,M23B,2026-07-25 15:36:00,calibration,19.2
WO004694,M13B,2026-03-16 12:18:00,corrective,76.2
WO004695,M14B,2026-09-08 11:04:00,corrective,55.2
WO004696,M04A,2026-08-11 05:00:00,corrective,61.2
WO004697,M09B,2026-01-28 19:06:00,corrective,64.7
WO004698,M28A,2026-10-27 17:48:00,PM,43.6
WO004699,M20A,2026-04-27 13:52:00,calibration,77.4
WO004700,M21B,2026-08-09 07:32:00,PM,46.0
WO004701,M13A,2026-10-06 02:59:00,calibration,52.3
WO004702,M15A,2026-08-25 00:07:00,corrective,46.5
WO004703,M26A,2026-09-30 02:55:00,PM,13.6
WO004704,M25B,2026-06-19 05:29:00,PM,22.7
WO004705,M10A,2026-01-15 00:02:00,corrective,43.3
WO004706,M07A,2026-07-25 12:02:00,PM,59.9
WO004707,M14B,2026-07-18 10:14:00,PM,82.6
WO004708,M14A,2026-08-06 18:31:00,inspection,85.1
WO004709,M14A,2026-04-04 14:16:00,inspection,25.6
WO004710,M16B,2026-03-16 04:00:00,inspection,48.2
WO004711,M27A,2026-09-13 15:10:00,PM,101.5
WO004712,M20A,2026-05-24 13:32:00,PM,47.3
WO004713,M16A,2026-04-14 20:44:00,corrective,16.2
WO004714,M06A,2026-03-29 18:47:00,calibration,11.8
WO004715,M15A,2026-04-05 19:19:00,calibration,11.3
WO004716,M26B,2026-10-20 15:57:00,PM,229.9
WO004717,M20A,2026-09-08 19:28:00,corrective,58.1
WO004718,M14A,2026-04-15 15:18:00,PM,48.4
WO004719,M21A,2026-01-07 11:01:00,calibration,37.6
WO004720,M25B,2026-09-01 19:18:00,PM,82.2
WO004721,M08B,2026-05-12 02:14:00,corrective,140.8
WO004722,M11A,2026-04-24 11:16:00,corrective,36.1
WO004723,M17B,2026-01-31 05:20:00,corrective,93.3
WO004724,M19B,2026-07-25 21:46:00,calibration,176.4
WO004725,M22A,2026-09-16 14:30:00,corrective,85.9
WO004726,M09A,2026-08-29 10:39:00,corrective,122.0
WO004727,M28B,2026-09-05 06:05:00,corrective,34.7
WO004728,M15B,2026-04-30 16:50:00,PM,60.8
WO004729,M05B,2026-06-07 02:17:00,calibration,79.2
WO004730,M01A,2026-03-27 00:33:00,inspection,22.6
WO004731,M07B,2026-10-15 00:38:00,corrective,13.8
WO004732,M15A,2026-09-11 13:28:00,PM,43.6
WO004733,M18A,2026-05-07 11:23:00,PM,24.9
WO004734,M25A,2026-06-02 10:54:00,PM,62.7
WO004735,M27B,2026-10-15 10:38:00,PM,29.4
WO004736,M09B,2026-10-22 15:34:00,PM,93.7
WO004737,M26A,2026-04-14 12:50:00,corrective,131.7
WO004738,M19B,2026-10-20 15:20:00,corrective,161.1
WO004739,M23A,2026-07-06 15:05:00,PM,48.7
WO004740,M27A,2026-01-18 14:56:00,inspection,21.0
WO004741,M11B,2026-02-18 14:30:00,calibration,62.0
WO004742,M21A,2026-05-19 16:47:00,PM,124.6
WO004743,M03A,2026-04-05 01:29:00,corrective,35.8
WO004744,M21A,2026-04-26 23:27:00,corrective,22.3
WO004745,M15A,2026-04-09 16:49:00,corrective,68.0
WO004746,M11B,2026-01-15 22:36:00,corrective,35.2
WO004747,M08B,2026-03-23 18:37:00,inspection,48.8
WO004748,M22B,2026-08-01 01:54:00,PM,98.2
WO004749,M07A,2026-01-15 14:41:00,inspection,63.7
WO004750,M07A,2026-06-20 20:59:00,calibration,56.1
WO004751,M08A,2026-10-22 18:04:00,PM,94.9
WO004752,M22A,2026-03-29 17:56:00,PM,78.0
WO004753,M27A,2026-09-10 13:05:00,calibration,62.3
WO004754,M15A,2026-06-11 06:23:00,PM,26.0
WO004755,M27B,2026-04-02 05:48:00,corrective,72.8
WO004756,M10A,2026-01-08 15:05:00,PM,72.7
WO004757,M17B,2026-10-13 20:46:00,corrective,86.2
WO004758,M05B,2026-01-25 14:32:00,inspection,71.4
WO004759,M13B,2026-09-06 21:35:00,corrective,105.9
WO004760,M13B,2026-08-04 13:05:00,corrective,83.3
WO004761,M09A,2026-07-07 02:55:00,PM,65.0
WO004762,M03B,2026-02-07 03:35:00,corrective,40.6
WO004763,M14B,2026-01-31 23:24:00,calibration,70.7
WO004764,M19A,2026-03-30 22:40:00,PM,48.2
WO004765,M26B,2026-08-14 23:15:00,PM,53.4
WO004766,M16A,2026-03-27 02:46:00,PM,73.7
WO004767,M16A,2026-06-28 11:16:00,corrective,51.4
WO004768,M27A,2026-09-10 04:56:00,PM,105.5
WO004769,M09B,2026-10-09 08:31:00,PM,80.9
WO004770,M15A,2026-06-27 11:50:00,corrective,51.1
WO004771,M13B,2026-05-12 15:37:00,PM,16.8
WO004772,M14A,2026-10-01 19:11:00,inspection,50.5
WO004773,M21A,2026-04-20 05:55:00,inspection,27.2
WO004774,M10B,2026-01-17 02:47:00,PM,136.4
WO004775,M08B,2026-08-20 20:34:00,PM,27.8
WO004776,M10A,2026-03-25 03:08:00,PM,9.4
WO004777,M24B,2026-06-27 16:17:00,corrective,68.3
WO004778,M23A,2026-08-04 17:58:00,PM,23.7
WO004779,M04A,2026-01-23 02:57:00,calibration,5.0
WO004780,M02B,2026-10-05 09:19:00,PM,57.5
WO004781,M05A,2026-06-15 06:22:00,corrective,72.6
WO004782,M02A,2026-10-24 21:50:00,PM,79.8
WO004783,M16B,2026-07-11 15:59:00,corrective,57.7
WO004784,M15A,2026-02-16 03:48:00,calibration,61.7
WO004785,M18A,2026-07-22 00:55:00,PM,48.9
WO004786,M07B,2026-03-10 14:21:00,PM,21.7
WO004787,M28B,2026-07-25 10:44:00,calibration,92.9
WO004788,M15A,2026-09-15 02:00:00,PM,8.8
WO004789,M15B,2026-08-14 18:09:00,corrective,31.7
WO004790,M10A,2026-07-04 07:31:00,inspection,126.9
WO004791,M11B,2026-06-22 05:32:00,PM,17.2
WO004792,M25A,2026-05-05 16:28:00,PM,73.3
WO004793,M07A,2026-03-14 08:04:00,PM,73.9
WO004794,M02B,2026-09-15 05:59:00,calibration,49.3
WO004795,M28A,2026-08-10 08:52:00,corrective,30.5
WO004796,M16A,2026-10-24 00:17:00,inspection,98.5
WO004797,M26A,2026-09-02 22:08:00,calibration,47.8
WO004798,M18A,2026-04-20 20:49:00,PM,86.0
WO004799,M10B,2026-01-16 18:54:00,inspection,76.2
WO004800,M16B,2026-05-07 02:21:00,calibration,61.9
WO004801,M19A,2026-01-17 09:36:00,PM,75.6
WO004802,M25B,2026-03-13 08:13:00,PM,125.3
WO004803,M16A,2026-05-17 22:29:00,inspection,117.8
WO004804,M02A,2026-04-03 02:35:00,PM,66.8
WO004805,M03A,2026-06-12 14:21:00,PM,34.3
WO004806,M16B,2026-04-19 01:36:00,corrective,67.0
WO004807,M15B,2026-07-18 16:10:00,inspection,136.9
WO004808,M10A,2026-08-27 04:54:00,corrective,35.3
WO004809,M02B,2026-04-12 11:22:00,corrective,50.1
WO004810,M05A,2026-10-22 20:25:00,inspection,89.7
WO004811,M04A,2026-03-24 16:04:00,PM,96.7
WO004812,M16A,2026-09-06 09:56:00,PM,19.0
WO004813,M17B,2026-03-18 04:07:00,PM,177.2
WO004814,M03A,2026-02-10 19:35:00,corrective,61.4
WO004815,M18B,2026-08-10 16:04:00,PM,11.7
WO004816,M16A,2026-01-19 10:19:00,inspection,26.1
WO004817,M23A,2026-06-19 23:05:00,PM,114.8
WO004818,M22A,2026-06-16 03:55:00,calibration,84.7
WO004819,M10A,2026-03-15 08:18:00,corrective,60.4
WO004820,M04B,2026-02-01 12:11:00,calibration,53.9
WO004821,M25A,2026-04-22 20:34:00,corrective,102.4
WO004822,M07B,2026-08-15 23:52:00,corrective,36.5
WO004823,M12A,2026-03-31 09:13:00,calibration,31.5
WO004824,M13B,2026-06-23 16:01:00,PM,55.3
WO004825,M18A,2026-03-27 16:24:00,corrective,63.3
WO004826,M05B,2026-08-11 10:32:00,PM,107.4
WO004827,M07A,2026-04-23 02:20:00,calibration,75.0
WO004828,M28B,2026-02-11 18:28:00,corrective,120.1
WO004829,M01A,2026-10-18 20:01:00,corrective,5.0
WO004830,M04A,2026-04-16 01:35:00,inspection,61.4
WO004831,M24A,2026-08-22 22:20:00,inspection,5.0
WO004832,M17B,2026-09-17 10:55:00,inspection,107.7
WO004833,M03B,2026-03-13 14:06:00,PM,25.8
WO004834,M01B,2026-05-19 04:19:00,PM,80.1
WO004835,M24B,2026-07-01 18:54:00,PM,40.2
WO004836,M06A,2026-10-27 10:00:00,corrective,55.5
WO004837,M07A,2026-09-13 05:32:00,calibration,59.2
WO004838,M16A,2026-08-18 02:09:00,calibration,47.4
WO004839,M19A,2026-04-14 01:07:00,PM,39.1
WO004840,M27A,2026-10-10 19:12:00,PM,28.0
WO004841,M01A,2026-06-22 23:22:00,corrective,41.1
WO004842,M05A,2026-09-13 03:50:00,calibration,23.3
WO004843,M12B,2026-09-21 18:12:00,corrective,24.3
WO004844,M23B,2026-09-14 03:25:00,inspection,152.8
WO004845,M27A,2026-04-03 01:35:00,PM,57.0
WO004846,M26A,2026-07-27 18:57:00,PM,107.0
WO004847,M20B,2026-06-29 12:27:00,PM,45.7
WO004848,M16A,2026-01-24 16:51:00,corrective,76.9
WO004849,M17A,2026-04-26 05:25:00,inspection,121.5
WO004850,M26A,2026-06-21 09:14:00,calibration,84.7
WO004851,M16A,2026-02-01 23:26:00,calibration,23.3
WO004852,M04B,2026-10-15 20:09:00,calibration,50.3
WO004853,M16B,2026-07-03 15:59:00,corrective,57.0
WO004854,M15B,2026-03-23 23:21:00,PM,21.5
WO004855,M15A,2026-10-03 19:23:00,corrective,66.7
WO004856,M08A,2026-02-15 22:17:00,PM,41.0
WO004857,M20A,2026-05-15 13:20:00,PM,24.6
WO004858,M08A,2026-10-18 19:35:00,PM,83.1
WO004859,M23A,2026-04-27 16:10:00,PM,50.4
WO004860,M11A,2026-08-20 10:02:00,inspection,42.6
WO004861,M28A,2026-02-24 00:52:00,PM,6.2
WO004862,M17A,2026-04-17 03:49:00,corrective,89.9
WO004863,M12B,2026-03-11 14:31:00,inspection,25.1
WO004864,M12B,2026-09-02 22:14:00,PM,28.3
WO004865,M06A,2026-05-21 11:06:00,corrective,30.1
WO004866,M16B,2026-03-13 19:14:00,PM,96.1
WO004867,M22B,2026-06-20 19:03:00,PM,123.5
WO004868,M24B,2026-07-15 10:07:00,PM,46.8
WO004869,M23A,2026-06-14 21:09:00,PM,143.1
WO004870,M18B,2026-02-10 21:59:00,calibration,149.4
WO004871,M24A,2026-07-09 23:34:00,calibration,24.9
WO004872,M05A,2026-09-16 04:03:00,inspection,15.4
WO004873,M26B,2026-10-07 01:04:00,inspection,87.8
WO004874,M12A,2026-06-08 18:39:00,PM,54.8
WO004875,M07A,2026-09-17 19:51:00,calibration,173.6
WO004876,M19A,2026-01-19 10:40:00,calibration,24.2
WO004877,M21A,2026-10-18 12:54:00,PM,9.0
WO004878,M01B,2026-03-10 22:17:00,PM,79.7
WO004879,M28A,2026-09-15 17:50:00,PM,49.5
WO004880,M14A,2026-03-02 20:26:00,inspection,152.0
WO004881,M02B,2026-05-03 19:48:00,inspection,44.7
WO004882,M11B,2026-09-25 22:07:00,PM,33.6
WO004883,M26B,2026-03-02 11:04:00,corrective,143.5
WO004884,M11B,2026-02-18 19:17:00,calibration,80.7
WO004885,M07B,2026-06-25 23:37:00,PM,35.4
WO004886,M11A,2026-05-01 12:16:00,corrective,23.1
WO004887,M21A,2026-06-29 18:32:00,calibration,5.0
WO004888,M06A,2026-05-02 17:54:00,PM,32.9
WO004889,M18B,2026-02-02 20:16:00,PM,104.6
WO004890,M19B,2026-03-10 12:33:00,corrective,101.7
WO004891,M21B,2026-06-07 01:40:00,PM,225.0
WO004892,M21A,2026-07-16 17:17:00,PM,138.3
WO004893,M28B,2026-01-23 02:01:00,PM,127.8
WO004894,M04B,2026-03-12 08:38:00,PM,83.3
WO004895,M01A,2026-05-10 17:10:00,corrective,18.9
WO004896,M21B,2026-03-08 07:06:00,PM,67.2
WO004897,M07A,2026-10-15 23:38:00,inspection,39.2
WO004898,M23B,2026-07-05 23:39:00,corrective,32.6
WO004899,M23B,2026-06-05 09:04:00,inspection,68.2
WO004900,M18B,2026-08-12 10:42:00,inspection,36.4
WO004901,M26A,2026-02-24 10:37:00,calibration,68.0
WO004902,M05B,2026-01-06 20:04:00,PM,85.0
WO004903,M09B,2026-07-13 08:20:00,PM,39.6
WO004904,M16A,2026-09-27 15:47:00,corrective,166.1
WO004905,M06B,2026-08-16 08:17:00,calibration,21.8
WO004906,M08A,2026-03-27 17:37:00,calibration,45.5
WO004907,M23A,2026-06-01 06:37:00,PM,49.1
WO004908,M09A,2026-06-30 10:15:00,corrective,40.0
WO004909,M03B,2026-05-26 23:03:00,calibration,72.8
WO004910,M26B,2026-02-08 04:45:00,PM,93.2
WO004911,M03A,2026-01-31 12:07:00,PM,5.2
WO004912,M28A,2026-04-13 06:27:00,PM,269.7
WO004913,M28A,2026-10-06 22:49:00,corrective,34.3
WO004914,M14B,2026-09-24 08:16:00,calibration,48.7
WO004915,M24A,2026-06-03 01:01:00,PM,89.8
WO004916,M25A,2026-04-17 00:29:00,corrective,54.7
WO004917,M05A,2026-09-30 16:16:00,PM,54.5
WO004918,M17A,2026-03-29 18:37:00,calibration,127.3
WO004919,M09A,2026-07-13 16:48:00,PM,44.3
WO004920,M18B,2026-09-18 15:57:00,PM,26.9
WO004921,M15A,2026-02-28 16:04:00,PM,70.4
WO004922,M22A,2026-02-26 23:24:00,PM,27.2
WO004923,M13B,2026-01-22 03:38:00,inspection,53.3
WO004924,M08A,2026-05-14 00:45:00,corrective,38.6
WO004925,M24A,2026-10-02 14:58:00,calibration,89.7
WO004926,M26A,2026-09-28 21:36:00,calibration,37.8
WO004927,M23B,2026-05-07 04:31:00,inspection,59.4
WO004928,M09B,2026-06-27 10:25:00,PM,63.4
WO004929,M20A,2026-06-03 22:37:00,PM,25.1
WO004930,M13A,2026-10-08 10:28:00,PM,22.2
WO004931,M26B,2026-01-20 10:10:00,PM,44.5
WO004932,M18B,2026-08-21 05:05:00,inspection,47.2
WO004933,M26B,2026-05-09 18:57:00,PM,34.0
WO004934,M13A,2026-08-29 06:25:00,PM,11.5
WO004935,M20B,2026-05-31 19:34:00,corrective,121.3
WO004936,M04A,2026-09-20 15:26:00,corrective,119.8
WO004937,M01A,2026-10-04 02:36:00,PM,171.9
WO004938,M19B,2026-03-04 21:33:00,inspection,73.0
WO004939,M07A,2026-04-13 06:45:00,corrective,60.2
WO004940,M04A,2026-04-26 21:53:00,corrective,127.5
WO004941,M11B,2026-07-21 08:28:00,PM,63.6
WO004942,M26B,2026-03-15 06:17:00,PM,77.5
WO004943,M12A,2026-10-11 04:59:00,PM,26.3
WO004944,M17B,2026-06-09 05:12:00,inspection,29.1
WO004945,M01A,2026-03-11 23:23:00,PM,36.3
WO004946,M05A,2026-04-02 04:59:00,PM,29.7
WO004947,M06B,2026-06-14 17:32:00,calibration,141.7
WO004948,M19A,2026-03-20 09:32:00,PM,41.9
WO004949,M28B,2026-03-15 05:00:00,calibration,86.6
WO004950,M22A,2026-07-22 11:27:00,calibration,26.6
WO004951,M02B,2026-05-30 20:36:00,corrective,23.1
WO004952,M17A,2026-06-24 03:22:00,PM,98.6
WO004953,M09A,2026-09-19 12:24:00,corrective,72.7
WO004954,M02B,2026-03-01 23:06:00,calibration,95.6
WO004955,M08B,2026-04-26 13:02:00,PM,27.5
WO004956,M19A,2026-02-10 23:49:00,corrective,54.0
WO004957,M18B,2026-07-13 23:52:00,calibration,115.5
WO004958,M24B,2026-04-23 17:11:00,PM,44.4
WO004959,M27B,2026-05-17 01:32:00,calibration,49.9
WO004960,M03B,2026-01-18 14:20:00,corrective,61.3
WO004961,M07A,2026-04-25 04:34:00,corrective,128.3
WO004962,M05B,2026-08-30 00:17:00,inspection,73.5
WO004963,M25A,2026-04-05 09:27:00,inspection,35.4
WO004964,M22A,2026-02-06 02:16:00,PM,52.1
WO004965,M26B,2026-03-23 14:23:00,corrective,35.3
WO004966,M05B,2026-08-15 00:00:00,PM,35.6
WO004967,M13B,2026-04-13 07:34:00,inspection,110.7
WO004968,M22A,2026-04-24 17:57:00,PM,186.3
WO004969,M02A,2026-09-17 03:53:00,calibration,21.7
WO004970,M14A,2026-05-05 06:45:00,PM,26.8
WO004971,M16A,2026-07-10 22:15:00,calibration,99.7
WO004972,M05A,2026-04-03 08:41:00,PM,96.3
WO004973,M13A,2026-01-21 01:31:00,calibration,43.0
WO004974,M13B,2026-05-14 23:21:00,corrective,71.5
WO004975,M19B,2026-04-25 14:40:00,calibration,80.6
WO004976,M18A,2026-03-28 14:44:00,corrective,56.7
WO004977,M07B,2026-01-08 23:41:00,calibration,71.7
WO004978,M01A,2026-06-18 05:37:00,corrective,38.1
WO004979,M21B,2026-09-04 14:50:00,PM,76.2
WO004980,M10A,2026-06-08 20:19:00,PM,97.7
WO004981,M08A,2026-08-10 06:19:00,PM,45.0
WO004982,M03A,2026-05-20 15:25:00,PM,5.0
WO004983,M11B,2026-05-23 23:43:00,PM,42.2
WO004984,M19B,2026-10-24 20:16:00,inspection,36.1
WO004985,M19B,2026-05-09 19:47:00,PM,12.2
WO004986,M23B,2026-03-04 13:10:00,calibration,143.4
WO004987,M06B,2026-05-22 18:09:00,PM,29.0
WO004988,M07B,2026-09-09 06:20:00,corrective,76.2
WO004989,M22B,2026-09-13 09:03:00,PM,68.8
WO004990,M01B,2026-04-06 03:56:00,PM,5.0
WO004991,M14A,2026-02-14 17:31:00,inspection,50.8
WO004992,M09B,2026-04-25 00:04:00,PM,95.1
WO004993,M01B,2026-09-11 06:53:00,calibration,96.9
WO004994,M02A,2026-09-27 07:53:00,corrective,75.5
WO004995,M07B,2026-04-03 06:19:00,PM,46.0
WO004996,M25A,2026-03-04 04:57:00,PM,72.1
WO004997,M10A,2026-02-23 21:11:00,inspection,38.0
WO004998,M23A,2026-08-13 12:00:00,PM,72.7
WO004999,M09A,2026-07-20 21:03:00,corrective,20.2
WO005000,M28B,2026-04-12 15:02:00,calibration,136.7
WO005001,M25A,2026-07-21 12:32:00,corrective,74.6
WO005002,M18A,2026-07-23 15:49:00,PM,36.2
WO005003,M26B,2026-06-14 21:42:00,calibration,30.9
WO005004,M03A,2026-09-22 16:36:00,PM,83.3
WO005005,M22B,2026-05-14 06:52:00,corrective,16.3
WO005006,M13A,2026-09-10 22:50:00,calibration,85.1
WO005007,M12B,2026-07-24 14:20:00,corrective,139.1
WO005008,M06B,2026-02-25 00:41:00,calibration,38.3
WO005009,M14B,2026-03-25 00:24:00,calibration,78.7
WO005010,M09A,2026-01-31 04:33:00,PM,40.7
WO005011,M13B,2026-07-22 07:29:00,PM,35.3
WO005012,M20B,2026-03-22 11:51:00,PM,164.1
WO005013,M06A,2026-02-17 00:26:00,inspection,54.0
WO005014,M23A,2026-07-31 04:07:00,PM,119.3
WO005015,M19B,2026-08-27 13:35:00,calibration,63.3
WO005016,M09B,2026-05-27 22:39:00,PM,65.3
WO005017,M08A,2026-02-05 11:20:00,calibration,67.8
WO005018,M12A,2026-02-19 03:50:00,corrective,54.3
WO005019,M12B,2026-08-15 23:37:00,inspection,62.4
WO005020,M13B,2026-03-12 04:07:00,inspection,65.7
WO005021,M07A,2026-09-04 01:52:00,corrective,100.6
WO005022,M06A,2026-07-19 05:01:00,inspection,17.9
WO005023,M20A,2026-07-23 13:02:00,PM,90.4
WO005024,M10B,2026-07-31 21:28:00,inspection,17.0
WO005025,M26A,2026-04-07 17:42:00,PM,75.6
WO005026,M15B,2026-10-18 18:40:00,calibration,35.7
WO005027,M04A,2026-02-23 23:37:00,calibration,12.6
WO005028,M19B,2026-07-17 21:02:00,calibration,39.0
WO005029,M28A,2026-10-15 09:58:00,PM,13.3
WO005030,M20B,2026-06-03 06:31:00,corrective,8.1
WO005031,M21B,2026-05-21 06:35:00,corrective,137.8
WO005032,M12B,2026-03-16 03:33:00,calibration,90.3
WO005033,M21A,2026-01-27 23:00:00,inspection,82.0
WO005034,M04A,2026-02-03 17:56:00,corrective,97.6
WO005035,M08A,2026-09-12 01:28:00,calibration,24.6
WO005036,M14B,2026-07-31 16:02:00,PM,40.8
WO005037,M07B,2026-04-24 19:29:00,PM,6.9
WO005038,M10B,2026-01-13 03:43:00,PM,119.3
WO005039,M17A,2026-08-20 08:42:00,inspection,83.6
WO005040,M26A,2026-10-22 15:35:00,PM,90.2
WO005041,M20B,2026-10-26 07:51:00,PM,15.6
WO005042,M10B,2026-05-20 05:31:00,PM,83.7
WO005043,M16B,2026-06-22 23:19:00,inspection,81.5
WO005044,M18B,2026-08-09 02:56:00,corrective,67.6
WO005045,M13A,2026-02-18 17:18:00,PM,82.1
WO005046,M03A,2026-07-02 19:59:00,calibration,42.2
WO005047,M04B,2026-04-20 02:40:00,PM,43.0
WO005048,M14A,2026-03-24 18:34:00,calibration,22.2
WO005049,M02B,2026-02-07 17:50:00,corrective,32.5
WO005050,M07B,2026-02-04 04:12:00,inspection,50.8
WO005051,M05B,2026-05-12 13:26:00,PM,26.7
WO005052,M07B,2026-08-16 17:49:00,corrective,148.2
WO005053,M04B,2026-02-15 00:46:00,PM,85.2
WO005054,M08B,2026-03-29 04:41:00,inspection,174.7
WO005055,M28A,2026-09-08 09:19:00,PM,33.6
WO005056,M10A,2026-03-05 04:56:00,PM,61.3
WO005057,M04A,2026-05-07 11:14:00,corrective,70.3
WO005058,M05B,2026-03-05 02:26:00,corrective,111.5
WO005059,M22A,2026-02-10 08:50:00,PM,94.4
WO005060,M13B,2026-04-15 09:56:00,corrective,62.9
WO005061,M28B,2026-09-25 04:47:00,corrective,64.4
WO005062,M07B,2026-10-15 08:39:00,PM,49.4
WO005063,M21B,2026-02-12 01:24:00,corrective,23.0
WO005064,M06A,2026-09-26 18:51:00,PM,20.9
WO005065,M09A,2026-03-10 03:37:00,corrective,51.7
WO005066,M14B,2026-05-30 21:18:00,calibration,75.9
WO005067,M28B,2026-08-02 22:43:00,calibration,35.3
WO005068,M11B,2026-03-15 22:50:00,PM,33.7
WO005069,M03B,2026-05-21 10:29:00,corrective,76.9
WO005070,M14A,2026-06-19 10:38:00,calibration,15.9
WO005071,M23A,2026-03-11 20:24:00,corrective,51.2
WO005072,M07A,2026-02-24 21:08:00,corrective,9.7
WO005073,M06A,2026-05-09 14:29:00,corrective,21.8
WO005074,M22B,2026-08-17 03:15:00,inspection,44.3
WO005075,M05A,2026-01-20 05:59:00,PM,93.6
WO005076,M19B,2026-07-12 06:15:00,PM,12.2
WO005077,M23B,2026-04-17 12:12:00,corrective,16.8
WO005078,M04B,2026-10-22 06:43:00,calibration,62.0
WO005079,M10A,2026-09-13 08:07:00,corrective,27.1
WO005080,M01B,2026-02-17 04:38:00,calibration,28.5
WO005081,M13B,2026-02-04 09:47:00,PM,77.5
WO005082,M11B,2026-07-26 19:23:00,inspection,60.4
WO005083,M13A,2026-09-23 07:22:00,corrective,40.3
WO005084,M20A,2026-04-17 02:14:00,inspection,36.2
WO005085,M22A,2026-05-07 03:09:00,corrective,19.2
WO005086,M18A,2026-09-13 09:42:00,PM,83.9
WO005087,M17A,2026-03-02 02:05:00,corrective,22.3
WO005088,M18A,2026-09-10 13:24:00,corrective,13.8
WO005089,M26A,2026-07-25 21:42:00,PM,18.9
WO005090,M10B,2026-02-14 05:26:00,PM,51.9
WO005091,M24B,2026-08-06 16:56:00,calibration,16.7
WO005092,M21A,2026-02-12 09:36:00,corrective,91.1
WO005093,M01A,2026-03-14 00:58:00,PM,32.8
WO005094,M23B,2026-05-05 13:11:00,corrective,56.1
WO005095,M24A,2026-06-14 19:52:00,PM,133.8
WO005096,M12A,2026-03-11 12:34:00,PM,66.5
WO005097,M04B,2026-10-14 00:03:00,PM,49.7
WO005098,M17B,2026-01-13 00:47:00,corrective,34.5
WO005099,M19A,2026-08-31 12:39:00,calibration,67.5
WO005100,M09B,2026-09-28 14:35:00,PM,108.4
WO005101,M22B,2026-07-21 19:20:00,corrective,42.5
WO005102,M17A,2026-09-18 19:39:00,PM,30.2
WO005103,M21A,2026-10-23 19:27:00,inspection,26.2
WO005104,M26A,2026-02-12 17:31:00,calibration,33.0
WO005105,M03A,2026-01-22 10:49:00,calibration,76.8
WO005106,M19A,2026-03-15 04:30:00,PM,43.2
WO005107,M03B,2026-07-21 23:44:00,PM,44.5
WO005108,M17A,2026-07-15 01:11:00,PM,80.4
WO005109,M27A,2026-04-03 08:52:00,PM,23.5
WO005110,M27B,2026-09-16 14:02:00,PM,31.5
WO005111,M05B,2026-05-08 00:54:00,corrective,21.0
WO005112,M22B,2026-06-30 08:20:00,PM,30.9
WO005113,M09A,2026-10-15 22:48:00,PM,134.3
WO005114,M24A,2026-09-25 05:09:00,PM,8.4
WO005115,M17A,2026-01-08 22:47:00,inspection,10.9
WO005116,M02B,2026-02-15 11:26:00,corrective,27.7
WO005117,M19A,2026-04-09 12:30:00,PM,70.8
WO005118,M04A,2026-06-30 15:54:00,PM,36.5
WO005119,M21A,2026-02-11 06:11:00,calibration,16.8
WO005120,M10B,2026-03-25 00:16:00,PM,95.9
WO005121,M25B,2026-03-11 03:32:00,corrective,53.3
WO005122,M18A,2026-05-27 22:09:00,corrective,150.8
WO005123,M15B,2026-07-16 01:06:00,corrective,46.0
WO005124,M10A,2026-01-07 13:25:00,inspection,31.9
WO005125,M09B,2026-04-22 00:05:00,PM,9.4
WO005126,M28B,2026-05-29 10:22:00,PM,106.0
WO005127,M09B,2026-06-28 04:20:00,PM,160.6
WO005128,M27B,2026-03-14 19:02:00,corrective,51.9
WO005129,M27B,2026-04-05 20:02:00,inspection,63.4
WO005130,M17B,2026-10-03 02:36:00,calibration,38.2
WO005131,M26A,2026-06-01 07:54:00,calibration,59.7
WO005132,M25A,2026-01-21 02:14:00,corrective,12.0
WO005133,M27B,2026-01-16 16:02:00,calibration,33.6
WO005134,M22A,2026-09-03 05:09:00,corrective,59.1
WO005135,M17B,2026-02-01 07:29:00,inspection,54.4
WO005136,M25B,2026-09-24 15:53:00,calibration,135.2
WO005137,M21B,2026-08-20 17:26:00,PM,20.1
WO005138,M16A,2026-07-29 05:42:00,PM,116.1
WO005139,M07B,2026-07-31 14:41:00,PM,29.7
WO005140,M25A,2026-10-13 17:43:00,calibration,94.1
WO005141,M18B,2026-02-27 06:31:00,PM,84.1
WO005142,M07A,2026-07-12 09:09:00,calibration,50.0
WO005143,M20A,2026-08-10 20:46:00,PM,72.2
WO005144,M28B,2026-01-06 14:39:00,inspection,113.3
WO005145,M27A,2026-06-14 21:59:00,corrective,27.7
WO005146,M03A,2026-06-02 22:19:00,PM,68.8
WO005147,M24A,2026-02-02 14:53:00,corrective,190.8
WO005148,M09B,2026-02-05 06:30:00,PM,34.4
WO005149,M02A,2026-05-23 12:38:00,PM,69.7
WO005150,M12A,2026-05-25 17:53:00,PM,60.9
WO005151,M24A,2026-10-09 08:16:00,inspection,41.6
WO005152,M27A,2026-08-22 13:02:00,PM,181.3
WO005153,M04A,2026-05-04 07:37:00,corrective,44.1
WO005154,M01A,2026-01-20 05:42:00,PM,78.5
WO005155,M11A,2026-08-04 09:52:00,PM,29.7
WO005156,M12A,2026-01-07 13:02:00,PM,79.5
WO005157,M26A,2026-02-13 09:43:00,inspection,120.7
WO005158,M24A,2026-07-24 12:25:00,corrective,71.5
WO005159,M18A,2026-07-03 10:44:00,corrective,133.3
WO005160,M22B,2026-03-31 09:06:00,calibration,92.5
WO005161,M18B,2026-05-15 07:31:00,inspection,128.5
WO005162,M19A,2026-02-18 18:34:00,calibration,38.1
WO005163,M03A,2026-07-01 05:38:00,corrective,45.4
WO005164,M20A,2026-03-04 02:30:00,PM,130.1
WO005165,M10A,2026-04-14 21:56:00,PM,161.9
WO005166,M03A,2026-09-12 18:42:00,PM,88.9
WO005167,M20A,2026-04-27 07:51:00,corrective,127.4
WO005168,M01A,2026-02-20 21:04:00,PM,53.0
WO005169,M04B,2026-06-13 10:16:00,inspection,81.4
WO005170,M21B,2026-09-19 08:18:00,inspection,130.0
WO005171,M23A,2026-06-14 11:08:00,inspection,68.5
WO005172,M10A,2026-01-15 18:32:00,PM,141.8
WO005173,M16A,2026-09-06 17:28:00,corrective,31.1
WO005174,M22A,2026-01-21 23:15:00,corrective,64.6
WO005175,M14A,2026-09-15 05:53:00,PM,42.9
WO005176,M14A,2026-08-13 12:16:00,PM,42.8
WO005177,M12A,2026-10-01 12:07:00,calibration,72.1
WO005178,M19A,2026-06-22 13:10:00,calibration,13.9
WO005179,M24B,2026-10-19 01:47:00,calibration,17.6
WO005180,M24A,2026-03-27 11:47:00,corrective,28.4
WO005181,M26A,2026-09-25 22:38:00,inspection,175.6
WO005182,M14B,2026-04-22 16:28:00,PM,99.9
WO005183,M06B,2026-05-09 01:22:00,corrective,61.6
WO005184,M16B,2026-04-24 11:19:00,PM,98.3
WO005185,M18B,2026-10-25 00:53:00,PM,19.4
WO005186,M04B,2026-05-08 12:21:00,corrective,72.8
WO005187,M12A,2026-07-25 00:51:00,calibration,73.9
WO005188,M02B,2026-05-06 16:18:00,corrective,119.3
WO005189,M15B,2026-10-15 18:37:00,inspection,139.5
WO005190,M24B,2026-06-24 11:04:00,inspection,52.2
WO005191,M24B,2026-02-01 05:38:00,PM,50.2
WO005192,M19A,2026-07-30 20:04:00,corrective,51.2
WO005193,M20A,2026-07-21 15:35:00,corrective,58.5
WO005194,M21B,2026-03-27 04:09:00,PM,46.0
WO005195,M14B,2026-08-11 03:05:00,PM,54.9
WO005196,M07B,2026-03-18 08:34:00,corrective,22.0
WO005197,M01A,2026-06-22 01:01:00,inspection,29.4
WO005198,M09A,2026-01-03 01:10:00,corrective,24.1
WO005199,M16B,2026-10-23 10:46:00,inspection,50.0
WO005200,M05B,2026-10-25 22:24:00,inspection,38.5
WO005201,M08A,2026-09-28 06:14:00,corrective,8.3
WO005202,M10B,2026-01-22 02:44:00,corrective,27.5
WO005203,M07A,2026-04-13 06:15:00,PM,84.4
WO005204,M13A,2026-02-09 01:56:00,inspection,70.6
WO005205,M23B,2026-01-31 21:48:00,PM,127.6
WO005206,M22B,2026-03-26 19:39:00,calibration,74.2
WO005207,M07A,2026-03-08 21:52:00,corrective,92.0
WO005208,M04A,2026-10-04 06:10:00,PM,8.8
WO005209,M27A,2026-02-27 18:19:00,inspection,85.4
WO005210,M22A,2026-02-20 08:34:00,PM,136.9
WO005211,M25B,2026-09-13 02:29:00,corrective,119.5
WO005212,M13B,2026-09-08 12:54:00,calibration,45.2
WO005213,M09A,2026-01-20 01:45:00,corrective,86.1
WO005214,M09A,2026-02-23 20:49:00,calibration,24.3
WO005215,M22B,2026-06-13 22:04:00,PM,36.6
WO005216,M03B,2026-01-22 22:21:00,calibration,27.4
WO005217,M28A,2026-03-01 15:38:00,PM,63.4
WO005218,M12B,2026-08-18 21:30:00,inspection,5.0
WO005219,M26A,2026-09-09 18:46:00,PM,192.2
WO005220,M12A,2026-02-19 01:51:00,PM,23.6
WO005221,M23B,2026-01-17 04:43:00,calibration,178.3
WO005222,M27B,2026-03-05 04:52:00,inspection,56.9
WO005223,M09A,2026-01-08 20:32:00,inspection,148.7
WO005224,M04A,2026-07-11 21:55:00,PM,17.6
WO005225,M07A,2026-01-12 00:12:00,PM,73.4
WO005226,M08A,2026-09-13 07:25:00,corrective,121.5
WO005227,M09A,2026-06-05 16:58:00,corrective,40.2
WO005228,M26B,2026-08-30 15:54:00,inspection,66.2
WO005229,M24B,2026-06-30 01:30:00,corrective,18.0
WO005230,M01A,2026-07-30 00:47:00,corrective,33.5
WO005231,M01A,2026-10-02 13:34:00,PM,71.8
WO005232,M01B,2026-07-05 05:19:00,corrective,54.6
WO005233,M13A,2026-03-22 04:44:00,inspection,113.2
WO005234,M27A,2026-08-09 08:18:00,PM,5.1
WO005235,M08B,2026-05-17 14:28:00,PM,42.7
WO005236,M25B,2026-05-22 23:34:00,calibration,81.7
WO005237,M09A,2026-07-20 18:18:00,PM,39.5
WO005238,M11A,2026-01-22 16:35:00,PM,211.2
WO005239,M23B,2026-01-05 12:58:00,corrective,53.3
WO005240,M12A,2026-10-21 21:56:00,PM,69.3
WO005241,M11B,2026-07-20 23:54:00,corrective,13.8
WO005242,M23B,2026-02-06 11:12:00,inspection,61.7
WO005243,M24A,2026-02-17 06:04:00,inspection,68.5
WO005244,M04A,2026-03-03 05:24:00,corrective,71.0
WO005245,M06B,2026-05-14 05:59:00,PM,22.9
WO005246,M15B,2026-08-21 04:32:00,PM,124.9
WO005247,M24B,2026-04-07 23:40:00,corrective,24.0
WO005248,M14A,2026-04-21 04:36:00,inspection,179.9
WO005249,M18B,2026-06-30 11:50:00,PM,33.3
WO005250,M05B,2026-06-22 14:47:00,inspection,32.9
WO005251,M28B,2026-06-01 06:35:00,PM,67.1
WO005252,M10B,2026-04-12 03:55:00,PM,164.2
WO005253,M27B,2026-01-10 14:14:00,corrective,12.2
WO005254,M26B,2026-01-05 18:58:00,PM,59.9
WO005255,M25B,2026-05-05 00:57:00,corrective,64.3
WO005256,M02B,2026-03-05 23:00:00,calibration,59.1
WO005257,M23A,2026-07-20 15:59:00,PM,78.0
WO005258,M15A,2026-09-23 23:54:00,PM,89.1
WO005259,M08B,2026-01-07 21:58:00,calibration,44.4
WO005260,M06B,2026-02-09 21:27:00,corrective,60.4
WO005261,M17B,2026-08-20 07:27:00,PM,75.5
WO005262,M28B,2026-03-18 13:07:00,PM,53.2
WO005263,M22B,2026-04-30 07:10:00,calibration,10.1
WO005264,M04B,2026-01-20 13:22:00,calibration,90.0
WO005265,M05A,2026-05-31 21:10:00,PM,77.3
WO005266,M06A,2026-02-10 08:03:00,corrective,110.3
WO005267,M13A,2026-04-01 21:03:00,PM,13.7
WO005268,M04A,2026-01-12 16:54:00,corrective,35.8
WO005269,M16A,2026-08-13 00:26:00,PM,66.7
WO005270,M03B,2026-06-28 22:05:00,calibration,159.6
WO005271,M15A,2026-10-20 11:57:00,inspection,54.1
WO005272,M18A,2026-07-03 21:01:00,PM,69.1
WO005273,M20B,2026-03-15 13:51:00,PM,47.3
WO005274,M01A,2026-05-21 17:46:00,PM,89.6
WO005275,M20B,2026-07-15 11:48:00,PM,39.4
WO005276,M18B,2026-01-24 03:21:00,PM,31.2
WO005277,M04B,2026-01-12 21:02:00,PM,26.8
WO005278,M27A,2026-07-05 11:50:00,PM,36.5
WO005279,M11B,2026-05-15 20:58:00,corrective,130.0
WO005280,M03A,2026-01-31 03:10:00,PM,72.0
WO005281,M04A,2026-03-26 16:13:00,corrective,43.0
WO005282,M20B,2026-03-26 02:52:00,calibration,93.3
WO005283,M02A,2026-01-16 08:06:00,corrective,81.5
WO005284,M17B,2026-01-04 19:12:00,PM,30.4
WO005285,M27A,2026-04-13 23:30:00,corrective,50.1
WO005286,M07B,2026-01-31 18:39:00,inspection,180.7
WO005287,M27A,2026-05-06 23:46:00,PM,111.7
WO005288,M05B,2026-08-06 23:13:00,PM,103.7
WO005289,M26A,2026-05-25 12:40:00,PM,36.5
WO005290,M07A,2026-09-17 15:12:00,corrective,107.0
WO005291,M01A,2026-01-18 00:21:00,PM,76.0
WO005292,M25B,2026-09-15 17:15:00,PM,19.5
WO005293,M14B,2026-01-31 02:10:00,corrective,54.0
WO005294,M15B,2026-03-11 11:02:00,calibration,74.2
WO005295,M03B,2026-03-02 14:13:00,corrective,38.7
WO005296,M16A,2026-09-17 05:15:00,PM,62.4
WO005297,M25A,2026-03-07 07:21:00,PM,44.3
WO005298,M13B,2026-09-23 22:10:00,PM,19.3
WO005299,M09A,2026-07-27 21:15:00,PM,55.6
WO005300,M15A,2026-06-12 05:42:00,corrective,49.4
WO005301,M28B,2026-04-05 13:13:00,corrective,21.7
WO005302,M26A,2026-09-02 21:04:00,inspection,35.1
WO005303,M25A,2026-02-24 18:41:00,PM,5.8
WO005304,M07A,2026-03-09 12:06:00,inspection,42.1
WO005305,M10B,2026-04-04 02:02:00,PM,57.7
WO005306,M01B,2026-03-03 20:15:00,calibration,24.4
WO005307,M22B,2026-03-11 20:51:00,PM,51.2
WO005308,M23A,2026-06-14 20:35:00,PM,158.7
WO005309,M26B,2026-06-19 04:50:00,PM,41.5
WO005310,M12B,2026-04-14 09:21:00,corrective,118.6
WO005311,M22B,2026-06-21 11:32:00,corrective,43.1
WO005312,M06B,2026-03-17 02:38:00,PM,64.0
WO005313,M22A,2026-02-06 23:11:00,corrective,84.3
WO005314,M03A,2026-08-27 05:59:00,corrective,74.1
WO005315,M15A,2026-10-19 20:44:00,corrective,41.1
WO005316,M06B,2026-06-19 12:38:00,inspection,49.3
WO005317,M23B,2026-04-25 11:05:00,PM,22.9
WO005318,M26A,2026-06-01 07:37:00,corrective,8.9
WO005319,M05A,2026-01-19 07:02:00,PM,55.2
WO005320,M17B,2026-10-20 10:23:00,inspection,105.3
WO005321,M10B,2026-05-16 11:57:00,calibration,16.2
WO005322,M15A,2026-03-31 07:38:00,calibration,68.7
WO005323,M28B,2026-03-03 21:18:00,PM,45.9
WO005324,M11B,2026-10-03 08:46:00,PM,11.9
WO005325,M19A,2026-04-21 15:09:00,calibration,107.8
WO005326,M01A,2026-01-29 18:08:00,calibration,106.4
WO005327,M17A,2026-02-03 16:33:00,corrective,25.6
WO005328,M05A,2026-02-04 00:30:00,calibration,19.2
WO005329,M26A,2026-03-09 10:02:00,PM,33.3
WO005330,M13A,2026-05-21 16:46:00,corrective,57.0
WO005331,M23A,2026-07-19 06:26:00,inspection,17.2
WO005332,M13B,2026-07-04 11:01:00,PM,26.0
WO005333,M22B,2026-04-28 19:36:00,calibration,12.1
WO005334,M02B,2026-04-17 00:30:00,PM,14.1
WO005335,M16A,2026-10-16 14:48:00,PM,174.3
WO005336,M05B,2026-10-01 04:52:00,calibration,30.2
WO005337,M15A,2026-08-22 19:42:00,PM,11.9
WO005338,M17B,2026-06-05 06:07:00,corrective,28.6
WO005339,M02A,2026-07-04 15:09:00,calibration,76.1
WO005340,M23A,2026-07-30 19:12:00,PM,60.2
WO005341,M14A,2026-03-27 19:59:00,inspection,44.7
WO005342,M19A,2026-04-23 09:54:00,inspection,12.2
WO005343,M10B,2026-05-25 14:33:00,corrective,19.8
WO005344,M28A,2026-01-24 12:48:00,PM,17.9
WO005345,M14B,2026-09-16 23:02:00,corrective,68.1
WO005346,M18A,2026-03-16 05:58:00,corrective,29.7
WO005347,M16B,2026-07-23 18:25:00,PM,74.9
WO005348,M05A,2026-02-24 00:46:00,inspection,45.0
WO005349,M09A,2026-08-05 04:12:00,calibration,62.6
WO005350,M27B,2026-02-09 04:55:00,PM,7.4
WO005351,M20A,2026-10-09 20:47:00,corrective,40.2
WO005352,M03B,2026-01-23 05:08:00,PM,43.0
WO005353,M28B,2026-09-03 12:39:00,corrective,25.3
WO005354,M02A,2026-08-05 03:24:00,PM,60.4
WO005355,M16A,2026-08-18 13:27:00,PM,53.0
WO005356,M03B,2026-01-04 05:18:00,inspection,51.5
WO005357,M26B,2026-06-06 06:01:00,PM,60.4
WO005358,M10B,2026-04-06 04:26:00,PM,111.3
WO005359,M07B,2026-06-09 04:05:00,corrective,70.0
WO005360,M12B,2026-01-30 17:44:00,PM,29.2
WO005361,M17A,2026-06-12 05:11:00,PM,84.9
WO005362,M02A,2026-01-02 23:55:00,PM,47.8
WO005363,M20A,2026-08-19 15:56:00,PM,71.8
WO005364,M08A,2026-06-01 12:14:00,PM,56.3
WO005365,M09B,2026-05-26 05:51:00,PM,97.8
WO005366,M26A,2026-06-29 07:56:00,calibration,17.5
WO005367,M17A,2026-01-16 12:08:00,PM,5.0
WO005368,M06A,2026-06-21 12:58:00,inspection,60.3
WO005369,M06B,2026-02-06 14:41:00,PM,51.9
WO005370,M26B,2026-06-16 01:41:00,calibration,68.0
WO005371,M22A,2026-09-21 18:04:00,PM,166.4
WO005372,M04B,2026-05-29 11:51:00,corrective,135.1
WO005373,M22A,2026-01-11 10:12:00,inspection,269.3
WO005374,M01B,2026-01-24 00:33:00,PM,37.2
WO005375,M26A,2026-08-24 08:06:00,corrective,89.1
WO005376,M28A,2026-08-11 06:06:00,PM,35.7
WO005377,M18A,2026-03-21 05:13:00,calibration,47.5
WO005378,M04A,2026-07-29 09:47:00,inspection,53.6
WO005379,M06B,2026-02-27 00:05:00,PM,74.8
WO005380,M10A,2026-09-01 14:23:00,inspection,34.1
WO005381,M15B,2026-01-31 06:41:00,inspection,51.9
WO005382,M02B,2026-05-20 18:53:00,inspection,47.4
WO005383,M14A,2026-10-11 13:09:00,inspection,53.8
WO005384,M18B,2026-01-27 04:01:00,PM,28.1
WO005385,M23B,2026-08-15 05:20:00,corrective,42.8
WO005386,M13A,2026-03-16 20:31:00,PM,26.5
WO005387,M22B,2026-04-11 19:22:00,corrective,45.9
WO005388,M09B,2026-01-21 06:21:00,corrective,59.9
WO005389,M14B,2026-01-28 23:41:00,calibration,31.0
WO005390,M07B,2026-07-30 12:37:00,inspection,119.4
WO005391,M11A,2026-09-05 04:27:00,calibration,35.8
WO005392,M15B,2026-09-30 07:26:00,calibration,5.0
WO005393,M12A,2026-08-26 13:53:00,corrective,106.0
WO005394,M08A,2026-09-08 15:58:00,PM,67.6
WO005395,M21A,2026-07-26 08:57:00,calibration,16.4
WO005396,M10B,2026-06-18 21:35:00,corrective,63.6
WO005397,M17A,2026-08-01 10:54:00,corrective,35.7
WO005398,M02B,2026-09-15 03:25:00,PM,27.8
WO005399,M12B,2026-07-15 19:46:00,PM,39.7
WO005400,M06B,2026-04-20 17:01:00,corrective,94.2
WO005401,M15B,2026-01-28 18:30:00,calibration,87.3
WO005402,M14B,2026-10-05 00:22:00,inspection,54.5
WO005403,M09B,2026-05-21 21:29:00,corrective,126.1
WO005404,M13B,2026-07-14 10:37:00,inspection,77.3
WO005405,M19B,2026-03-13 02:19:00,corrective,183.2
WO005406,M05B,2026-01-20 21:08:00,PM,75.4
WO005407,M09B,2026-06-15 10:52:00,PM,105.4
WO005408,M12A,2026-10-13 06:37:00,PM,162.2
WO005409,M19B,2026-02-21 01:06:00,calibration,46.5
WO005410,M02A,2026-07-24 07:20:00,inspection,36.1
WO005411,M12B,2026-09-20 13:33:00,corrective,47.6
WO005412,M20A,2026-09-04 02:22:00,calibration,44.4
WO005413,M09B,2026-01-15 18:21:00,corrective,31.5
WO005414,M14A,2026-04-22 07:12:00,PM,32.6
WO005415,M21A,2026-06-10 21:29:00,inspection,25.0
WO005416,M04A,2026-01-10 17:24:00,PM,64.2
WO005417,M23B,2026-07-24 04:47:00,PM,127.1
WO005418,M18B,2026-06-14 23:01:00,PM,16.6
WO005419,M16A,2026-05-14 17:58:00,PM,47.3
WO005420,M09A,2026-07-18 01:01:00,corrective,39.9
WO005421,M04A,2026-10-24 20:59:00,inspection,127.4
WO005422,M16B,2026-06-22 22:58:00,calibration,39.5
WO005423,M13B,2026-07-24 20:29:00,corrective,112.1
WO005424,M10B,2026-06-05 14:18:00,corrective,84.7
WO005425,M08A,2026-09-01 06:14:00,corrective,33.6
WO005426,M23A,2026-05-30 20:25:00,inspection,143.6
WO005427,M22A,2026-09-18 11:14:00,corrective,102.2
WO005428,M06B,2026-02-23 21:02:00,PM,111.7
WO005429,M24B,2026-04-02 04:39:00,inspection,30.3
WO005430,M07B,2026-09-04 16:02:00,PM,77.7
WO005431,M11B,2026-06-26 05:59:00,PM,21.5
WO005432,M19B,2026-07-26 22:35:00,calibration,23.9
WO005433,M04A,2026-06-26 07:18:00,PM,63.2
WO005434,M06B,2026-07-21 16:25:00,PM,62.6
WO005435,M14A,2026-01-06 15:43:00,corrective,57.5
WO005436,M02A,2026-04-03 12:39:00,PM,48.6
WO005437,M12A,2026-08-19 22:43:00,inspection,66.9
WO005438,M21B,2026-09-17 11:51:00,calibration,46.0
WO005439,M03A,2026-03-01 06:15:00,inspection,127.0
WO005440,M28A,2026-10-14 22:35:00,calibration,119.4
WO005441,M09A,2026-09-16 17:21:00,PM,16.1
WO005442,M18B,2026-01-14 06:11:00,corrective,171.6
WO005443,M08B,2026-01-19 04:29:00,inspection,8.8
WO005444,M03A,2026-05-21 22:36:00,PM,22.6
WO005445,M24A,2026-04-18 14:09:00,inspection,45.1
WO005446,M13A,2026-07-01 07:20:00,PM,144.4
WO005447,M09B,2026-10-20 09:17:00,corrective,54.2
WO005448,M10B,2026-01-26 23:15:00,PM,17.8
WO005449,M25A,2026-07-04 13:55:00,PM,175.7
WO005450,M21A,2026-09-09 16:13:00,calibration,79.3
WO005451,M09B,2026-01-22 16:41:00,inspection,73.4
WO005452,M16B,2026-01-08 17:44:00,PM,76.4
WO005453,M19A,2026-06-06 10:53:00,PM,186.1
WO005454,M07A,2026-09-23 16:59:00,PM,73.3
WO005455,M22A,2026-03-15 17:21:00,inspection,86.3
WO005456,M09A,2026-08-02 15:20:00,calibration,47.7
WO005457,M14B,2026-01-03 14:08:00,PM,40.7
WO005458,M14B,2026-08-30 12:17:00,PM,111.9
WO005459,M22A,2026-10-10 09:59:00,PM,89.1
WO005460,M04B,2026-05-01 08:06:00,PM,41.8
WO005461,M11A,2026-03-12 13:05:00,calibration,51.7
WO005462,M15A,2026-03-29 06:16:00,PM,67.1
WO005463,M03A,2026-06-11 12:27:00,PM,26.3
WO005464,M23B,2026-03-29 12:43:00,PM,105.4
WO005465,M08A,2026-09-15 07:08:00,PM,40.1
WO005466,M21B,2026-05-31 07:58:00,PM,92.8
WO005467,M04A,2026-10-27 07:59:00,calibration,109.8
WO005468,M19B,2026-02-08 19:16:00,PM,41.6
WO005469,M14A,2026-09-13 15:40:00,PM,29.9
WO005470,M16A,2026-09-13 22:36:00,PM,48.3
WO005471,M05B,2026-02-16 23:52:00,inspection,5.0
WO005472,M19B,2026-04-26 23:14:00,corrective,59.2
WO005473,M06A,2026-04-22 14:03:00,corrective,43.7
WO005474,M04A,2026-04-11 11:40:00,corrective,114.8
WO005475,M13A,2026-05-16 16:03:00,PM,124.9
WO005476,M25B,2026-02-28 00:25:00,corrective,55.5
WO005477,M17B,2026-10-14 04:08:00,PM,56.8
WO005478,M09B,2026-07-28 22:10:00,calibration,78.7
WO005479,M25B,2026-05-03 22:21:00,corrective,19.6
WO005480,M27A,2026-04-05 22:40:00,PM,106.4
WO005481,M25A,2026-04-11 21:41:00,calibration,66.5
WO005482,M26A,2026-04-24 13:10:00,corrective,44.9
WO005483,M26B,2026-10-07 03:31:00,inspection,47.0
WO005484,M10B,2026-05-31 07:51:00,corrective,21.3
WO005485,M17B,2026-01-15 18:57:00,calibration,58.2
WO005486,M05A,2026-09-02 21:49:00,PM,53.7
WO005487,M12A,2026-09-01 00:18:00,corrective,46.2
WO005488,M10A,2026-04-20 22:38:00,PM,84.3
WO005489,M22A,2026-01-03 17:15:00,corrective,184.4
WO005490,M01A,2026-09-08 06:42:00,calibration,49.3
WO005491,M18A,2026-04-28 19:42:00,inspection,39.0
WO005492,M21A,2026-07-30 00:26:00,PM,30.8
WO005493,M02B,2026-04-05 11:49:00,PM,39.3
WO005494,M20A,2026-04-22 01:14:00,inspection,64.0
WO005495,M22B,2026-07-11 00:29:00,calibration,47.9
WO005496,M18A,2026-10-05 15:12:00,PM,174.1
WO005497,M23A,2026-09-20 13:23:00,PM,16.8
WO005498,M16A,2026-02-16 06:55:00,corrective,53.1
WO005499,M25B,2026-05-06 11:52:00,PM,76.2
WO005500,M26A,2026-02-07 04:08:00,PM,51.1
WO005501,M08B,2026-05-06 06:16:00,inspection,90.3
WO005502,M26B,2026-01-15 15:56:00,PM,7.9
WO005503,M09B,2026-06-08 15:06:00,PM,52.4
WO005504,M14B,2026-03-17 18:44:00,calibration,117.8
WO005505,M13A,2026-10-07 02:43:00,PM,150.7
WO005506,M16A,2026-10-17 05:53:00,inspection,15.8
WO005507,M03A,2026-02-20 05:58:00,calibration,15.5
WO005508,M07A,2026-08-02 17:21:00,corrective,59.1
WO005509,M16A,2026-01-27 03:43:00,PM,35.9
WO005510,M04A,2026-04-10 02:19:00,corrective,39.1
WO005511,M04B,2026-03-17 07:51:00,PM,26.3
WO005512,M21A,2026-08-31 11:08:00,PM,12.0
WO005513,M20A,2026-02-20 16:52:00,inspection,72.0
WO005514,M08B,2026-09-27 17:12:00,calibration,42.1
WO005515,M25A,2026-05-24 05:40:00,PM,133.3
WO005516,M12A,2026-02-20 00:12:00,inspection,13.6
WO005517,M18B,2026-04-05 18:17:00,PM,39.9
WO005518,M25A,2026-09-27 12:58:00,inspection,50.1
WO005519,M24A,2026-02-14 17:00:00,corrective,140.2
WO005520,M20A,2026-08-03 20:09:00,corrective,113.6
WO005521,M07A,2026-01-21 02:08:00,calibration,37.5
WO005522,M10B,2026-07-07 19:25:00,corrective,41.2
WO005523,M12B,2026-04-03 20:19:00,PM,25.6
WO005524,M13A,2026-10-17 06:37:00,calibration,41.6
WO005525,M12A,2026-02-20 00:57:00,PM,38.5
WO005526,M14A,2026-09-05 03:06:00,PM,34.7
WO005527,M26B,2026-03-27 01:42:00,PM,11.8
WO005528,M26A,2026-02-24 22:39:00,corrective,32.4
WO005529,M25A,2026-08-04 22:34:00,inspection,10.2
WO005530,M14A,2026-03-10 05:40:00,PM,108.8
WO005531,M07A,2026-06-06 18:21:00,PM,57.3
WO005532,M25B,2026-09-10 07:00:00,corrective,73.2
WO005533,M03A,2026-05-10 20:47:00,PM,19.7
WO005534,M20A,2026-01-07 10:12:00,PM,97.1
WO005535,M04B,2026-02-11 20:10:00,corrective,113.4
WO005536,M22B,2026-08-21 18:47:00,PM,55.7
WO005537,M16B,2026-08-29 04:51:00,corrective,47.4
WO005538,M02A,2026-08-08 10:36:00,corrective,71.0
WO005539,M04A,2026-01-10 22:16:00,PM,98.2
WO005540,M03A,2026-08-02 05:34:00,inspection,115.0
WO005541,M12B,2026-05-11 11:13:00,PM,19.6
WO005542,M28A,2026-01-16 19:33:00,PM,71.9
WO005543,M09A,2026-05-05 19:16:00,PM,24.2
WO005544,M11A,2026-02-09 03:42:00,corrective,40.7
WO005545,M23B,2026-01-10 13:53:00,PM,35.7
WO005546,M09A,2026-07-04 15:44:00,PM,332.7
WO005547,M11B,2026-08-18 21:22:00,PM,86.6
WO005548,M21B,2026-05-25 19:49:00,PM,20.2
WO005549,M11A,2026-09-22 07:35:00,PM,97.5
WO005550,M28B,2026-01-25 08:51:00,calibration,41.1
WO005551,M07A,2026-02-10 11:04:00,PM,64.6
WO005552,M19B,2026-06-21 16:47:00,PM,117.8
WO005553,M01A,2026-02-02 18:45:00,inspection,19.8
WO005554,M26B,2026-06-01 10:14:00,PM,59.8
WO005555,M01A,2026-10-20 02:49:00,PM,29.3
WO005556,M12A,2026-04-01 05:43:00,corrective,79.3
WO005557,M19A,2026-09-25 08:38:00,PM,53.3
WO005558,M26A,2026-05-06 11:19:00,PM,65.8
WO005559,M05B,2026-06-30 01:22:00,PM,64.3
WO005560,M24B,2026-02-02 11:56:00,calibration,85.2
WO005561,M03B,2026-04-27 19:24:00,PM,100.5
WO005562,M06B,2026-10-17 18:26:00,calibration,8.7
WO005563,M28A,2026-01-30 13:23:00,corrective,108.1
WO005564,M09A,2026-07-25 02:42:00,PM,82.1
WO005565,M03A,2026-09-21 03:36:00,corrective,24.5
WO005566,M16B,2026-07-16 14:18:00,inspection,70.6
WO005567,M02A,2026-03-30 04:18:00,calibration,46.8
WO005568,M17A,2026-09-28 04:48:00,PM,33.5
WO005569,M10A,2026-01-20 17:11:00,PM,50.9
WO005570,M05B,2026-05-26 19:59:00,PM,36.1
WO005571,M05A,2026-06-19 07:02:00,PM,138.7
WO005572,M22A,2026-02-13 19:17:00,PM,7.9
WO005573,M27B,2026-02-25 06:11:00,corrective,41.5
WO005574,M16B,2026-07-05 19:59:00,PM,28.3
WO005575,M19B,2026-04-19 07:26:00,PM,9.7
WO005576,M13A,2026-01-27 05:52:00,PM,75.3
WO005577,M12B,2026-06-15 13:48:00,corrective,112.9
WO005578,M28A,2026-08-17 04:53:00,PM,91.6
WO005579,M14A,2026-03-12 12:24:00,inspection,63.8
WO005580,M14B,2026-08-25 17:49:00,PM,35.5
WO005581,M16A,2026-04-09 06:51:00,PM,41.6
WO005582,M25B,2026-01-20 23:58:00,PM,20.6
WO005583,M09A,2026-05-24 21:50:00,inspection,205.7
WO005584,M05A,2026-08-10 06:50:00,PM,97.2
WO005585,M19B,2026-08-03 06:51:00,inspection,50.2
WO005586,M17B,2026-07-16 15:49:00,PM,23.9
WO005587,M06B,2026-01-08 10:09:00,corrective,62.7
WO005588,M17B,2026-08-02 15:34:00,PM,109.3
WO005589,M02B,2026-04-17 13:26:00,PM,36.0
WO005590,M03B,2026-06-15 23:29:00,corrective,12.3
WO005591,M14A,2026-06-10 21:28:00,inspection,22.3
WO005592,M12A,2026-09-09 16:05:00,PM,41.4
WO005593,M19A,2026-04-03 08:48:00,inspection,93.3
WO005594,M15B,2026-05-30 01:52:00,inspection,51.3
WO005595,M17A,2026-09-25 13:08:00,PM,45.7
WO005596,M16B,2026-05-04 07:00:00,calibration,63.2
WO005597,M04A,2026-08-02 01:23:00,PM,7.9
WO005598,M12A,2026-02-09 11:12:00,calibration,40.2
WO005599,M28A,2026-09-05 16:24:00,corrective,31.5
WO005600,M28B,2026-05-04 20:28:00,calibration,91.0
WO005601,M22A,2026-04-17 06:30:00,inspection,21.6
WO005602,M14A,2026-01-13 08:00:00,corrective,43.0
WO005603,M21A,2026-02-22 21:36:00,corrective,17.4
WO005604,M09A,2026-08-27 14:30:00,PM,136.4
WO005605,M09B,2026-10-01 08:53:00,corrective,18.5
WO005606,M01A,2026-04-04 21:22:00,PM,259.6
WO005607,M11B,2026-07-17 01:07:00,inspection,7.7
WO005608,M12A,2026-10-02 18:38:00,PM,12.1
WO005609,M14B,2026-05-28 11:10:00,inspection,50.2
WO005610,M09A,2026-09-28 05:49:00,PM,103.9
WO005611,M26B,2026-10-08 12:00:00,PM,45.5
WO005612,M11A,2026-09-16 21:25:00,corrective,6.4
WO005613,M28B,2026-06-04 01:09:00,calibration,74.4
WO005614,M18A,2026-06-05 06:57:00,PM,56.0
WO005615,M27A,2026-08-18 05:14:00,calibration,45.2
WO005616,M04B,2026-09-18 16:49:00,corrective,65.8
WO005617,M02B,2026-09-19 19:28:00,PM,16.2
WO005618,M24B,2026-03-21 08:16:00,inspection,23.3
WO005619,M20A,2026-04-05 23:14:00,inspection,48.9
WO005620,M15A,2026-02-15 09:02:00,calibration,50.6
WO005621,M14B,2026-06-24 02:48:00,PM,14.7
WO005622,M16A,2026-09-17 13:53:00,corrective,15.3
WO005623,M20B,2026-06-16 01:34:00,PM,45.8
WO005624,M22A,2026-05-18 05:52:00,inspection,10.4
WO005625,M28A,2026-04-16 20:27:00,PM,58.9
WO005626,M17A,2026-05-23 09:44:00,inspection,30.9
WO005627,M22B,2026-09-26 02:29:00,PM,117.1
WO005628,M24B,2026-06-28 03:47:00,PM,59.1
WO005629,M28A,2026-07-25 01:14:00,PM,80.9
WO005630,M06A,2026-02-09 10:05:00,corrective,71.2
WO005631,M15B,2026-09-10 19:45:00,calibration,24.2
WO005632,M28A,2026-10-19 15:07:00,calibration,30.7
WO005633,M06B,2026-06-19 12:21:00,PM,95.2
WO005634,M02B,2026-09-17 02:54:00,corrective,5.0
WO005635,M24B,2026-04-20 09:39:00,PM,16.7
WO005636,M01B,2026-04-24 00:16:00,PM,75.1
WO005637,M14A,2026-01-15 16:15:00,PM,64.6
WO005638,M06B,2026-09-23 15:45:00,PM,19.5
WO005639,M05B,2026-02-08 05:38:00,inspection,85.9
WO005640,M18B,2026-03-28 13:40:00,PM,177.9
WO005641,M18A,2026-06-12 21:12:00,calibration,16.8
WO005642,M09A,2026-06-16 07:45:00,PM,93.3
WO005643,M10A,2026-07-29 11:19:00,inspection,101.0
WO005644,M28B,2026-06-07 08:31:00,calibration,51.5
WO005645,M27B,2026-06-19 22:03:00,calibration,47.5
WO005646,M11B,2026-02-07 15:12:00,corrective,24.7
WO005647,M28B,2026-09-04 02:29:00,PM,34.4
WO005648,M01A,2026-08-06 04:23:00,PM,122.5
WO005649,M28A,2026-01-13 01:55:00,PM,44.8
WO005650,M20B,2026-10-10 12:42:00,PM,32.5
WO005651,M25A,2026-04-04 10:04:00,inspection,83.8
WO005652,M25A,2026-08-06 07:52:00,inspection,75.5
WO005653,M01B,2026-04-09 23:24:00,PM,54.0
WO005654,M25A,2026-10-18 08:49:00,PM,87.0
WO005655,M18A,2026-03-19 09:19:00,PM,198.0
WO005656,M23A,2026-07-24 21:40:00,corrective,90.8
WO005657,M02A,2026-10-06 06:16:00,calibration,195.3
WO005658,M18B,2026-05-17 08:02:00,corrective,16.9
WO005659,M08A,2026-08-29 21:55:00,PM,9.6
WO005660,M27B,2026-07-06 13:49:00,inspection,132.0
WO005661,M18A,2026-04-29 04:47:00,PM,57.3
WO005662,M17B,2026-07-07 10:50:00,inspection,26.1
WO005663,M01B,2026-02-07 22:12:00,PM,36.8
WO005664,M20A,2026-07-10 20:29:00,corrective,102.9
WO005665,M27B,2026-09-20 21:30:00,PM,58.1
WO005666,M17A,2026-04-04 05:19:00,PM,7.8
WO005667,M08B,2026-04-30 20:01:00,corrective,5.0
WO005668,M25A,2026-01-23 05:07:00,calibration,39.5
WO005669,M23A,2026-05-18 09:26:00,calibration,21.5
WO005670,M21B,2026-05-15 08:51:00,inspection,72.5
WO005671,M24A,2026-10-26 05:42:00,PM,77.6
WO005672,M25B,2026-02-12 08:49:00,calibration,140.0
WO005673,M11A,2026-10-27 15:59:00,PM,52.3
WO005674,M27A,2026-08-06 05:19:00,corrective,101.7
WO005675,M01B,2026-01-01 22:58:00,PM,156.6
WO005676,M15B,2026-10-07 14:46:00,calibration,154.8
WO005677,M02A,2026-04-09 01:03:00,PM,88.6
WO005678,M21B,2026-07-14 15:10:00,PM,100.6
WO005679,M15B,2026-03-22 11:19:00,inspection,32.5
WO005680,M14B,2026-08-09 03:19:00,PM,19.0
WO005681,M22B,2026-05-07 13:12:00,inspection,77.4
WO005682,M04A,2026-01-29 21:11:00,inspection,16.3
WO005683,M09B,2026-05-27 08:24:00,PM,46.0
WO005684,M21B,2026-05-01 01:25:00,inspection,38.5
WO005685,M24A,2026-01-21 12:42:00,inspection,104.8
WO005686,M22B,2026-07-16 01:30:00,inspection,22.9
WO005687,M04B,2026-01-11 22:52:00,PM,36.0
WO005688,M03B,2026-04-16 19:45:00,PM,53.8
WO005689,M01A,2026-10-06 01:06:00,calibration,52.2
WO005690,M17B,2026-02-17 14:50:00,PM,211.7
WO005691,M10A,2026-02-16 22:14:00,PM,99.2
WO005692,M21B,2026-04-05 16:36:00,calibration,18.3
WO005693,M03A,2026-07-02 02:24:00,calibration,98.8
WO005694,M27A,2026-01-01 00:52:00,corrective,48.8
WO005695,M17B,2026-07-01 10:16:00,calibration,95.0
WO005696,M20A,2026-01-14 03:59:00,PM,36.5
WO005697,M07A,2026-02-04 15:17:00,PM,68.8
WO005698,M03B,2026-05-14 05:51:00,PM,99.6
WO005699,M24B,2026-01-07 07:47:00,PM,53.9
WO005700,M09B,2026-10-27 17:29:00,inspection,68.5
WO005701,M22A,2026-09-07 05:54:00,PM,42.8
WO005702,M16A,2026-06-24 03:38:00,PM,66.0
WO005703,M02A,2026-08-06 03:41:00,corrective,46.9
WO005704,M24B,2026-07-13 22:10:00,inspection,48.4
WO005705,M22A,2026-08-18 20:34:00,corrective,25.5
WO005706,M02A,2026-03-26 22:20:00,calibration,74.0
WO005707,M21A,2026-08-05 11:32:00,PM,86.1
WO005708,M01B,2026-05-31 16:38:00,inspection,39.8
WO005709,M18A,2026-06-23 06:09:00,PM,20.0
WO005710,M24B,2026-05-27 13:01:00,corrective,11.7
WO005711,M17A,2026-02-14 22:46:00,PM,36.0
WO005712,M06B,2026-10-17 04:30:00,corrective,62.0
WO005713,M17B,2026-05-16 09:23:00,calibration,68.3
WO005714,M16B,2026-01-09 18:32:00,PM,64.5
WO005715,M24A,2026-04-17 11:16:00,PM,30.0
WO005716,M16B,2026-05-18 18:23:00,PM,19.5
WO005717,M21B,2026-07-23 09:56:00,corrective,69.4
WO005718,M17A,2026-08-20 17:03:00,calibration,79.0
WO005719,M18A,2026-05-09 09:44:00,PM,108.7
WO005720,M04B,2026-07-05 09:53:00,corrective,90.3
WO005721,M15A,2026-06-25 23:26:00,corrective,123.7
WO005722,M10B,2026-05-08 09:09:00,corrective,109.7
WO005723,M06B,2026-01-15 00:22:00,PM,55.3
WO005724,M21B,2026-03-15 08:51:00,PM,103.0
WO005725,M06A,2026-05-26 20:24:00,calibration,148.5
WO005726,M22B,2026-04-03 02:44:00,PM,12.1
WO005727,M14A,2026-01-15 08:53:00,inspection,21.8
WO005728,M26A,2026-10-09 23:54:00,calibration,16.0
WO005729,M16B,2026-04-20 07:36:00,calibration,64.5
WO005730,M05A,2026-07-31 16:55:00,PM,25.8
WO005731,M02B,2026-02-19 10:49:00,PM,44.8
WO005732,M28B,2026-09-25 22:13:00,PM,29.9
WO005733,M14B,2026-05-27 15:13:00,calibration,70.1
WO005734,M02A,2026-01-08 18:48:00,corrective,8.8
WO005735,M10B,2026-07-15 02:38:00,calibration,32.6
WO005736,M06B,2026-05-25 07:12:00,calibration,14.3
WO005737,M24B,2026-08-30 01:58:00,inspection,13.9
WO005738,M15B,2026-08-30 00:32:00,PM,51.9
WO005739,M01B,2026-10-07 19:59:00,calibration,27.8
WO005740,M18B,2026-07-22 14:59:00,PM,116.0
WO005741,M20B,2026-06-08 18:39:00,PM,115.2
WO005742,M09A,2026-06-15 09:01:00,PM,52.8
WO005743,M22B,2026-05-03 06:06:00,calibration,37.8
WO005744,M24B,2026-06-18 08:51:00,PM,30.6
WO005745,M02B,2026-08-28 06:43:00,corrective,42.2
WO005746,M14B,2026-09-21 21:32:00,PM,68.9
WO005747,M13A,2026-08-26 18:29:00,PM,26.0
WO005748,M17A,2026-02-08 06:05:00,PM,42.8
WO005749,M06B,2026-09-01 06:54:00,calibration,45.4
WO005750,M06B,2026-01-31 19:09:00,PM,57.1
WO005751,M10B,2026-02-08 04:05:00,PM,68.1
WO005752,M12B,2026-08-18 02:26:00,PM,37.2
WO005753,M04A,2026-07-10 05:29:00,inspection,16.5
WO005754,M16B,2026-02-21 13:12:00,PM,49.2
WO005755,M14A,2026-01-25 07:34:00,PM,100.7
WO005756,M06B,2026-07-26 00:36:00,inspection,84.4
WO005757,M09A,2026-05-13 13:43:00,calibration,36.0
WO005758,M26B,2026-04-21 09:30:00,inspection,51.1
WO005759,M02A,2026-08-02 00:14:00,corrective,42.0
WO005760,M26B,2026-05-19 11:56:00,PM,36.8
WO005761,M24B,2026-03-20 20:19:00,calibration,68.3
WO005762,M20A,2026-08-31 15:53:00,inspection,187.6
WO005763,M10B,2026-05-11 09:20:00,corrective,9.7
WO005764,M10B,2026-08-27 21:28:00,calibration,19.6
WO005765,M07A,2026-06-17 19:09:00,calibration,22.7
WO005766,M05B,2026-02-20 16:00:00,corrective,35.4
WO005767,M19B,2026-05-25 13:55:00,corrective,104.0
WO005768,M22B,2026-06-17 01:03:00,PM,76.6
WO005769,M01B,2026-05-22 19:00:00,calibration,44.9
WO005770,M26B,2026-04-26 05:22:00,PM,27.6
WO005771,M20B,2026-01-04 16:26:00,PM,34.2
WO005772,M20B,2026-10-25 11:35:00,calibration,30.3
WO005773,M15A,2026-01-03 04:44:00,calibration,30.4
WO005774,M20A,2026-03-12 14:05:00,PM,48.8
WO005775,M17A,2026-10-04 13:47:00,PM,78.8
WO005776,M05B,2026-09-29 01:19:00,corrective,103.4
WO005777,M15B,2026-02-01 08:24:00,calibration,54.5
WO005778,M04A,2026-04-22 23:12:00,corrective,60.2
WO005779,M28B,2026-06-16 19:46:00,inspection,107.4
WO005780,M11B,2026-02-20 10:10:00,PM,30.7
WO005781,M15B,2026-01-14 18:00:00,corrective,89.1
WO005782,M20A,2026-01-01 14:34:00,calibration,74.8
WO005783,M22B,2026-03-14 01:16:00,calibration,16.8
WO005784,M18B,2026-07-17 07:48:00,PM,96.7
WO005785,M23B,2026-01-16 04:39:00,inspection,70.8
WO005786,M27B,2026-09-29 01:30:00,calibration,91.8
WO005787,M26A,2026-07-12 19:53:00,PM,25.9
WO005788,M25A,2026-08-10 04:11:00,PM,94.4
WO005789,M04A,2026-09-14 06:27:00,corrective,53.2
WO005790,M02A,2026-02-07 18:11:00,calibration,51.4
WO005791,M25A,2026-05-16 12:48:00,PM,123.8
WO005792,M18A,2026-01-03 07:17:00,calibration,108.9
WO005793,M15A,2026-04-12 14:57:00,inspection,28.0
WO005794,M02A,2026-06-09 15:26:00,inspection,50.0
WO005795,M07B,2026-05-17 07:40:00,PM,25.3
WO005796,M08B,2026-07-11 14:18:00,PM,167.9
WO005797,M07A,2026-04-16 02:26:00,corrective,76.7
WO005798,M24A,2026-01-21 06:33:00,corrective,34.4
WO005799,M22B,2026-03-01 19:47:00,corrective,72.4
WO005800,M12A,2026-01-15 15:53:00,PM,22.6
WO005801,M05A,2026-10-22 05:27:00,inspection,33.3
WO005802,M15A,2026-10-11 12:36:00,corrective,67.6
WO005803,M16B,2026-04-08 09:24:00,calibration,27.8
WO005804,M04A,2026-07-29 03:06:00,calibration,30.0
WO005805,M19A,2026-07-12 09:16:00,calibration,18.7
WO005806,M06B,2026-01-16 14:41:00,corrective,33.7
WO005807,M18B,2026-08-25 17:19:00,corrective,14.3
WO005808,M15B,2026-04-30 18:12:00,calibration,102.5
WO005809,M02B,2026-04-05 07:09:00,corrective,78.7
WO005810,M06B,2026-04-12 15:02:00,corrective,200.6
WO005811,M14A,2026-01-01 20:53:00,PM,104.4
WO005812,M05A,2026-09-29 08:00:00,PM,112.1
WO005813,M12A,2026-02-05 02:10:00,inspection,141.2
WO005814,M08A,2026-08-05 02:00:00,calibration,18.9
WO005815,M20A,2026-07-07 23:29:00,corrective,145.3
WO005816,M13A,2026-03-08 20:34:00,corrective,72.6
WO005817,M27A,2026-01-24 00:42:00,PM,69.0
WO005818,M21B,2026-05-30 12:57:00,calibration,65.5
WO005819,M09A,2026-03-22 11:45:00,PM,7.6
WO005820,M02A,2026-09-18 10:20:00,calibration,41.6
WO005821,M11B,2026-01-06 17:17:00,inspection,56.9
WO005822,M25B,2026-05-04 17:55:00,inspection,83.7
WO005823,M06A,2026-08-16 11:58:00,PM,190.5
WO005824,M11B,2026-07-27 08:45:00,PM,67.8
WO005825,M21A,2026-07-15 04:43:00,calibration,66.0
WO005826,M26A,2026-02-11 00:45:00,PM,34.7
WO005827,M05B,2026-03-21 15:13:00,corrective,132.2
WO005828,M17B,2026-08-30 19:30:00,PM,67.8
WO005829,M24B,2026-04-16 11:37:00,PM,13.1
WO005830,M18B,2026-08-31 19:21:00,PM,136.0
WO005831,M15A,2026-10-25 08:57:00,calibration,106.9
WO005832,M18A,2026-02-18 08:01:00,PM,59.4
WO005833,M13A,2026-05-22 19:50:00,PM,69.5
WO005834,M17A,2026-10-11 03:38:00,corrective,54.0
WO005835,M27A,2026-02-26 00:43:00,inspection,101.3
WO005836,M15B,2026-10-13 07:11:00,PM,84.1
WO005837,M02A,2026-02-18 13:07:00,calibration,15.1
WO005838,M09A,2026-04-23 00:17:00,PM,112.6
WO005839,M21A,2026-03-03 10:24:00,inspection,88.4
WO005840,M01A,2026-05-12 14:39:00,calibration,62.7
WO005841,M01A,2026-08-20 20:34:00,corrective,100.7
WO005842,M22B,2026-10-04 22:40:00,calibration,92.0
WO005843,M28A,2026-07-28 04:39:00,calibration,70.0
WO005844,M11A,2026-03-18 14:40:00,corrective,79.7
WO005845,M04B,2026-03-29 10:02:00,PM,31.3
WO005846,M04B,2026-07-07 12:52:00,PM,154.2
WO005847,M03A,2026-04-19 11:44:00,corrective,42.3
WO005848,M23A,2026-05-23 20:45:00,calibration,72.6
WO005849,M12B,2026-08-25 07:36:00,PM,46.1
WO005850,M16B,2026-07-02 23:51:00,PM,28.8
WO005851,M10A,2026-04-03 00:42:00,calibration,67.4
WO005852,M15B,2026-05-23 14:56:00,inspection,7.8
WO005853,M07B,2026-02-26 22:14:00,corrective,39.7
WO005854,M11A,2026-05-03 18:07:00,inspection,11.1
WO005855,M14B,2026-01-04 18:12:00,inspection,50.8
WO005856,M11A,2026-07-14 07:58:00,PM,55.6
WO005857,M27A,2026-08-12 15:30:00,PM,71.5
WO005858,M23B,2026-09-20 00:15:00,corrective,30.6
WO005859,M26A,2026-07-21 11:40:00,calibration,78.0
WO005860,M05A,2026-03-26 06:02:00,PM,160.9
WO005861,M13B,2026-05-26 11:35:00,PM,47.8
WO005862,M22B,2026-10-03 10:20:00,PM,29.3
WO005863,M17B,2026-01-30 02:51:00,calibration,18.1
WO005864,M14B,2026-02-17 07:40:00,PM,79.7
WO005865,M01A,2026-06-17 22:26:00,calibration,9.0
WO005866,M19B,2026-07-21 00:55:00,PM,35.2
WO005867,M26B,2026-08-04 04:29:00,PM,41.0
WO005868,M17A,2026-04-17 04:56:00,PM,177.2
WO005869,M24A,2026-07-03 20:00:00,corrective,42.0
WO005870,M11B,2026-01-01 13:41:00,calibration,126.8
WO005871,M01B,2026-10-13 14:58:00,inspection,9.4
WO005872,M07A,2026-05-02 10:26:00,PM,59.6
WO005873,M21A,2026-04-10 03:56:00,PM,32.3
WO005874,M07B,2026-10-17 09:12:00,PM,66.5
WO005875,M17B,2026-06-01 03:41:00,corrective,48.5
WO005876,M28A,2026-03-24 20:49:00,PM,106.7
WO005877,M26A,2026-08-04 16:54:00,PM,58.9
WO005878,M24B,2026-06-16 10:31:00,corrective,62.0
WO005879,M04B,2026-09-17 12:50:00,corrective,34.1
WO005880,M21A,2026-08-19 21:26:00,PM,18.1
WO005881,M20B,2026-01-13 19:41:00,PM,35.4
WO005882,M01B,2026-09-19 07:07:00,PM,5.0
WO005883,M17A,2026-09-16 23:23:00,corrective,120.5
WO005884,M08B,2026-06-27 13:44:00,PM,61.3
WO005885,M07A,2026-08-27 17:53:00,inspection,17.3
WO005886,M06B,2026-07-06 06:33:00,PM,49.8
WO005887,M13B,2026-04-02 07:45:00,inspection,39.9
WO005888,M14B,2026-06-30 03:32:00,PM,5.2
WO005889,M02A,2026-06-26 13:28:00,PM,106.3
WO005890,M02A,2026-08-14 11:10:00,PM,10.5
WO005891,M06B,2026-02-12 12:44:00,corrective,45.1
WO005892,M20B,2026-04-04 06:58:00,inspection,14.8
WO005893,M16A,2026-02-05 18:57:00,inspection,26.8
WO005894,M14A,2026-05-02 10:20:00,PM,5.0
WO005895,M11A,2026-01-22 12:28:00,inspection,201.3
WO005896,M18A,2026-10-16 18:13:00,PM,22.8
WO005897,M12A,2026-08-04 21:10:00,inspection,32.1
WO005898,M22B,2026-09-26 19:51:00,PM,25.4
WO005899,M04B,2026-05-29 14:49:00,PM,79.4
WO005900,M13A,2026-06-29 04:04:00,corrective,51.9
WO005901,M07B,2026-01-27 18:41:00,inspection,11.7
WO005902,M21B,2026-05-28 10:37:00,calibration,52.4
WO005903,M20A,2026-08-20 21:58:00,PM,11.4
WO005904,M23B,2026-08-12 04:13:00,calibration,77.5
WO005905,M04B,2026-04-14 07:15:00,corrective,59.7
WO005906,M12A,2026-09-27 14:58:00,corrective,58.7
WO005907,M21B,2026-04-28 05:24:00,corrective,106.2
WO005908,M14B,2026-06-09 02:07:00,PM,16.3
WO005909,M20A,2026-01-31 10:44:00,PM,29.7
WO005910,M24B,2026-08-16 08:29:00,PM,22.5
WO005911,M14A,2026-09-14 18:17:00,PM,92.2
WO005912,M22B,2026-05-16 02:12:00,PM,50.6
WO005913,M05A,2026-01-07 12:21:00,calibration,124.4
WO005914,M22A,2026-05-13 22:06:00,corrective,37.1
WO005915,M03A,2026-01-10 12:54:00,PM,32.4
WO005916,M13A,2026-09-27 16:36:00,corrective,53.3
WO005917,M18B,2026-01-06 00:21:00,PM,178.4
WO005918,M10A,2026-04-09 12:20:00,PM,47.3
WO005919,M14A,2026-03-11 11:53:00,corrective,81.4
WO005920,M13A,2026-03-19 10:57:00,PM,65.3
WO005921,M16B,2026-06-25 09:40:00,calibration,20.9
WO005922,M11A,2026-01-12 10:48:00,corrective,20.4
WO005923,M28B,2026-10-10 23:48:00,corrective,17.9
WO005924,M24A,2026-09-15 11:23:00,PM,42.1
WO005925,M05B,2026-01-28 03:16:00,PM,93.0
WO005926,M05A,2026-07-31 01:00:00,corrective,127.1
WO005927,M06A,2026-03-30 06:16:00,inspection,41.8
WO005928,M17B,2026-06-25 11:23:00,inspection,39.5
WO005929,M22B,2026-02-07 14:21:00,calibration,58.7
WO005930,M08B,2026-09-30 05:57:00,calibration,67.2
WO005931,M09A,2026-04-20 08:54:00,corrective,74.8
WO005932,M11B,2026-06-23 14:38:00,calibration,31.3
WO005933,M28A,2026-05-09 09:46:00,PM,56.5
WO005934,M05B,2026-01-16 02:53:00,PM,103.5
WO005935,M09A,2026-07-26 08:10:00,PM,59.9
WO005936,M02A,2026-07-03 14:47:00,corrective,19.3
WO005937,M20B,2026-04-11 00:10:00,inspection,26.5
WO005938,M21B,2026-06-27 02:55:00,calibration,94.3
WO005939,M15A,2026-08-27 01:37:00,PM,116.2
WO005940,M16B,2026-02-24 20:17:00,PM,147.6
WO005941,M01B,2026-05-18 07:46:00,PM,47.2
WO005942,M06A,2026-05-30 18:39:00,corrective,62.4
WO005943,M14B,2026-05-07 23:02:00,inspection,100.3
WO005944,M21B,2026-03-24 12:07:00,corrective,49.1
WO005945,M26A,2026-04-01 14:15:00,PM,46.0
WO005946,M06A,2026-01-12 20:57:00,PM,17.9
WO005947,M06A,2026-06-13 04:08:00,PM,73.8
WO005948,M18B,2026-09-24 18:44:00,PM,41.0
WO005949,M13A,2026-07-09 08:40:00,PM,50.3
WO005950,M04B,2026-07-26 23:26:00,PM,29.4
WO005951,M14B,2026-07-15 01:30:00,calibration,69.2
WO005952,M17B,2026-07-18 12:30:00,PM,173.3
WO005953,M07A,2026-08-07 23:25:00,calibration,50.7
WO005954,M24A,2026-08-16 03:14:00,PM,36.1
WO005955,M15A,2026-08-16 11:20:00,PM,155.5
WO005956,M08B,2026-09-26 23:12:00,calibration,46.7
WO005957,M26A,2026-07-13 00:21:00,PM,72.8
WO005958,M19B,2026-04-21 10:51:00,PM,44.9
WO005959,M22A,2026-09-20 20:16:00,PM,5.7
WO005960,M12A,2026-08-11 12:40:00,PM,98.7
WO005961,M21B,2026-07-13 23:16:00,calibration,40.5
WO005962,M25A,2026-03-04 12:14:00,PM,74.0
WO005963,M25B,2026-01-20 22:40:00,calibration,47.5
WO005964,M06B,2026-09-11 06:15:00,corrective,96.5
WO005965,M04B,2026-01-18 22:35:00,calibration,39.8
WO005966,M28B,2026-05-05 00:38:00,calibration,38.7
WO005967,M23B,2026-02-05 08:34:00,corrective,80.1
WO005968,M21A,2026-02-28 06:49:00,corrective,81.3
WO005969,M16A,2026-03-26 20:22:00,PM,18.0
WO005970,M17A,2026-01-27 12:16:00,PM,130.4
WO005971,M19B,2026-09-02 19:19:00,PM,85.8
WO005972,M01B,2026-02-19 01:21:00,corrective,45.2
WO005973,M01B,2026-07-17 01:56:00,PM,84.9
WO005974,M23A,2026-09-01 21:10:00,calibration,92.5
WO005975,M12B,2026-06-26 16:45:00,PM,30.6
WO005976,M02B,2026-08-10 14:01:00,PM,146.4
WO005977,M22A,2026-04-04 04:50:00,calibration,14.6
WO005978,M08B,2026-05-16 09:53:00,PM,15.3
WO005979,M13A,2026-01-29 16:13:00,corrective,51.4
WO005980,M13B,2026-05-25 11:57:00,PM,78.3
WO005981,M09A,2026-05-12 06:24:00,PM,79.9
WO005982,M26A,2026-02-03 11:18:00,corrective,155.8
WO005983,M05A,2026-04-13 04:19:00,corrective,44.9
WO005984,M04A,2026-01-14 19:55:00,corrective,23.7
WO005985,M22B,2026-01-31 04:08:00,calibration,72.3
WO005986,M10A,2026-01-14 07:25:00,corrective,48.5
WO005987,M25B,2026-01-03 17:02:00,corrective,28.1
WO005988,M27A,2026-01-17 11:58:00,corrective,58.6
WO005989,M18B,2026-01-12 18:47:00,PM,73.1
WO005990,M28B,2026-06-19 21:30:00,corrective,45.5
WO005991,M16B,2026-10-14 00:16:00,corrective,60.6
WO005992,M06B,2026-07-30 19:43:00,corrective,16.5
WO005993,M18A,2026-07-04 02:29:00,PM,36.3
WO005994,M21B,2026-01-25 13:11:00,PM,72.3
WO005995,M11B,2026-08-18 13:43:00,corrective,27.6
WO005996,M20A,2026-09-21 03:35:00,PM,33.1
WO005997,M03A,2026-02-03 22:49:00,calibration,139.7
WO005998,M10A,2026-01-12 03:32:00,inspection,37.7
WO005999,M12A,2026-04-09 00:15:00,calibration,91.7
WO006000,M15B,2026-04-29 20:54:00,corrective,17.6
WO006001,M09B,2026-01-30 10:57:00,PM,100.5
WO006002,M20A,2026-01-02 23:02:00,PM,67.9
WO006003,M17B,2026-01-19 06:11:00,corrective,8.2
WO006004,M16A,2026-07-09 01:12:00,PM,51.6
WO006005,M19B,2026-08-07 06:41:00,inspection,5.3
WO006006,M04A,2026-03-08 13:16:00,PM,48.8
WO006007,M17B,2026-01-05 04:21:00,PM,34.3
WO006008,M27A,2026-10-13 02:32:00,PM,43.1
WO006009,M14B,2026-01-02 20:00:00,PM,95.8
WO006010,M13A,2026-02-19 10:04:00,PM,55.7
WO006011,M10A,2026-06-22 05:53:00,corrective,178.2
WO006012,M19A,2026-03-03 09:26:00,corrective,30.9
WO006013,M21B,2026-02-16 23:07:00,corrective,76.1
WO006014,M01A,2026-02-24 20:43:00,PM,80.1
WO006015,M17A,2026-09-21 00:15:00,calibration,33.6
WO006016,M15B,2026-06-29 18:26:00,corrective,27.1
WO006017,M18A,2026-02-06 10:54:00,PM,86.8
WO006018,M23A,2026-05-25 23:27:00,calibration,25.0
WO006019,M21A,2026-02-03 06:26:00,PM,120.0
WO006020,M06A,2026-02-22 22:24:00,inspection,43.5
WO006021,M18B,2026-01-11 19:53:00,PM,118.9
WO006022,M21A,2026-10-10 12:49:00,PM,69.1
WO006023,M20A,2026-09-17 11:36:00,calibration,18.5
WO006024,M09A,2026-07-22 20:42:00,calibration,45.1
WO006025,M07A,2026-05-18 00:15:00,PM,38.6
WO006026,M27A,2026-06-24 01:34:00,PM,7.8
WO006027,M07A,2026-08-07 14:12:00,calibration,14.8
WO006028,M11B,2026-06-03 04:18:00,PM,10.7
WO006029,M09A,2026-02-05 07:45:00,PM,21.2
WO006030,M17A,2026-09-23 06:57:00,inspection,32.5
WO006031,M24B,2026-07-24 07:31:00,corrective,61.4
WO006032,M03A,2026-02-07 21:36:00,corrective,64.4
WO006033,M08A,2026-10-06 23:36:00,calibration,111.6
WO006034,M21A,2026-02-26 13:22:00,PM,121.2
WO006035,M12B,2026-02-13 14:18:00,inspection,32.3
WO006036,M10B,2026-09-19 04:30:00,PM,35.7
WO006037,M12B,2026-08-27 04:50:00,PM,70.1
WO006038,M04A,2026-09-28 08:32:00,inspection,43.4
WO006039,M18B,2026-08-04 22:02:00,PM,50.8
WO006040,M05B,2026-04-07 22:27:00,corrective,9.0
WO006041,M19A,2026-07-16 15:45:00,inspection,69.7
WO006042,M14B,2026-09-14 06:26:00,corrective,46.2
WO006043,M26B,2026-06-03 22:00:00,PM,58.9
WO006044,M10B,2026-01-17 08:21:00,PM,96.2
WO006045,M10A,2026-05-22 08:44:00,corrective,132.9
WO006046,M01A,2026-04-07 00:12:00,PM,25.8
WO006047,M05B,2026-06-29 10:20:00,corrective,50.4
WO006048,M21A,2026-08-07 15:38:00,PM,29.0
WO006049,M04B,2026-07-08 17:00:00,PM,57.2
WO006050,M22B,2026-09-29 10:00:00,calibration,51.9
WO006051,M04B,2026-10-19 06:19:00,PM,58.5
WO006052,M28B,2026-03-30 00:46:00,PM,52.3
WO006053,M01B,2026-06-12 20:03:00,inspection,19.9
WO006054,M24B,2026-08-29 16:48:00,corrective,53.5
WO006055,M02A,2026-10-20 16:28:00,inspection,16.4
WO006056,M27A,2026-01-01 09:55:00,PM,74.8
WO006057,M04A,2026-02-08 01:36:00,PM,100.1
WO006058,M24B,2026-07-14 20:05:00,calibration,44.4
WO006059,M09B,2026-02-06 06:51:00,calibration,26.2
WO006060,M23A,2026-10-05 15:40:00,corrective,60.5
WO006061,M05B,2026-03-02 11:23:00,corrective,53.4
WO006062,M21B,2026-10-13 22:22:00,calibration,24.2
WO006063,M07A,2026-09-09 00:13:00,PM,98.8
WO006064,M24A,2026-03-29 11:13:00,PM,27.9
WO006065,M21A,2026-03-27 05:00:00,inspection,48.0
WO006066,M26B,2026-10-16 14:18:00,corrective,30.9
WO006067,M28B,2026-06-11 14:02:00,calibration,31.9
WO006068,M07B,2026-08-22 16:03:00,inspection,36.4
WO006069,M21B,2026-09-09 13:46:00,PM,17.5
WO006070,M28A,2026-04-09 08:31:00,PM,14.7
WO006071,M21A,2026-08-29 01:56:00,calibration,13.3
WO006072,M21B,2026-08-04 09:02:00,corrective,28.2
WO006073,M03B,2026-03-30 07:39:00,calibration,139.1
WO006074,M25A,2026-07-23 19:47:00,inspection,25.9
WO006075,M05A,2026-06-27 20:05:00,inspection,11.3
WO006076,M27B,2026-05-25 02:21:00,PM,99.4
WO006077,M04A,2026-07-24 10:28:00,PM,57.3
WO006078,M15B,2026-01-03 04:25:00,inspection,26.5
WO006079,M09B,2026-06-02 05:46:00,inspection,58.1
WO006080,M11B,2026-10-07 15:29:00,PM,39.7
WO006081,M12B,2026-05-08 11:32:00,PM,73.6
WO006082,M06A,2026-01-13 22:41:00,PM,25.4
WO006083,M06A,2026-08-15 14:45:00,PM,42.0
WO006084,M26B,2026-10-24 04:14:00,calibration,26.8
WO006085,M13B,2026-09-25 18:52:00,corrective,85.6
WO006086,M26A,2026-07-19 10:47:00,calibration,13.1
WO006087,M03B,2026-07-10 18:40:00,PM,126.6
WO006088,M16B,2026-01-02 19:42:00,PM,21.0
WO006089,M03A,2026-08-19 05:33:00,PM,66.2
WO006090,M16B,2026-05-27 06:30:00,corrective,88.0
WO006091,M04B,2026-03-25 17:07:00,corrective,131.4
WO006092,M07B,2026-07-06 18:59:00,inspection,144.1
WO006093,M28A,2026-06-02 23:28:00,PM,77.7
WO006094,M18A,2026-06-27 00:11:00,PM,119.0
WO006095,M26A,2026-02-25 08:48:00,inspection,36.1
WO006096,M16A,2026-07-28 20:19:00,inspection,81.4
WO006097,M03B,2026-08-19 03:52:00,PM,67.1
WO006098,M10B,2026-08-08 13:20:00,calibration,131.9
WO006099,M15B,2026-06-05 06:56:00,PM,68.6
WO006100,M27B,2026-04-03 05:58:00,inspection,12.5
WO006101,M22B,2026-03-08 08:12:00,PM,64.6
WO006102,M20A,2026-03-23 08:58:00,PM,68.8
WO006103,M22A,2026-09-24 19:29:00,PM,67.5
WO006104,M24B,2026-05-23 13:34:00,corrective,78.3
WO006105,M28A,2026-10-15 12:11:00,calibration,13.8
WO006106,M15B,2026-09-04 00:31:00,inspection,116.9
WO006107,M18B,2026-10-21 03:24:00,inspection,59.7
WO006108,M14A,2026-03-15 01:21:00,corrective,54.0
WO006109,M01B,2026-10-04 07:32:00,corrective,49.2
WO006110,M12A,2026-09-17 18:28:00,corrective,45.7
WO006111,M19B,2026-06-01 20:42:00,PM,23.1
WO006112,M03A,2026-01-12 14:34:00,PM,105.4
WO006113,M24B,2026-05-11 01:54:00,inspection,58.6
WO006114,M12B,2026-07-11 22:13:00,calibration,59.0
WO006115,M10A,2026-05-10 10:04:00,corrective,62.1
WO006116,M10A,2026-05-06 19:21:00,PM,14.0
WO006117,M14A,2026-02-27 00:39:00,calibration,54.0
WO006118,M21B,2026-05-06 10:19:00,PM,86.7
WO006119,M03A,2026-05-19 22:39:00,inspection,57.1
WO006120,M06B,2026-09-13 13:14:00,PM,16.0
WO006121,M18B,2026-06-27 14:20:00,corrective,59.1
WO006122,M19A,2026-03-13 03:42:00,corrective,69.9
WO006123,M21B,2026-04-27 15:31:00,PM,56.3
WO006124,M24B,2026-10-15 17:13:00,corrective,39.8
WO006125,M19A,2026-08-21 14:40:00,PM,18.5
WO006126,M19A,2026-05-09 22:16:00,calibration,16.9
WO006127,M25A,2026-06-13 16:47:00,PM,31.1
WO006128,M12A,2026-05-15 23:17:00,corrective,102.1
WO006129,M12A,2026-01-04 03:06:00,corrective,62.1
WO006130,M20A,2026-07-13 08:43:00,PM,25.2
WO006131,M12B,2026-10-11 07:04:00,PM,31.6
WO006132,M26B,2026-02-12 17:16:00,corrective,84.3
WO006133,M07B,2026-04-16 10:50:00,calibration,151.7
WO006134,M13A,2026-09-11 18:29:00,inspection,186.9
WO006135,M26A,2026-06-09 08:11:00,PM,38.5
WO006136,M08B,2026-04-26 18:06:00,inspection,56.5
WO006137,M25A,2026-08-16 03:10:00,corrective,62.4
WO006138,M18A,2026-06-05 12:31:00,corrective,55.7
WO006139,M28A,2026-10-16 20:32:00,corrective,17.2
WO006140,M11B,2026-09-03 20:05:00,corrective,37.9
WO006141,M28B,2026-09-29 01:25:00,PM,21.8
WO006142,M05B,2026-01-27 03:25:00,inspection,14.7
WO006143,M07A,2026-08-19 19:15:00,PM,63.8
WO006144,M12A,2026-06-19 21:15:00,PM,20.6
WO006145,M24B,2026-09-03 01:12:00,inspection,51.4
WO006146,M16B,2026-10-21 09:40:00,corrective,10.9
WO006147,M14A,2026-03-04 04:55:00,inspection,57.0
WO006148,M15B,2026-08-13 23:39:00,PM,71.6
WO006149,M19B,2026-08-21 15:46:00,PM,44.4
WO006150,M28A,2026-03-19 16:28:00,inspection,76.8
WO006151,M06B,2026-08-30 21:17:00,inspection,10.2
WO006152,M12B,2026-10-16 10:24:00,corrective,14.0
WO006153,M25B,2026-08-23 11:57:00,corrective,40.3
WO006154,M07A,2026-04-16 04:00:00,PM,56.6
WO006155,M19B,2026-03-09 02:39:00,PM,74.3
WO006156,M04A,2026-09-17 02:04:00,corrective,30.8
WO006157,M17A,2026-09-19 22:11:00,inspection,19.5
WO006158,M07B,2026-01-09 17:17:00,corrective,143.4
WO006159,M07A,2026-10-21 12:08:00,PM,5.3
WO006160,M14B,2026-07-29 09:40:00,inspection,27.6
WO006161,M18B,2026-06-10 05:12:00,PM,38.9
